path	bytes	mtime_utc	provider_state	git_tracked	scope
.DS_Store	10244	2026-07-12T20:56:24Z	hidden	no	project_support
.gitattributes	303	2026-07-20T20:56:32Z	hidden	yes	project_support
.gitignore	1475	2026-07-20T20:57:39Z	hidden	yes	project_support
.impeccable.md	1259	2026-07-13T23:43:37Z	dataless,compressed,hidden	yes	project_support
.playwright-cli/console-2026-07-11T06-07-34-960Z.log	346	2026-07-11T06:07:35Z	dataless,compressed,hidden	no	generated_or_test_residue
.playwright-cli/console-2026-07-11T15-47-31-740Z.log	143	2026-07-11T15:47:31Z	dataless,compressed,hidden	no	generated_or_test_residue
.playwright-cli/console-2026-07-11T21-17-51-311Z.log	1074	2026-07-11T21:20:06Z	dataless,compressed,hidden	no	generated_or_test_residue
.playwright-cli/console-2026-07-11T21-27-08-058Z.log	143	2026-07-11T21:27:08Z	dataless,compressed,hidden	no	generated_or_test_residue
.playwright-cli/console-2026-07-11T23-27-49-180Z.log	1148	2026-07-11T23:27:51Z	dataless,compressed,hidden	no	generated_or_test_residue
.playwright-cli/console-2026-07-11T23-28-12-153Z.log	358	2026-07-11T23:28:12Z	dataless,compressed,hidden	no	generated_or_test_residue
.playwright-cli/console-2026-07-12T04-23-38-136Z.log	478	2026-07-12T04:23:38Z	dataless,compressed,hidden	no	generated_or_test_residue
.playwright-cli/console-2026-07-12T04-24-29-332Z.log	335	2026-07-12T04:24:29Z	dataless,compressed,hidden	no	generated_or_test_residue
.playwright-cli/console-2026-07-12T04-27-26-074Z.log	1005	2026-07-12T04:28:40Z	dataless,compressed,hidden	no	generated_or_test_residue
.playwright-cli/console-2026-07-12T04-29-25-939Z.log	335	2026-07-12T04:29:26Z	dataless,compressed,hidden	no	generated_or_test_residue
.playwright-cli/console-2026-07-12T15-14-38-129Z.log	1148	2026-07-12T15:15:31Z	dataless,compressed,hidden	no	generated_or_test_residue
.playwright-cli/console-2026-07-12T15-20-23-448Z.log	478	2026-07-12T15:20:24Z	dataless,compressed,hidden	no	generated_or_test_residue
.playwright-cli/console-2026-07-12T15-49-50-618Z.log	335	2026-07-12T15:49:52Z	dataless,compressed,hidden	no	generated_or_test_residue
.playwright-cli/console-2026-07-12T16-02-13-707Z.log	335	2026-07-12T16:02:14Z	dataless,compressed,hidden	no	generated_or_test_residue
.playwright-cli/console-2026-07-12T16-07-49-004Z.log	478	2026-07-12T16:07:49Z	dataless,compressed,hidden	no	generated_or_test_residue
.playwright-cli/console-2026-07-12T18-02-05-431Z.log	478	2026-07-12T18:02:06Z	dataless,compressed,hidden	no	generated_or_test_residue
.playwright-cli/console-2026-07-12T18-05-29-612Z.log	2010	2026-07-12T18:05:33Z	dataless,compressed,hidden	no	generated_or_test_residue
.playwright-cli/console-2026-07-12T19-55-21-424Z.log	1148	2026-07-12T19:56:12Z	dataless,compressed,hidden	no	generated_or_test_residue
.playwright-cli/console-2026-07-12T20-21-09-628Z.log	813	2026-07-12T20:21:11Z	dataless,compressed,hidden	no	generated_or_test_residue
.playwright-cli/console-2026-07-12T20-58-28-641Z.log	358	2026-07-12T20:58:28Z	dataless,compressed,hidden	no	generated_or_test_residue
.playwright-cli/console-2026-07-12T20-59-19-616Z.log	143	2026-07-12T21:02:44Z	dataless,compressed,hidden	no	generated_or_test_residue
.playwright-cli/console-2026-07-12T23-19-59-879Z.log	3463	2026-07-12T23:24:49Z	dataless,compressed,hidden	no	generated_or_test_residue
.playwright-cli/console-2026-07-13T00-01-16-988Z.log	475	2026-07-13T00:01:17Z	dataless,compressed,hidden	no	generated_or_test_residue
.playwright-cli/console-2026-07-13T01-33-28-980Z.log	807	2026-07-13T01:34:20Z	dataless,compressed,hidden	no	generated_or_test_residue
.playwright-cli/console-2026-07-13T01-38-37-996Z.log	664	2026-07-13T01:38:39Z	dataless,compressed,hidden	no	generated_or_test_residue
.playwright-cli/console-2026-07-13T01-47-35-837Z.log	807	2026-07-13T01:47:37Z	dataless,compressed,hidden	no	generated_or_test_residue
.playwright-cli/console-2026-07-13T02-03-52-827Z.log	807	2026-07-13T02:03:54Z	dataless,compressed,hidden	no	generated_or_test_residue
.playwright-cli/console-2026-07-13T02-06-54-523Z.log	475	2026-07-13T02:06:54Z	dataless,compressed,hidden	no	generated_or_test_residue
.playwright-cli/console-2026-07-13T02-57-34-328Z.log	4127	2026-07-13T02:59:06Z	dataless,compressed,hidden	no	generated_or_test_residue
.playwright-cli/console-2026-07-13T03-28-00-177Z.log	807	2026-07-13T03:28:02Z	dataless,compressed,hidden	no	generated_or_test_residue
.playwright-cli/console-2026-07-13T03-28-25-731Z.log	807	2026-07-13T03:28:39Z	dataless,compressed,hidden	no	generated_or_test_residue
.playwright-cli/console-2026-07-13T03-57-27-460Z.log	18265	2026-07-13T04:00:47Z	dataless,compressed,hidden	no	generated_or_test_residue
.playwright-cli/console-2026-07-13T04-25-46-671Z.log	475	2026-07-13T04:25:47Z	dataless,compressed,hidden	no	generated_or_test_residue
.playwright-cli/console-2026-07-13T15-06-44-601Z.log	1139	2026-07-13T15:10:47Z	dataless,compressed,hidden	no	generated_or_test_residue
.playwright-cli/console-2026-07-13T16-12-31-823Z.log	807	2026-07-13T16:13:34Z	dataless,compressed,hidden	no	generated_or_test_residue
.playwright-cli/console-2026-07-13T17-58-23-610Z.log	5455	2026-07-13T18:00:29Z	dataless,compressed,hidden	no	generated_or_test_residue
.playwright-cli/console-2026-07-13T18-01-48-548Z.log	332	2026-07-13T18:01:48Z	dataless,compressed,hidden	no	generated_or_test_residue
.playwright-cli/console-2026-07-13T19-20-19-983Z.log	683	2026-07-13T19:20:20Z	dataless,compressed,hidden	no	generated_or_test_residue
.playwright-cli/console-2026-07-13T20-30-36-508Z.log	683	2026-07-13T20:30:36Z	dataless,compressed,hidden	no	generated_or_test_residue
.playwright-cli/console-2026-07-13T20-32-05-270Z.log	683	2026-07-13T20:32:05Z	dataless,compressed,hidden	no	generated_or_test_residue
.playwright-cli/console-2026-07-13T21-33-13-549Z.log	2411	2026-07-13T21:36:44Z	dataless,compressed,hidden	no	generated_or_test_residue
.playwright-cli/console-2026-07-13T21-37-17-867Z.log	143	2026-07-13T21:37:17Z	dataless,compressed,hidden	no	generated_or_test_residue
.playwright-cli/console-2026-07-13T21-39-09-703Z.log	807	2026-07-13T21:40:00Z	dataless,compressed,hidden	no	generated_or_test_residue
.playwright-cli/console-2026-07-13T22-14-26-302Z.log	1139	2026-07-13T22:19:52Z	dataless,compressed,hidden	no	generated_or_test_residue
.playwright-cli/console-2026-07-13T22-26-14-042Z.log	475	2026-07-13T22:26:14Z	dataless,compressed,hidden	no	generated_or_test_residue
.playwright-cli/console-2026-07-13T23-58-13-876Z.log	996	2026-07-13T23:58:54Z	dataless,compressed,hidden	no	generated_or_test_residue
.playwright-cli/console-2026-07-14T00-00-47-526Z.log	475	2026-07-14T00:00:48Z	dataless,compressed,hidden	no	generated_or_test_residue
.playwright-cli/console-2026-07-14T01-14-30-144Z.log	475	2026-07-14T01:14:30Z	dataless,compressed,hidden	no	generated_or_test_residue
.playwright-cli/console-2026-07-14T01-24-14-098Z.log	4648	2026-07-14T01:25:27Z	dataless,compressed,hidden	no	generated_or_test_residue
.playwright-cli/console-2026-07-14T01-24-36-890Z.log	807	2026-07-14T01:38:57Z	dataless,compressed,hidden	no	generated_or_test_residue
.playwright-cli/console-2026-07-14T04-38-59-553Z.log	143	2026-07-14T04:38:59Z	dataless,compressed,hidden	no	generated_or_test_residue
.playwright-cli/console-2026-07-14T09-56-20-678Z.log	1053	2026-07-14T09:56:20Z	dataless,compressed,hidden	no	generated_or_test_residue
.playwright-cli/console-2026-07-14T09-56-47-122Z.log	143	2026-07-14T09:56:47Z	dataless,compressed,hidden	no	generated_or_test_residue
.playwright-cli/console-2026-07-14T09-58-10-007Z.log	143	2026-07-14T09:58:10Z	dataless,compressed,hidden	no	generated_or_test_residue
.playwright-cli/console-2026-07-14T09-59-29-462Z.log	143	2026-07-14T09:59:29Z	dataless,compressed,hidden	no	generated_or_test_residue
.playwright-cli/console-2026-07-14T15-44-50-356Z.log	996	2026-07-14T15:46:35Z	dataless,compressed,hidden	no	generated_or_test_residue
.playwright-cli/console-2026-07-14T16-13-41-074Z.log	143	2026-07-14T16:13:41Z	dataless,compressed,hidden	no	generated_or_test_residue
.playwright-cli/console-2026-07-14T16-15-26-818Z.log	332	2026-07-14T16:15:27Z	dataless,compressed,hidden	no	generated_or_test_residue
.playwright-cli/console-2026-07-14T16-19-26-253Z.log	3320	2026-07-14T16:20:35Z	dataless,compressed,hidden	no	generated_or_test_residue
.playwright-cli/console-2026-07-14T16-57-41-405Z.log	1466	2026-07-14T16:59:15Z	dataless,compressed,hidden	no	generated_or_test_residue
.playwright-cli/console-2026-07-14T18-00-49-713Z.log	475	2026-07-14T18:00:50Z	dataless,compressed,hidden	no	generated_or_test_residue
.playwright-cli/console-2026-07-14T18-02-19-182Z.log	475	2026-07-14T18:02:19Z	dataless,compressed,hidden	no	generated_or_test_residue
.playwright-cli/console-2026-07-14T18-02-24-226Z.log	143	2026-07-14T18:02:24Z	dataless,compressed,hidden	no	generated_or_test_residue
.playwright-cli/console-2026-07-14T18-02-29-505Z.log	143	2026-07-14T18:02:29Z	dataless,compressed,hidden	no	generated_or_test_residue
.playwright-cli/console-2026-07-14T18-03-10-472Z.log	475	2026-07-14T18:03:10Z	dataless,compressed,hidden	no	generated_or_test_residue
.playwright-cli/console-2026-07-14T18-03-15-573Z.log	143	2026-07-14T18:03:15Z	dataless,compressed,hidden	no	generated_or_test_residue
.playwright-cli/console-2026-07-14T18-03-18-973Z.log	807	2026-07-14T18:03:21Z	dataless,compressed,hidden	no	generated_or_test_residue
.playwright-cli/console-2026-07-14T18-03-20-611Z.log	143	2026-07-14T18:03:20Z	dataless,compressed,hidden	no	generated_or_test_residue
.playwright-cli/console-2026-07-14T18-03-43-811Z.log	143	2026-07-14T18:03:43Z	dataless,compressed,hidden	no	generated_or_test_residue
.playwright-cli/console-2026-07-14T18-03-45-823Z.log	143	2026-07-14T18:03:46Z	dataless,compressed,hidden	no	generated_or_test_residue
.playwright-cli/console-2026-07-14T18-03-47-606Z.log	143	2026-07-14T18:03:47Z	dataless,compressed,hidden	no	generated_or_test_residue
.playwright-cli/console-2026-07-14T18-03-49-855Z.log	143	2026-07-14T18:03:49Z	dataless,compressed,hidden	no	generated_or_test_residue
.playwright-cli/console-2026-07-14T18-03-51-308Z.log	143	2026-07-14T18:03:51Z	dataless,compressed,hidden	no	generated_or_test_residue
.playwright-cli/console-2026-07-14T18-04-06-990Z.log	807	2026-07-14T18:04:08Z	dataless,compressed,hidden	no	generated_or_test_residue
.playwright-cli/console-2026-07-14T18-04-11-696Z.log	143	2026-07-14T18:04:11Z	dataless,compressed,hidden	no	generated_or_test_residue
.playwright-cli/console-2026-07-14T18-04-15-890Z.log	143	2026-07-14T18:04:15Z	dataless,compressed,hidden	no	generated_or_test_residue
.playwright-cli/console-2026-07-14T18-04-20-389Z.log	475	2026-07-14T18:04:20Z	dataless,compressed,hidden	no	generated_or_test_residue
.playwright-cli/console-2026-07-14T18-04-25-456Z.log	143	2026-07-14T18:04:25Z	dataless,compressed,hidden	no	generated_or_test_residue
.playwright-cli/console-2026-07-14T18-04-30-482Z.log	143	2026-07-14T18:04:30Z	dataless,compressed,hidden	no	generated_or_test_residue
.playwright-cli/console-2026-07-14T18-04-32-722Z.log	807	2026-07-14T18:04:34Z	dataless,compressed,hidden	no	generated_or_test_residue
.playwright-cli/console-2026-07-14T18-04-37-348Z.log	143	2026-07-14T18:04:37Z	dataless,compressed,hidden	no	generated_or_test_residue
.playwright-cli/console-2026-07-14T18-04-41-410Z.log	143	2026-07-14T18:04:41Z	dataless,compressed,hidden	no	generated_or_test_residue
.playwright-cli/console-2026-07-14T18-05-11-049Z.log	475	2026-07-14T18:05:11Z	dataless,compressed,hidden	no	generated_or_test_residue
.playwright-cli/console-2026-07-14T18-05-15-683Z.log	143	2026-07-14T18:05:15Z	dataless,compressed,hidden	no	generated_or_test_residue
.playwright-cli/console-2026-07-14T18-05-19-942Z.log	143	2026-07-14T18:05:20Z	dataless,compressed,hidden	no	generated_or_test_residue
.playwright-cli/console-2026-07-14T18-49-42-923Z.log	475	2026-07-14T18:49:43Z	dataless,compressed,hidden	no	generated_or_test_residue
.playwright-cli/console-2026-07-14T18-50-43-100Z.log	332	2026-07-14T18:50:43Z	dataless,compressed,hidden	no	generated_or_test_residue
.playwright-cli/console-2026-07-14T18-51-03-673Z.log	332	2026-07-14T18:51:03Z	dataless,compressed,hidden	no	generated_or_test_residue
.playwright-cli/console-2026-07-14T18-51-37-018Z.log	332	2026-07-14T18:51:37Z	dataless,compressed,hidden	no	generated_or_test_residue
.playwright-cli/console-2026-07-14T19-32-56-821Z.log	332	2026-07-14T19:32:57Z	dataless,compressed,hidden	no	generated_or_test_residue
.playwright-cli/console-2026-07-14T19-33-01-291Z.log	332	2026-07-14T19:33:01Z	dataless,compressed,hidden	no	generated_or_test_residue
.playwright-cli/console-2026-07-14T19-51-42-440Z.log	475	2026-07-14T19:51:43Z	dataless,compressed,hidden	no	generated_or_test_residue
.playwright-cli/console-2026-07-14T19-52-49-076Z.log	475	2026-07-14T19:52:49Z	dataless,compressed,hidden	no	generated_or_test_residue
.playwright-cli/console-2026-07-14T20-24-51-300Z.log	143	2026-07-14T20:24:51Z	dataless,compressed,hidden	no	generated_or_test_residue
.playwright-cli/console-2026-07-14T20-32-31-163Z.log	3131	2026-07-14T20:36:26Z	dataless,compressed,hidden	no	generated_or_test_residue
.playwright-cli/console-2026-07-14T20-37-29-257Z.log	996	2026-07-14T20:37:32Z	dataless,compressed,hidden	no	generated_or_test_residue
.playwright-cli/console-2026-07-14T20-38-18-064Z.log	664	2026-07-14T20:38:19Z	dataless,compressed,hidden	no	generated_or_test_residue
.playwright-cli/console-2026-07-14T20-39-36-630Z.log	12184	2026-07-14T20:42:32Z	dataless,compressed,hidden	no	generated_or_test_residue
.playwright-cli/console-2026-07-15T02-06-08-535Z.log	1359935	2026-07-15T16:52:21Z	dataless,compressed,hidden	no	generated_or_test_residue
.playwright-cli/console-2026-07-15T02-44-46-871Z.log	143	2026-07-15T02:44:47Z	dataless,compressed,hidden	no	generated_or_test_residue
.playwright-cli/console-2026-07-15T03-33-04-865Z.log	143	2026-07-15T03:33:05Z	dataless,compressed,hidden	no	generated_or_test_residue
.playwright-cli/console-2026-07-15T03-37-09-596Z.log	143	2026-07-15T03:37:09Z	dataless,compressed,hidden	no	generated_or_test_residue
.playwright-cli/console-2026-07-15T03-43-58-778Z.log	40407	2026-07-15T03:45:46Z	dataless,compressed,hidden	no	generated_or_test_residue
.playwright-cli/console-2026-07-15T03-44-25-480Z.log	4639	2026-07-15T03:44:28Z	dataless,compressed,hidden	no	generated_or_test_residue
.playwright-cli/console-2026-07-15T03-45-21-809Z.log	2256	2026-07-15T03:45:24Z	dataless,compressed,hidden	no	generated_or_test_residue
.playwright-cli/console-2026-07-15T04-03-57-034Z.log	21289	2026-07-15T04:06:25Z	dataless,compressed,hidden	no	generated_or_test_residue
.playwright-cli/console-2026-07-15T04-06-42-796Z.log	30979	2026-07-15T04:42:32Z	dataless,compressed,hidden	no	generated_or_test_residue
.playwright-cli/console-2026-07-15T04-39-07-009Z.log	2972	2026-07-15T04:39:08Z	dataless,compressed,hidden	no	generated_or_test_residue
.playwright-cli/console-2026-07-15T04-39-18-882Z.log	2848	2026-07-15T04:39:21Z	dataless,compressed,hidden	no	generated_or_test_residue
.playwright-cli/console-2026-07-15T04-41-26-869Z.log	2477	2026-07-15T04:41:29Z	dataless,compressed,hidden	no	generated_or_test_residue
.playwright-cli/console-2026-07-15T04-42-07-293Z.log	2477	2026-07-15T04:42:10Z	dataless,compressed,hidden	no	generated_or_test_residue
.playwright-cli/console-2026-07-15T04-43-37-200Z.log	10232	2026-07-15T13:51:39Z	dataless,compressed,hidden	no	generated_or_test_residue
.playwright-cli/console-2026-07-15T12-41-49-240Z.log	4954	2026-07-15T12:44:48Z	dataless,compressed,hidden	no	generated_or_test_residue
.playwright-cli/console-2026-07-15T12-52-15-087Z.log	2906	2026-07-15T12:52:18Z	dataless,compressed,hidden	no	generated_or_test_residue
.playwright-cli/console-2026-07-15T12-58-12-148Z.log	5951	2026-07-15T13:05:32Z	dataless,compressed,hidden	no	generated_or_test_residue
.playwright-cli/console-2026-07-15T13-06-38-155Z.log	2324	2026-07-15T13:06:42Z	dataless,compressed,hidden	no	generated_or_test_residue
.playwright-cli/console-2026-07-15T14-05-56-888Z.log	13139	2026-07-15T14:07:17Z	dataless,compressed,hidden	no	generated_or_test_residue
.playwright-cli/console-2026-07-15T15-39-10-132Z.log	7992	2026-07-15T15:41:15Z	dataless,compressed,hidden	no	generated_or_test_residue
.playwright-cli/console-2026-07-15T16-45-19-847Z.log	115	2026-07-15T16:45:20Z	dataless,compressed,hidden	no	generated_or_test_residue
.playwright-cli/console-2026-07-15T16-45-39-631Z.log	4798	2026-07-15T16:46:33Z	dataless,compressed,hidden	no	generated_or_test_residue
.playwright-cli/console-2026-07-15T16-47-11-202Z.log	4289	2026-07-15T16:48:37Z	dataless,compressed,hidden	no	generated_or_test_residue
.playwright-cli/console-2026-07-15T16-58-20-748Z.log	804009	2026-07-16T00:56:11Z	dataless,compressed,hidden	no	generated_or_test_residue
.playwright-cli/console-2026-07-15T17-20-53-315Z.log	307	2026-07-15T17:21:04Z	dataless,compressed,hidden	no	generated_or_test_residue
.playwright-cli/console-2026-07-15T17-41-58-488Z.log	143	2026-07-15T17:41:58Z	dataless,compressed,hidden	no	generated_or_test_residue
.playwright-cli/console-2026-07-15T19-11-27-569Z.log	3544	2026-07-15T19:12:39Z	dataless,compressed,hidden	no	generated_or_test_residue
.playwright-cli/console-2026-07-15T19-14-07-959Z.log	2633	2026-07-15T19:24:09Z	dataless,compressed,hidden	no	generated_or_test_residue
.playwright-cli/console-2026-07-15T19-14-28-083Z.log	7431	2026-07-15T19:14:46Z	dataless,compressed,hidden	no	generated_or_test_residue
.playwright-cli/console-2026-07-15T19-15-09-746Z.log	5847	2026-07-15T19:15:16Z	dataless,compressed,hidden	no	generated_or_test_residue
.playwright-cli/console-2026-07-15T22-59-46-858Z.log	5704	2026-07-15T23:00:38Z	dataless,compressed,hidden	no	generated_or_test_residue
.playwright-cli/console-2026-07-16T00-03-22-972Z.log	3692	2026-07-16T00:03:27Z	dataless,compressed,hidden	no	generated_or_test_residue
.playwright-cli/console-2026-07-16T00-04-50-896Z.log	10156	2026-07-16T00:06:26Z	dataless,compressed,hidden	no	generated_or_test_residue
.playwright-cli/console-2026-07-16T00-10-58-949Z.log	54102	2026-07-16T00:23:29Z	dataless,compressed,hidden	no	generated_or_test_residue
.playwright-cli/console-2026-07-16T00-12-18-294Z.log	7333	2026-07-16T00:13:51Z	dataless,compressed,hidden	no	generated_or_test_residue
.playwright-cli/console-2026-07-16T00-14-28-620Z.log	3989	2026-07-16T00:14:34Z	dataless,compressed,hidden	no	generated_or_test_residue
.playwright-cli/console-2026-07-16T00-48-09-688Z.log	3720	2026-07-16T00:48:36Z	dataless,compressed,hidden	no	generated_or_test_residue
.playwright-cli/console-2026-07-16T01-14-33-628Z.log	2516	2026-07-16T01:14:35Z	dataless,compressed,hidden	no	generated_or_test_residue
.playwright-cli/console-2026-07-16T07-24-14-737Z.log	11219	2026-07-16T07:28:33Z	dataless,compressed,hidden	no	generated_or_test_residue
.playwright-cli/console-2026-07-16T07-29-21-422Z.log	5752	2026-07-16T07:32:40Z	dataless,compressed,hidden	no	generated_or_test_residue
.playwright-cli/console-2026-07-16T07-39-47-025Z.log	14007	2026-07-16T07:46:09Z	dataless,compressed,hidden	no	generated_or_test_residue
.playwright-cli/console-2026-07-16T07-57-17-370Z.log	4957	2026-07-16T07:59:54Z	dataless,compressed,hidden	no	generated_or_test_residue
.playwright-cli/console-2026-07-16T16-14-48-385Z.log	4555	2026-07-16T16:14:50Z	dataless,compressed,hidden	no	generated_or_test_residue
.playwright-cli/console-2026-07-16T16-16-16-999Z.log	2155	2026-07-16T16:16:17Z	dataless,compressed,hidden	no	generated_or_test_residue
.playwright-cli/console-2026-07-16T16-17-01-045Z.log	2635	2026-07-16T16:17:03Z	dataless,compressed,hidden	no	generated_or_test_residue
.playwright-cli/console-2026-07-16T16-17-54-538Z.log	4315	2026-07-16T16:17:56Z	dataless,compressed,hidden	no	generated_or_test_residue
.playwright-cli/console-2026-07-16T16-19-50-163Z.log	5995	2026-07-16T16:19:53Z	dataless,compressed,hidden	no	generated_or_test_residue
.playwright-cli/console-2026-07-16T16-23-34-423Z.log	143	2026-07-16T16:23:34Z	dataless,compressed,hidden	no	generated_or_test_residue
.playwright-cli/console-2026-07-16T16-24-22-552Z.log	4315	2026-07-16T16:24:24Z	dataless,compressed,hidden	no	generated_or_test_residue
.playwright-cli/console-2026-07-16T16-24-55-530Z.log	143	2026-07-16T16:24:55Z	dataless,compressed,hidden	no	generated_or_test_residue
.playwright-cli/console-2026-07-16T16-25-20-443Z.log	143	2026-07-16T16:25:20Z	dataless,compressed,hidden	no	generated_or_test_residue
.playwright-cli/console-2026-07-16T16-25-31-567Z.log	8252	2026-07-16T16:29:43Z	dataless,compressed,hidden	no	generated_or_test_residue
.playwright-cli/console-2026-07-16T17-19-47-144Z.log	143	2026-07-16T17:19:47Z	dataless,compressed,hidden	no	generated_or_test_residue
.playwright-cli/console-2026-07-16T18-14-23-189Z.log	5149	2026-07-16T18:15:23Z	dataless,compressed,hidden	no	generated_or_test_residue
.playwright-cli/console-2026-07-16T18-19-06-214Z.log	3530	2026-07-16T18:19:07Z	dataless,compressed,hidden	no	generated_or_test_residue
.playwright-cli/console-2026-07-20T12-31-18-895Z.log	13379	2026-07-20T12:37:14Z	dataless,compressed,hidden	no	generated_or_test_residue
.playwright-cli/console-2026-07-20T12-55-39-080Z.log	2972	2026-07-20T13:33:22Z	dataless,compressed,hidden	no	generated_or_test_residue
.playwright-cli/console-2026-07-20T13-04-55-560Z.log	4300	2026-07-20T13:05:14Z	dataless,compressed,hidden	no	generated_or_test_residue
.playwright-cli/console-2026-07-20T13-25-57-741Z.log	2393	2026-07-20T13:25:59Z	dataless,compressed,hidden	no	generated_or_test_residue
.playwright-cli/console-2026-07-20T13-27-20-254Z.log	3309	2026-07-20T13:27:34Z	dataless,compressed,hidden	no	generated_or_test_residue
.playwright-cli/console-2026-07-20T13-28-44-332Z.log	19728	2026-07-20T13:33:04Z	dataless,compressed,hidden	no	generated_or_test_residue
.playwright-cli/console-2026-07-20T13-33-23-194Z.log	9987	2026-07-20T13:35:19Z	dataless,compressed,hidden	no	generated_or_test_residue
.playwright-cli/console-2026-07-20T13-33-34-285Z.log	1960	2026-07-20T13:33:52Z	dataless,compressed,hidden	no	generated_or_test_residue
.playwright-cli/console-2026-07-20T13-34-17-500Z.log	1960	2026-07-20T13:34:33Z	dataless,compressed,hidden	no	generated_or_test_residue
.playwright-cli/console-2026-07-20T13-35-09-917Z.log	2256	2026-07-20T13:35:12Z	dataless,compressed,hidden	no	generated_or_test_residue
.playwright-cli/console-2026-07-20T13-36-29-897Z.log	1960	2026-07-20T13:36:32Z	dataless,compressed,hidden	no	generated_or_test_residue
.playwright-cli/console-2026-07-20T18-15-50-411Z.log	3115	2026-07-20T18:15:52Z	dataless,compressed,hidden	no	generated_or_test_residue
.playwright-cli/console-2026-07-20T18-17-25-106Z.log	3005	2026-07-20T18:17:27Z	dataless,compressed,hidden	no	generated_or_test_residue
.playwright-cli/console-2026-07-20T22-25-56-654Z.log	7305	2026-07-20T22:26:03Z	dataless,compressed,hidden	no	generated_or_test_residue
.playwright-cli/console-2026-07-20T22-26-21-021Z.log	3996	2026-07-20T22:26:23Z	dataless,compressed,hidden	no	generated_or_test_residue
.playwright-cli/element-2026-07-12T20-58-30-644Z.png	100226	2026-07-12T20:58:30Z	dataless,compressed,hidden	no	generated_or_test_residue
.playwright-cli/element-2026-07-14T19-53-48-945Z.png	172630	2026-07-14T19:53:48Z	dataless,compressed,hidden	no	generated_or_test_residue
.playwright-cli/element-2026-07-15T03-46-07-444Z.png	17123	2026-07-15T03:46:07Z	dataless,compressed,hidden	no	generated_or_test_residue
.playwright-cli/montran-v10-loader.png	173205	2026-07-11T05:54:20Z	dataless,compressed,hidden	no	generated_or_test_residue
.playwright-cli/page-2026-07-11T05-52-54-328Z.yml	252	2026-07-11T05:52:54Z	dataless,compressed,hidden	no	generated_or_test_residue
.playwright-cli/page-2026-07-11T05-52-55-356Z.yml	262	2026-07-11T05:52:55Z	dataless,compressed,hidden	no	generated_or_test_residue
.playwright-cli/page-2026-07-11T05-53-01-309Z.png	357501	2026-07-11T05:53:01Z	dataless,compressed,hidden	no	generated_or_test_residue
.playwright-cli/page-2026-07-11T06-07-37-330Z.yml	9871	2026-07-11T06:07:37Z	dataless,compressed,hidden	no	generated_or_test_residue
.playwright-cli/page-2026-07-11T06-12-13-339Z.yml	57	2026-07-11T06:12:13Z	dataless,compressed,hidden	no	generated_or_test_residue
.playwright-cli/page-2026-07-11T06-12-14-282Z.yml	59	2026-07-11T06:12:14Z	dataless,compressed,hidden	no	generated_or_test_residue
.playwright-cli/page-2026-07-11T06-12-20-414Z.png	355951	2026-07-11T06:12:20Z	dataless,compressed,hidden	no	generated_or_test_residue
.playwright-cli/page-2026-07-11T15-47-31-928Z.yml	4230	2026-07-11T15:47:31Z	dataless,compressed,hidden	no	generated_or_test_residue
.playwright-cli/page-2026-07-11T15-48-17-528Z.png	233659	2026-07-11T15:48:17Z	dataless,compressed,hidden	no	generated_or_test_residue
.playwright-cli/page-2026-07-11T15-48-18-767Z.png	479637	2026-07-11T15:48:18Z	dataless,compressed,hidden	no	generated_or_test_residue
.playwright-cli/page-2026-07-11T16-05-15-951Z.yml	3469	2026-07-11T16:05:15Z	dataless,compressed,hidden	no	generated_or_test_residue
.playwright-cli/page-2026-07-11T16-05-26-722Z.yml	4582	2026-07-11T16:05:26Z	dataless,compressed,hidden	no	generated_or_test_residue
.playwright-cli/page-2026-07-11T21-15-33-387Z.yml	35	2026-07-11T21:15:33Z	dataless,compressed,hidden	no	generated_or_test_residue
.playwright-cli/page-2026-07-11T21-17-51-576Z.yml	40	2026-07-11T21:17:51Z	dataless,compressed,hidden	no	generated_or_test_residue
.playwright-cli/page-2026-07-11T21-18-57-430Z.yml	42	2026-07-11T21:18:57Z	dataless,compressed,hidden	no	generated_or_test_residue
.playwright-cli/page-2026-07-11T21-20-06-284Z.yml	42	2026-07-11T21:20:06Z	dataless,compressed,hidden	no	generated_or_test_residue
.playwright-cli/page-2026-07-11T21-27-08-234Z.yml	4230	2026-07-11T21:27:08Z	dataless,compressed,hidden	no	generated_or_test_residue
.playwright-cli/page-2026-07-11T21-28-21-591Z.yml	4376	2026-07-11T21:28:21Z	dataless,compressed,hidden	no	generated_or_test_residue
.playwright-cli/page-2026-07-11T23-27-49-846Z.yml	9443	2026-07-11T23:27:49Z	dataless,compressed,hidden	no	generated_or_test_residue
.playwright-cli/page-2026-07-11T23-28-12-272Z.yml	40	2026-07-11T23:28:12Z	dataless,compressed,hidden	no	generated_or_test_residue
.playwright-cli/page-2026-07-12T04-23-38-565Z.yml	9452	2026-07-12T04:23:38Z	dataless,compressed,hidden	no	generated_or_test_residue
.playwright-cli/page-2026-07-12T04-23-51-847Z.yml	10024	2026-07-12T04:23:51Z	dataless,compressed,hidden	no	generated_or_test_residue
.playwright-cli/page-2026-07-12T04-24-29-553Z.yml	8822	2026-07-12T04:24:29Z	dataless,compressed,hidden	no	generated_or_test_residue
.playwright-cli/page-2026-07-12T04-25-31-736Z.yml	10246	2026-07-12T04:25:31Z	dataless,compressed,hidden	no	generated_or_test_residue
.playwright-cli/page-2026-07-12T04-27-26-268Z.yml	8822	2026-07-12T04:27:26Z	dataless,compressed,hidden	no	generated_or_test_residue
.playwright-cli/page-2026-07-12T04-29-26-235Z.yml	8920	2026-07-12T04:29:26Z	dataless,compressed,hidden	no	generated_or_test_residue
.playwright-cli/page-2026-07-12T15-14-38-554Z.yml	9645	2026-07-12T15:14:38Z	dataless,compressed,hidden	no	generated_or_test_residue
.playwright-cli/page-2026-07-12T15-15-57-699Z.yml	10455	2026-07-12T15:15:57Z	dataless,compressed,hidden	no	generated_or_test_residue
.playwright-cli/page-2026-07-12T15-17-20-936Z.yml	0	2026-07-12T15:17:20Z	dataless,compressed,hidden	no	generated_or_test_residue
.playwright-cli/page-2026-07-12T15-18-33-538Z.yml	35	2026-07-12T15:18:33Z	dataless,compressed,hidden	no	generated_or_test_residue
.playwright-cli/page-2026-07-12T15-19-46-788Z.yml	17	2026-07-12T15:19:46Z	dataless,compressed,hidden	no	generated_or_test_residue
.playwright-cli/page-2026-07-12T15-20-23-845Z.yml	9645	2026-07-12T15:20:23Z	dataless,compressed,hidden	no	generated_or_test_residue
.playwright-cli/page-2026-07-12T15-49-51-761Z.yml	9656	2026-07-12T15:49:51Z	dataless,compressed,hidden	no	generated_or_test_residue
.playwright-cli/page-2026-07-12T16-02-14-409Z.yml	9656	2026-07-12T16:02:14Z	dataless,compressed,hidden	no	generated_or_test_residue
.playwright-cli/page-2026-07-12T16-02-54-345Z.yml	10236	2026-07-12T16:02:54Z	dataless,compressed,hidden	no	generated_or_test_residue
.playwright-cli/page-2026-07-12T16-07-49-316Z.yml	9645	2026-07-12T16:07:49Z	dataless,compressed,hidden	no	generated_or_test_residue
.playwright-cli/page-2026-07-12T16-08-03-983Z.yml	10231	2026-07-12T16:08:03Z	dataless,compressed,hidden	no	generated_or_test_residue
.playwright-cli/page-2026-07-12T16-10-41-508Z.yml	10231	2026-07-12T16:10:41Z	dataless,compressed,hidden	no	generated_or_test_residue
.playwright-cli/page-2026-07-12T18-02-05-766Z.yml	9645	2026-07-12T18:02:05Z	dataless,compressed,hidden	no	generated_or_test_residue
.playwright-cli/page-2026-07-12T18-05-29-946Z.yml	8995	2026-07-12T18:05:29Z	dataless,compressed,hidden	no	generated_or_test_residue
.playwright-cli/page-2026-07-12T19-06-01-016Z.yml	0	2026-07-12T19:06:01Z	dataless,compressed,hidden	no	generated_or_test_residue
.playwright-cli/page-2026-07-12T19-55-21-756Z.yml	9645	2026-07-12T19:55:21Z	dataless,compressed,hidden	no	generated_or_test_residue
.playwright-cli/page-2026-07-12T19-55-31-417Z.yml	10231	2026-07-12T19:55:31Z	dataless,compressed,hidden	no	generated_or_test_residue
.playwright-cli/page-2026-07-12T19-55-47-928Z.png	51043	2026-07-12T19:55:47Z	dataless,compressed,hidden	no	generated_or_test_residue
.playwright-cli/page-2026-07-12T20-21-09-895Z.yml	9645	2026-07-12T20:21:09Z	dataless,compressed,hidden	no	generated_or_test_residue
.playwright-cli/page-2026-07-12T20-58-28-875Z.yml	40	2026-07-12T20:58:28Z	dataless,compressed,hidden	no	generated_or_test_residue
.playwright-cli/page-2026-07-12T20-59-19-830Z.yml	35	2026-07-12T20:59:19Z	dataless,compressed,hidden	no	generated_or_test_residue
.playwright-cli/page-2026-07-12T23-20-00-430Z.yml	9871	2026-07-12T23:20:00Z	dataless,compressed,hidden	no	generated_or_test_residue
.playwright-cli/page-2026-07-12T23-20-11-592Z.yml	10425	2026-07-12T23:20:11Z	dataless,compressed,hidden	no	generated_or_test_residue
.playwright-cli/page-2026-07-12T23-20-12-561Z.png	49111	2026-07-12T23:20:12Z	dataless,compressed,hidden	no	generated_or_test_residue
.playwright-cli/page-2026-07-12T23-20-52-022Z.yml	9182	2026-07-12T23:20:52Z	dataless,compressed,hidden	no	generated_or_test_residue
.playwright-cli/page-2026-07-12T23-21-15-798Z.yml	9182	2026-07-12T23:21:15Z	dataless,compressed,hidden	no	generated_or_test_residue
.playwright-cli/page-2026-07-12T23-21-42-855Z.yml	10653	2026-07-12T23:21:42Z	dataless,compressed,hidden	no	generated_or_test_residue
.playwright-cli/page-2026-07-12T23-21-43-304Z.png	57311	2026-07-12T23:21:43Z	dataless,compressed,hidden	no	generated_or_test_residue
.playwright-cli/page-2026-07-12T23-23-59-798Z.yml	9283	2026-07-12T23:23:59Z	dataless,compressed,hidden	no	generated_or_test_residue
.playwright-cli/page-2026-07-12T23-24-04-546Z.yml	9283	2026-07-12T23:24:04Z	dataless,compressed,hidden	no	generated_or_test_residue
.playwright-cli/page-2026-07-12T23-24-09-027Z.yml	9283	2026-07-12T23:24:09Z	dataless,compressed,hidden	no	generated_or_test_residue
.playwright-cli/page-2026-07-12T23-24-13-388Z.yml	10226	2026-07-12T23:24:13Z	dataless,compressed,hidden	no	generated_or_test_residue
.playwright-cli/page-2026-07-12T23-24-39-773Z.yml	9283	2026-07-12T23:24:39Z	dataless,compressed,hidden	no	generated_or_test_residue
.playwright-cli/page-2026-07-12T23-24-44-756Z.yml	9283	2026-07-12T23:24:44Z	dataless,compressed,hidden	no	generated_or_test_residue
.playwright-cli/page-2026-07-12T23-24-49-678Z.yml	9283	2026-07-12T23:24:49Z	dataless,compressed,hidden	no	generated_or_test_residue
.playwright-cli/page-2026-07-13T00-01-17-634Z.yml	9871	2026-07-13T00:01:17Z	dataless,compressed,hidden	no	generated_or_test_residue
.playwright-cli/page-2026-07-13T00-01-30-115Z.yml	10425	2026-07-13T00:01:30Z	dataless,compressed,hidden	no	generated_or_test_residue
.playwright-cli/page-2026-07-13T00-01-53-508Z.png	30632	2026-07-13T00:01:53Z	dataless,compressed,hidden	no	generated_or_test_residue
.playwright-cli/page-2026-07-13T00-03-52-906Z.yml	10425	2026-07-13T00:03:52Z	dataless,compressed,hidden	no	generated_or_test_residue
.playwright-cli/page-2026-07-13T00-03-53-390Z.png	33909	2026-07-13T00:03:53Z	dataless,compressed,hidden	no	generated_or_test_residue
.playwright-cli/page-2026-07-13T01-33-29-391Z.yml	9871	2026-07-13T01:33:29Z	dataless,compressed,hidden	no	generated_or_test_residue
.playwright-cli/page-2026-07-13T01-33-53-164Z.yml	10425	2026-07-13T01:33:53Z	dataless,compressed,hidden	no	generated_or_test_residue
.playwright-cli/page-2026-07-13T01-38-38-244Z.yml	10107	2026-07-13T01:38:38Z	dataless,compressed,hidden	no	generated_or_test_residue
.playwright-cli/page-2026-07-13T01-38-39-206Z.yml	9283	2026-07-13T01:38:39Z	dataless,compressed,hidden	no	generated_or_test_residue
.playwright-cli/page-2026-07-13T01-47-36-324Z.yml	9871	2026-07-13T01:47:36Z	dataless,compressed,hidden	no	generated_or_test_residue
.playwright-cli/page-2026-07-13T01-47-37-435Z.yml	9182	2026-07-13T01:47:37Z	dataless,compressed,hidden	no	generated_or_test_residue
.playwright-cli/page-2026-07-13T01-47-53-408Z.yml	10653	2026-07-13T01:47:53Z	dataless,compressed,hidden	no	generated_or_test_residue
.playwright-cli/page-2026-07-13T01-47-54-471Z.png	73835	2026-07-13T01:47:54Z	dataless,compressed,hidden	no	generated_or_test_residue
.playwright-cli/page-2026-07-13T02-03-53-356Z.yml	9871	2026-07-13T02:03:53Z	dataless,compressed,hidden	no	generated_or_test_residue
.playwright-cli/page-2026-07-13T02-03-54-416Z.yml	9182	2026-07-13T02:03:54Z	dataless,compressed,hidden	no	generated_or_test_residue
.playwright-cli/page-2026-07-13T02-06-54-783Z.yml	9182	2026-07-13T02:06:54Z	dataless,compressed,hidden	no	generated_or_test_residue
.playwright-cli/page-2026-07-13T02-52-34-717Z.yml	57	2026-07-13T02:52:34Z	dataless,compressed,hidden	no	generated_or_test_residue
.playwright-cli/page-2026-07-13T02-53-52-847Z.yml	35	2026-07-13T02:53:52Z	dataless,compressed,hidden	no	generated_or_test_residue
.playwright-cli/page-2026-07-13T02-57-35-023Z.yml	9871	2026-07-13T02:57:35Z	dataless,compressed,hidden	no	generated_or_test_residue
.playwright-cli/page-2026-07-13T03-28-00-636Z.yml	9871	2026-07-13T03:28:00Z	dataless,compressed,hidden	no	generated_or_test_residue
.playwright-cli/page-2026-07-13T03-28-26-183Z.yml	9871	2026-07-13T03:28:26Z	dataless,compressed,hidden	no	generated_or_test_residue
.playwright-cli/page-2026-07-13T03-31-47-001Z.yml	57	2026-07-13T03:31:47Z	dataless,compressed,hidden	no	generated_or_test_residue
.playwright-cli/page-2026-07-13T03-32-05-773Z.yml	0	2026-07-13T03:32:05Z	dataless,compressed,hidden	no	generated_or_test_residue
.playwright-cli/page-2026-07-13T03-57-28-157Z.yml	9871	2026-07-13T03:57:28Z	dataless,compressed,hidden	no	generated_or_test_residue
.playwright-cli/page-2026-07-13T03-58-00-733Z.yml	10243	2026-07-13T03:58:00Z	dataless,compressed,hidden	no	generated_or_test_residue
.playwright-cli/page-2026-07-13T03-58-46-788Z.yml	8965	2026-07-13T03:58:46Z	dataless,compressed,hidden	no	generated_or_test_residue
.playwright-cli/page-2026-07-13T03-58-47-949Z.yml	10107	2026-07-13T03:58:47Z	dataless,compressed,hidden	no	generated_or_test_residue
.playwright-cli/page-2026-07-13T04-00-26-714Z.yml	9232	2026-07-13T04:00:26Z	dataless,compressed,hidden	no	generated_or_test_residue
.playwright-cli/page-2026-07-13T04-25-47-236Z.yml	9871	2026-07-13T04:25:47Z	dataless,compressed,hidden	no	generated_or_test_residue
.playwright-cli/page-2026-07-13T04-26-01-349Z.yml	10243	2026-07-13T04:26:01Z	dataless,compressed,hidden	no	generated_or_test_residue
.playwright-cli/page-2026-07-13T15-06-45-585Z.yml	9871	2026-07-13T15:06:45Z	dataless,compressed,hidden	no	generated_or_test_residue
.playwright-cli/page-2026-07-13T15-06-53-785Z.yml	10238	2026-07-13T15:06:53Z	dataless,compressed,hidden	no	generated_or_test_residue
.playwright-cli/page-2026-07-13T15-08-04-292Z.yml	9117	2026-07-13T15:08:04Z	dataless,compressed,hidden	no	generated_or_test_residue
.playwright-cli/page-2026-07-13T15-10-00-204Z.yml	10450	2026-07-13T15:10:00Z	dataless,compressed,hidden	no	generated_or_test_residue
.playwright-cli/page-2026-07-13T15-10-48-009Z.yml	9117	2026-07-13T15:10:48Z	dataless,compressed,hidden	no	generated_or_test_residue
.playwright-cli/page-2026-07-13T15-10-59-338Z.yml	10450	2026-07-13T15:10:59Z	dataless,compressed,hidden	no	generated_or_test_residue
.playwright-cli/page-2026-07-13T15-11-30-561Z.png	186019	2026-07-13T15:11:30Z	dataless,compressed,hidden	no	generated_or_test_residue
.playwright-cli/page-2026-07-13T15-11-51-406Z.yml	10450	2026-07-13T15:11:51Z	dataless,compressed,hidden	no	generated_or_test_residue
.playwright-cli/page-2026-07-13T15-11-52-019Z.png	62866	2026-07-13T15:11:52Z	dataless,compressed,hidden	no	generated_or_test_residue
.playwright-cli/page-2026-07-13T16-12-32-289Z.yml	9871	2026-07-13T16:12:32Z	dataless,compressed,hidden	no	generated_or_test_residue
.playwright-cli/page-2026-07-13T16-13-34-855Z.yml	9168	2026-07-13T16:13:34Z	dataless,compressed,hidden	no	generated_or_test_residue
.playwright-cli/page-2026-07-13T16-14-48-997Z.yml	10501	2026-07-13T16:14:48Z	dataless,compressed,hidden	no	generated_or_test_residue
.playwright-cli/page-2026-07-13T17-58-24-185Z.yml	9952	2026-07-13T17:58:24Z	dataless,compressed,hidden	no	generated_or_test_residue
.playwright-cli/page-2026-07-13T17-58-36-444Z.yml	9239	2026-07-13T17:58:36Z	dataless,compressed,hidden	no	generated_or_test_residue
.playwright-cli/page-2026-07-13T18-01-48-796Z.yml	9340	2026-07-13T18:01:48Z	dataless,compressed,hidden	no	generated_or_test_residue
.playwright-cli/page-2026-07-13T18-01-58-284Z.yml	10706	2026-07-13T18:01:58Z	dataless,compressed,hidden	no	generated_or_test_residue
.playwright-cli/page-2026-07-13T19-20-20-259Z.yml	9910	2026-07-13T19:20:20Z	dataless,compressed,hidden	no	generated_or_test_residue
.playwright-cli/page-2026-07-13T20-30-36-761Z.yml	9910	2026-07-13T20:30:36Z	dataless,compressed,hidden	no	generated_or_test_residue
.playwright-cli/page-2026-07-13T20-32-05-585Z.yml	9910	2026-07-13T20:32:05Z	dataless,compressed,hidden	no	generated_or_test_residue
.playwright-cli/page-2026-07-13T21-33-13-823Z.yml	9910	2026-07-13T21:33:13Z	dataless,compressed,hidden	no	generated_or_test_residue
.playwright-cli/page-2026-07-13T21-35-27-076Z.yml	10148	2026-07-13T21:35:27Z	dataless,compressed,hidden	no	generated_or_test_residue
.playwright-cli/page-2026-07-13T21-35-48-376Z.yml	10190	2026-07-13T21:35:48Z	dataless,compressed,hidden	no	generated_or_test_residue
.playwright-cli/page-2026-07-13T21-36-22-582Z.yml	10310	2026-07-13T21:36:22Z	dataless,compressed,hidden	no	generated_or_test_residue
.playwright-cli/page-2026-07-13T21-36-44-723Z.yml	10310	2026-07-13T21:36:44Z	dataless,compressed,hidden	no	generated_or_test_residue
.playwright-cli/page-2026-07-13T21-37-17-914Z.yml	0	2026-07-13T21:37:17Z	dataless,compressed,hidden	no	generated_or_test_residue
.playwright-cli/page-2026-07-13T21-39-10-085Z.yml	9952	2026-07-13T21:39:10Z	dataless,compressed,hidden	no	generated_or_test_residue
.playwright-cli/page-2026-07-13T21-40-00-476Z.yml	9239	2026-07-13T21:40:00Z	dataless,compressed,hidden	no	generated_or_test_residue
.playwright-cli/page-2026-07-13T22-14-26-751Z.yml	9936	2026-07-13T22:14:26Z	dataless,compressed,hidden	no	generated_or_test_residue
.playwright-cli/page-2026-07-13T22-17-51-616Z.yml	10172	2026-07-13T22:17:51Z	dataless,compressed,hidden	no	generated_or_test_residue
.playwright-cli/page-2026-07-13T22-19-52-662Z.yml	10172	2026-07-13T22:19:52Z	dataless,compressed,hidden	no	generated_or_test_residue
.playwright-cli/page-2026-07-13T22-26-14-401Z.yml	9936	2026-07-13T22:26:14Z	dataless,compressed,hidden	no	generated_or_test_residue
.playwright-cli/page-2026-07-13T23-58-14-902Z.yml	8960	2026-07-13T23:58:14Z	dataless,compressed,hidden	no	generated_or_test_residue
.playwright-cli/page-2026-07-14T00-00-48-082Z.yml	9949	2026-07-14T00:00:48Z	dataless,compressed,hidden	no	generated_or_test_residue
.playwright-cli/page-2026-07-14T01-14-30-695Z.yml	9949	2026-07-14T01:14:30Z	dataless,compressed,hidden	no	generated_or_test_residue
.playwright-cli/page-2026-07-14T01-24-15-041Z.yml	8960	2026-07-14T01:24:15Z	dataless,compressed,hidden	no	generated_or_test_residue
.playwright-cli/page-2026-07-14T01-24-37-469Z.yml	9949	2026-07-14T01:24:37Z	dataless,compressed,hidden	no	generated_or_test_residue
.playwright-cli/page-2026-07-14T01-38-57-682Z.yml	10185	2026-07-14T01:38:57Z	dataless,compressed,hidden	no	generated_or_test_residue
.playwright-cli/page-2026-07-14T04-38-59-757Z.yml	3460	2026-07-14T04:38:59Z	dataless,compressed,hidden	no	generated_or_test_residue
.playwright-cli/page-2026-07-14T04-39-01-508Z.png	237882	2026-07-14T04:39:01Z	dataless,compressed,hidden	no	generated_or_test_residue
.playwright-cli/page-2026-07-14T04-39-51-198Z.yml	3936	2026-07-14T04:39:51Z	dataless,compressed,hidden	no	generated_or_test_residue
.playwright-cli/page-2026-07-14T04-39-52-346Z.png	95735	2026-07-14T04:39:52Z	dataless,compressed,hidden	no	generated_or_test_residue
.playwright-cli/page-2026-07-14T04-40-41-994Z.yml	3936	2026-07-14T04:40:41Z	dataless,compressed,hidden	no	generated_or_test_residue
.playwright-cli/page-2026-07-14T04-40-43-860Z.png	95235	2026-07-14T04:40:43Z	dataless,compressed,hidden	no	generated_or_test_residue
.playwright-cli/page-2026-07-14T04-40-57-352Z.yml	3936	2026-07-14T04:40:57Z	dataless,compressed,hidden	no	generated_or_test_residue
.playwright-cli/page-2026-07-14T04-41-01-361Z.png	94844	2026-07-14T04:41:01Z	dataless,compressed,hidden	no	generated_or_test_residue
.playwright-cli/page-2026-07-14T04-41-13-240Z.yml	2636	2026-07-14T04:41:13Z	dataless,compressed,hidden	no	generated_or_test_residue
.playwright-cli/page-2026-07-14T04-41-17-247Z.png	238478	2026-07-14T04:41:17Z	dataless,compressed,hidden	no	generated_or_test_residue
.playwright-cli/page-2026-07-14T04-41-48-059Z.yml	3566	2026-07-14T04:41:48Z	dataless,compressed,hidden	no	generated_or_test_residue
.playwright-cli/page-2026-07-14T04-41-52-271Z.png	265875	2026-07-14T04:41:52Z	dataless,compressed,hidden	no	generated_or_test_residue
.playwright-cli/page-2026-07-14T04-42-02-578Z.yml	4821	2026-07-14T04:42:02Z	dataless,compressed,hidden	no	generated_or_test_residue
.playwright-cli/page-2026-07-14T04-42-06-550Z.png	110156	2026-07-14T04:42:06Z	dataless,compressed,hidden	no	generated_or_test_residue
.playwright-cli/page-2026-07-14T04-42-51-476Z.yml	4821	2026-07-14T04:42:51Z	dataless,compressed,hidden	no	generated_or_test_residue
.playwright-cli/page-2026-07-14T04-42-55-903Z.yml	3936	2026-07-14T04:42:55Z	dataless,compressed,hidden	no	generated_or_test_residue
.playwright-cli/page-2026-07-14T04-43-52-496Z.yml	2636	2026-07-14T04:43:52Z	dataless,compressed,hidden	no	generated_or_test_residue
.playwright-cli/page-2026-07-14T04-43-56-007Z.yml	4003	2026-07-14T04:43:56Z	dataless,compressed,hidden	no	generated_or_test_residue
.playwright-cli/page-2026-07-14T04-43-59-861Z.yml	2669	2026-07-14T04:43:59Z	dataless,compressed,hidden	no	generated_or_test_residue
.playwright-cli/page-2026-07-14T04-44-03-337Z.yml	4003	2026-07-14T04:44:03Z	dataless,compressed,hidden	no	generated_or_test_residue
.playwright-cli/page-2026-07-14T04-44-07-222Z.yml	2669	2026-07-14T04:44:07Z	dataless,compressed,hidden	no	generated_or_test_residue
.playwright-cli/page-2026-07-14T04-44-10-685Z.yml	4003	2026-07-14T04:44:10Z	dataless,compressed,hidden	no	generated_or_test_residue
.playwright-cli/page-2026-07-14T04-44-14-584Z.yml	3619	2026-07-14T04:44:14Z	dataless,compressed,hidden	no	generated_or_test_residue
.playwright-cli/page-2026-07-14T04-44-18-027Z.yml	4906	2026-07-14T04:44:18Z	dataless,compressed,hidden	no	generated_or_test_residue
.playwright-cli/page-2026-07-14T04-44-21-935Z.yml	3619	2026-07-14T04:44:21Z	dataless,compressed,hidden	no	generated_or_test_residue
.playwright-cli/page-2026-07-14T04-44-25-359Z.yml	4906	2026-07-14T04:44:25Z	dataless,compressed,hidden	no	generated_or_test_residue
.playwright-cli/page-2026-07-14T04-44-34-141Z.yml	2669	2026-07-14T04:44:34Z	dataless,compressed,hidden	no	generated_or_test_residue
.playwright-cli/page-2026-07-14T04-44-46-386Z.yml	3829	2026-07-14T04:44:46Z	dataless,compressed,hidden	no	generated_or_test_residue
.playwright-cli/page-2026-07-14T04-45-00-211Z.yml	3829	2026-07-14T04:45:00Z	dataless,compressed,hidden	no	generated_or_test_residue
.playwright-cli/page-2026-07-14T04-45-01-113Z.yml	3829	2026-07-14T04:45:01Z	dataless,compressed,hidden	no	generated_or_test_residue
.playwright-cli/page-2026-07-14T04-45-02-015Z.yml	3829	2026-07-14T04:45:02Z	dataless,compressed,hidden	no	generated_or_test_residue
.playwright-cli/page-2026-07-14T04-45-03-467Z.yml	2669	2026-07-14T04:45:03Z	dataless,compressed,hidden	no	generated_or_test_residue
.playwright-cli/page-2026-07-14T04-58-38-971Z.yml	2669	2026-07-14T04:58:38Z	dataless,compressed,hidden	no	generated_or_test_residue
.playwright-cli/page-2026-07-14T09-56-20-944Z.yml	3460	2026-07-14T09:56:20Z	dataless,compressed,hidden	no	generated_or_test_residue
.playwright-cli/page-2026-07-14T09-56-47-429Z.yml	3460	2026-07-14T09:56:47Z	dataless,compressed,hidden	no	generated_or_test_residue
.playwright-cli/page-2026-07-14T09-58-10-101Z.yml	4651	2026-07-14T09:58:10Z	dataless,compressed,hidden	no	generated_or_test_residue
.playwright-cli/page-2026-07-14T09-59-29-950Z.yml	3460	2026-07-14T09:59:29Z	dataless,compressed,hidden	no	generated_or_test_residue
.playwright-cli/page-2026-07-14T15-44-52-231Z.yml	9903	2026-07-14T15:44:52Z	dataless,compressed,hidden	no	generated_or_test_residue
.playwright-cli/page-2026-07-14T15-45-21-165Z.yml	3466	2026-07-14T15:45:21Z	dataless,compressed,hidden	no	generated_or_test_residue
.playwright-cli/page-2026-07-14T15-45-29-713Z.yml	4658	2026-07-14T15:45:29Z	dataless,compressed,hidden	no	generated_or_test_residue
.playwright-cli/page-2026-07-14T15-46-08-815Z.yml	9259	2026-07-14T15:46:08Z	dataless,compressed,hidden	no	generated_or_test_residue
.playwright-cli/page-2026-07-14T15-46-35-626Z.yml	10135	2026-07-14T15:46:35Z	dataless,compressed,hidden	no	generated_or_test_residue
.playwright-cli/page-2026-07-14T15-47-33-215Z.yml	2640	2026-07-14T15:47:33Z	dataless,compressed,hidden	no	generated_or_test_residue
.playwright-cli/page-2026-07-14T15-47-35-547Z.yml	3940	2026-07-14T15:47:35Z	dataless,compressed,hidden	no	generated_or_test_residue
.playwright-cli/page-2026-07-14T16-13-41-386Z.yml	3460	2026-07-14T16:13:41Z	dataless,compressed,hidden	no	generated_or_test_residue
.playwright-cli/page-2026-07-14T16-15-27-134Z.yml	9255	2026-07-14T16:15:27Z	dataless,compressed,hidden	no	generated_or_test_residue
.playwright-cli/page-2026-07-14T16-18-07-420Z.yml	2636	2026-07-14T16:18:07Z	dataless,compressed,hidden	no	generated_or_test_residue
.playwright-cli/page-2026-07-14T16-18-32-876Z.yml	2683	2026-07-14T16:18:32Z	dataless,compressed,hidden	no	generated_or_test_residue
.playwright-cli/page-2026-07-14T16-19-26-313Z.yml	3936	2026-07-14T16:19:26Z	dataless,compressed,hidden	no	generated_or_test_residue
.playwright-cli/page-2026-07-14T16-19-39-242Z.yml	3936	2026-07-14T16:19:39Z	dataless,compressed,hidden	no	generated_or_test_residue
.playwright-cli/page-2026-07-14T16-21-40-152Z.yml	3619	2026-07-14T16:21:40Z	dataless,compressed,hidden	no	generated_or_test_residue
.playwright-cli/page-2026-07-14T16-21-43-262Z.png	141318	2026-07-14T16:21:43Z	dataless,compressed,hidden	no	generated_or_test_residue
.playwright-cli/page-2026-07-14T16-21-59-974Z.png	168631	2026-07-14T16:21:59Z	dataless,compressed,hidden	no	generated_or_test_residue
.playwright-cli/page-2026-07-14T16-44-36-868Z.yml	2673	2026-07-14T16:44:36Z	dataless,compressed,hidden	no	generated_or_test_residue
.playwright-cli/page-2026-07-14T16-57-41-818Z.yml	9895	2026-07-14T16:57:41Z	dataless,compressed,hidden	no	generated_or_test_residue
.playwright-cli/page-2026-07-14T18-00-50-143Z.yml	9895	2026-07-14T18:00:50Z	dataless,compressed,hidden	no	generated_or_test_residue
.playwright-cli/page-2026-07-14T18-02-19-530Z.yml	9895	2026-07-14T18:02:19Z	dataless,compressed,hidden	no	generated_or_test_residue
.playwright-cli/page-2026-07-14T18-02-24-521Z.yml	3460	2026-07-14T18:02:24Z	dataless,compressed,hidden	no	generated_or_test_residue
.playwright-cli/page-2026-07-14T18-02-29-597Z.yml	4651	2026-07-14T18:02:29Z	dataless,compressed,hidden	no	generated_or_test_residue
.playwright-cli/page-2026-07-14T18-03-10-824Z.yml	9895	2026-07-14T18:03:10Z	dataless,compressed,hidden	no	generated_or_test_residue
.playwright-cli/page-2026-07-14T18-03-15-932Z.yml	3460	2026-07-14T18:03:15Z	dataless,compressed,hidden	no	generated_or_test_residue
.playwright-cli/page-2026-07-14T18-03-20-354Z.yml	9895	2026-07-14T18:03:20Z	dataless,compressed,hidden	no	generated_or_test_residue
.playwright-cli/page-2026-07-14T18-03-20-690Z.yml	4651	2026-07-14T18:03:20Z	dataless,compressed,hidden	no	generated_or_test_residue
.playwright-cli/page-2026-07-14T18-03-22-239Z.yml	9255	2026-07-14T18:03:22Z	dataless,compressed,hidden	no	generated_or_test_residue
.playwright-cli/page-2026-07-14T18-03-43-876Z.yml	2995	2026-07-14T18:03:43Z	dataless,compressed,hidden	no	generated_or_test_residue
.playwright-cli/page-2026-07-14T18-03-46-337Z.yml	3460	2026-07-14T18:03:46Z	dataless,compressed,hidden	no	generated_or_test_residue
.playwright-cli/page-2026-07-14T18-03-47-300Z.yml	2683	2026-07-14T18:03:47Z	dataless,compressed,hidden	no	generated_or_test_residue
.playwright-cli/page-2026-07-14T18-03-47-701Z.yml	2995	2026-07-14T18:03:47Z	dataless,compressed,hidden	no	generated_or_test_residue
.playwright-cli/page-2026-07-14T18-03-49-945Z.yml	4651	2026-07-14T18:03:49Z	dataless,compressed,hidden	no	generated_or_test_residue
.playwright-cli/page-2026-07-14T18-03-50-799Z.yml	3936	2026-07-14T18:03:50Z	dataless,compressed,hidden	no	generated_or_test_residue
.playwright-cli/page-2026-07-14T18-03-51-387Z.yml	2995	2026-07-14T18:03:51Z	dataless,compressed,hidden	no	generated_or_test_residue
.playwright-cli/page-2026-07-14T18-04-07-404Z.yml	9895	2026-07-14T18:04:07Z	dataless,compressed,hidden	no	generated_or_test_residue
.playwright-cli/page-2026-07-14T18-04-08-710Z.yml	9255	2026-07-14T18:04:08Z	dataless,compressed,hidden	no	generated_or_test_residue
.playwright-cli/page-2026-07-14T18-04-12-005Z.yml	3460	2026-07-14T18:04:12Z	dataless,compressed,hidden	no	generated_or_test_residue
.playwright-cli/page-2026-07-14T18-04-13-026Z.yml	2683	2026-07-14T18:04:13Z	dataless,compressed,hidden	no	generated_or_test_residue
.playwright-cli/page-2026-07-14T18-04-15-968Z.yml	4651	2026-07-14T18:04:15Z	dataless,compressed,hidden	no	generated_or_test_residue
.playwright-cli/page-2026-07-14T18-04-16-899Z.yml	3936	2026-07-14T18:04:16Z	dataless,compressed,hidden	no	generated_or_test_residue
.playwright-cli/page-2026-07-14T18-04-20-754Z.yml	9895	2026-07-14T18:04:20Z	dataless,compressed,hidden	no	generated_or_test_residue
.playwright-cli/page-2026-07-14T18-04-25-678Z.yml	3460	2026-07-14T18:04:25Z	dataless,compressed,hidden	no	generated_or_test_residue
.playwright-cli/page-2026-07-14T18-04-30-564Z.yml	4651	2026-07-14T18:04:30Z	dataless,compressed,hidden	no	generated_or_test_residue
.playwright-cli/page-2026-07-14T18-04-33-123Z.yml	9895	2026-07-14T18:04:33Z	dataless,compressed,hidden	no	generated_or_test_residue
.playwright-cli/page-2026-07-14T18-04-34-378Z.yml	10127	2026-07-14T18:04:34Z	dataless,compressed,hidden	no	generated_or_test_residue
.playwright-cli/page-2026-07-14T18-04-37-534Z.yml	3460	2026-07-14T18:04:37Z	dataless,compressed,hidden	no	generated_or_test_residue
.playwright-cli/page-2026-07-14T18-04-38-452Z.yml	3566	2026-07-14T18:04:38Z	dataless,compressed,hidden	no	generated_or_test_residue
.playwright-cli/page-2026-07-14T18-04-41-487Z.yml	4651	2026-07-14T18:04:41Z	dataless,compressed,hidden	no	generated_or_test_residue
.playwright-cli/page-2026-07-14T18-04-42-429Z.yml	4821	2026-07-14T18:04:42Z	dataless,compressed,hidden	no	generated_or_test_residue
.playwright-cli/page-2026-07-14T18-05-11-620Z.yml	9895	2026-07-14T18:05:11Z	dataless,compressed,hidden	no	generated_or_test_residue
.playwright-cli/page-2026-07-14T18-05-15-984Z.yml	3460	2026-07-14T18:05:15Z	dataless,compressed,hidden	no	generated_or_test_residue
.playwright-cli/page-2026-07-14T18-05-20-015Z.yml	4651	2026-07-14T18:05:20Z	dataless,compressed,hidden	no	generated_or_test_residue
.playwright-cli/page-2026-07-14T18-49-43-323Z.yml	9895	2026-07-14T18:49:43Z	dataless,compressed,hidden	no	generated_or_test_residue
.playwright-cli/page-2026-07-14T18-50-39-543Z.yml	2683	2026-07-14T18:50:39Z	dataless,compressed,hidden	no	generated_or_test_residue
.playwright-cli/page-2026-07-14T18-50-41-418Z.yml	3936	2026-07-14T18:50:41Z	dataless,compressed,hidden	no	generated_or_test_residue
.playwright-cli/page-2026-07-14T18-50-43-373Z.yml	9255	2026-07-14T18:50:43Z	dataless,compressed,hidden	no	generated_or_test_residue
.playwright-cli/page-2026-07-14T18-51-04-136Z.yml	10244	2026-07-14T18:51:04Z	dataless,compressed,hidden	no	generated_or_test_residue
.playwright-cli/page-2026-07-14T18-51-08-852Z.yml	2717	2026-07-14T18:51:08Z	dataless,compressed,hidden	no	generated_or_test_residue
.playwright-cli/page-2026-07-14T18-51-13-484Z.yml	4003	2026-07-14T18:51:13Z	dataless,compressed,hidden	no	generated_or_test_residue
.playwright-cli/page-2026-07-14T18-51-37-311Z.yml	9354	2026-07-14T18:51:37Z	dataless,compressed,hidden	no	generated_or_test_residue
.playwright-cli/page-2026-07-14T18-51-41-927Z.yml	3619	2026-07-14T18:51:41Z	dataless,compressed,hidden	no	generated_or_test_residue
.playwright-cli/page-2026-07-14T18-51-46-512Z.yml	4906	2026-07-14T18:51:46Z	dataless,compressed,hidden	no	generated_or_test_residue
.playwright-cli/page-2026-07-14T19-32-58-742Z.yml	9903	2026-07-14T19:32:58Z	dataless,compressed,hidden	no	generated_or_test_residue
.playwright-cli/page-2026-07-14T19-33-02-830Z.yml	9903	2026-07-14T19:33:02Z	dataless,compressed,hidden	no	generated_or_test_residue
.playwright-cli/page-2026-07-14T19-34-37-576Z.yml	3572	2026-07-14T19:34:37Z	dataless,compressed,hidden	no	generated_or_test_residue
.playwright-cli/page-2026-07-14T19-34-59-781Z.yml	4828	2026-07-14T19:34:59Z	dataless,compressed,hidden	no	generated_or_test_residue
.playwright-cli/page-2026-07-14T19-51-43-305Z.yml	9895	2026-07-14T19:51:43Z	dataless,compressed,hidden	no	generated_or_test_residue
.playwright-cli/page-2026-07-14T19-52-03-539Z.png	186833	2026-07-14T19:52:03Z	dataless,compressed,hidden	no	generated_or_test_residue
.playwright-cli/page-2026-07-14T19-52-13-793Z.png	124544	2026-07-14T19:52:13Z	dataless,compressed,hidden	no	generated_or_test_residue
.playwright-cli/page-2026-07-14T19-52-29-446Z.png	69087	2026-07-14T19:52:29Z	dataless,compressed,hidden	no	generated_or_test_residue
.playwright-cli/page-2026-07-14T19-52-49-877Z.yml	9895	2026-07-14T19:52:49Z	dataless,compressed,hidden	no	generated_or_test_residue
.playwright-cli/page-2026-07-14T19-54-12-785Z.png	214278	2026-07-14T19:54:12Z	dataless,compressed,hidden	no	generated_or_test_residue
.playwright-cli/page-2026-07-14T19-55-57-077Z.png	86683	2026-07-14T19:55:57Z	dataless,compressed,hidden	no	generated_or_test_residue
.playwright-cli/page-2026-07-14T19-56-54-076Z.png	229352	2026-07-14T19:56:54Z	dataless,compressed,hidden	no	generated_or_test_residue
.playwright-cli/page-2026-07-14T19-57-41-633Z.png	86592	2026-07-14T19:57:41Z	dataless,compressed,hidden	no	generated_or_test_residue
.playwright-cli/page-2026-07-14T19-57-59-491Z.png	86608	2026-07-14T19:57:59Z	dataless,compressed,hidden	no	generated_or_test_residue
.playwright-cli/page-2026-07-14T19-58-17-139Z.png	86549	2026-07-14T19:58:17Z	dataless,compressed,hidden	no	generated_or_test_residue
.playwright-cli/page-2026-07-14T20-24-51-431Z.yml	82	2026-07-14T20:24:51Z	dataless,compressed,hidden	no	generated_or_test_residue
.playwright-cli/page-2026-07-14T20-32-31-535Z.yml	9895	2026-07-14T20:32:31Z	dataless,compressed,hidden	no	generated_or_test_residue
.playwright-cli/page-2026-07-14T20-34-29-602Z.yml	10561	2026-07-14T20:34:29Z	dataless,compressed,hidden	no	generated_or_test_residue
.playwright-cli/page-2026-07-14T20-34-59-435Z.yml	9441	2026-07-14T20:34:59Z	dataless,compressed,hidden	no	generated_or_test_residue
.playwright-cli/page-2026-07-14T20-35-01-374Z.png	216605	2026-07-14T20:35:01Z	dataless,compressed,hidden	no	generated_or_test_residue
.playwright-cli/page-2026-07-14T20-35-20-909Z.png	254459	2026-07-14T20:35:20Z	dataless,compressed,hidden	no	generated_or_test_residue
.playwright-cli/page-2026-07-14T20-35-39-618Z.yml	9616	2026-07-14T20:35:39Z	dataless,compressed,hidden	no	generated_or_test_residue
.playwright-cli/page-2026-07-14T20-35-41-760Z.yml	9616	2026-07-14T20:35:41Z	dataless,compressed,hidden	no	generated_or_test_residue
.playwright-cli/page-2026-07-14T20-35-44-397Z.yml	9616	2026-07-14T20:35:44Z	dataless,compressed,hidden	no	generated_or_test_residue
.playwright-cli/page-2026-07-14T20-36-07-180Z.yml	10314	2026-07-14T20:36:07Z	dataless,compressed,hidden	no	generated_or_test_residue
.playwright-cli/page-2026-07-14T20-36-09-766Z.yml	10314	2026-07-14T20:36:09Z	dataless,compressed,hidden	no	generated_or_test_residue
.playwright-cli/page-2026-07-14T20-36-12-026Z.yml	10244	2026-07-14T20:36:12Z	dataless,compressed,hidden	no	generated_or_test_residue
.playwright-cli/page-2026-07-14T20-36-26-254Z.yml	9616	2026-07-14T20:36:26Z	dataless,compressed,hidden	no	generated_or_test_residue
.playwright-cli/page-2026-07-14T20-37-29-510Z.yml	9544	2026-07-14T20:37:29Z	dataless,compressed,hidden	no	generated_or_test_residue
.playwright-cli/page-2026-07-14T20-37-30-543Z.yml	9544	2026-07-14T20:37:30Z	dataless,compressed,hidden	no	generated_or_test_residue
.playwright-cli/page-2026-07-14T20-37-32-730Z.yml	10244	2026-07-14T20:37:32Z	dataless,compressed,hidden	no	generated_or_test_residue
.playwright-cli/page-2026-07-14T20-37-34-249Z.yml	3619	2026-07-14T20:37:34Z	dataless,compressed,hidden	no	generated_or_test_residue
.playwright-cli/page-2026-07-14T20-37-35-334Z.yml	2717	2026-07-14T20:37:35Z	dataless,compressed,hidden	no	generated_or_test_residue
.playwright-cli/page-2026-07-14T20-37-37-373Z.yml	3619	2026-07-14T20:37:37Z	dataless,compressed,hidden	no	generated_or_test_residue
.playwright-cli/page-2026-07-14T20-37-38-750Z.yml	4906	2026-07-14T20:37:38Z	dataless,compressed,hidden	no	generated_or_test_residue
.playwright-cli/page-2026-07-14T20-37-39-708Z.yml	4003	2026-07-14T20:37:39Z	dataless,compressed,hidden	no	generated_or_test_residue
.playwright-cli/page-2026-07-14T20-37-41-643Z.yml	4906	2026-07-14T20:37:41Z	dataless,compressed,hidden	no	generated_or_test_residue
.playwright-cli/page-2026-07-14T20-38-18-539Z.yml	10244	2026-07-14T20:38:18Z	dataless,compressed,hidden	no	generated_or_test_residue
.playwright-cli/page-2026-07-14T20-38-19-820Z.yml	9544	2026-07-14T20:38:19Z	dataless,compressed,hidden	no	generated_or_test_residue
.playwright-cli/page-2026-07-14T20-39-36-900Z.yml	9544	2026-07-14T20:39:36Z	dataless,compressed,hidden	no	generated_or_test_residue
.playwright-cli/page-2026-07-15T02-44-47-130Z.yml	3460	2026-07-15T02:44:47Z	dataless,compressed,hidden	no	generated_or_test_residue
.playwright-cli/page-2026-07-15T02-45-13-735Z.yml	3936	2026-07-15T02:45:13Z	dataless,compressed,hidden	no	generated_or_test_residue
.playwright-cli/page-2026-07-15T02-45-40-877Z.yml	3566	2026-07-15T02:45:40Z	dataless,compressed,hidden	no	generated_or_test_residue
.playwright-cli/page-2026-07-15T03-33-05-078Z.yml	4651	2026-07-15T03:33:05Z	dataless,compressed,hidden	no	generated_or_test_residue
.playwright-cli/page-2026-07-15T03-37-09-686Z.yml	4651	2026-07-15T03:37:09Z	dataless,compressed,hidden	no	generated_or_test_residue
.playwright-cli/page-2026-07-15T03-44-00-179Z.yml	9895	2026-07-15T03:44:00Z	dataless,compressed,hidden	no	generated_or_test_residue
.playwright-cli/page-2026-07-15T03-44-01-427Z.yml	9441	2026-07-15T03:44:01Z	dataless,compressed,hidden	no	generated_or_test_residue
.playwright-cli/page-2026-07-15T03-44-26-338Z.yml	9084	2026-07-15T03:44:26Z	dataless,compressed,hidden	no	generated_or_test_residue
.playwright-cli/page-2026-07-15T03-44-27-441Z.yml	9288	2026-07-15T03:44:27Z	dataless,compressed,hidden	no	generated_or_test_residue
.playwright-cli/page-2026-07-15T04-03-57-828Z.yml	9391	2026-07-15T04:03:57Z	dataless,compressed,hidden	no	generated_or_test_residue
.playwright-cli/page-2026-07-15T04-05-05-431Z.yml	9391	2026-07-15T04:05:05Z	dataless,compressed,hidden	no	generated_or_test_residue
.playwright-cli/page-2026-07-15T04-06-43-685Z.yml	9544	2026-07-15T04:06:43Z	dataless,compressed,hidden	no	generated_or_test_residue
.playwright-cli/page-2026-07-15T04-39-08-066Z.yml	9084	2026-07-15T04:39:08Z	dataless,compressed,hidden	no	generated_or_test_residue
.playwright-cli/page-2026-07-15T04-39-19-854Z.yml	9750	2026-07-15T04:39:19Z	dataless,compressed,hidden	no	generated_or_test_residue
.playwright-cli/page-2026-07-15T04-39-43-673Z.yml	10410	2026-07-15T04:39:43Z	dataless,compressed,hidden	no	generated_or_test_residue
.playwright-cli/page-2026-07-15T04-39-54-123Z.yml	4000	2026-07-15T04:39:54Z	dataless,compressed,hidden	no	generated_or_test_residue
.playwright-cli/page-2026-07-15T04-41-27-489Z.yml	9288	2026-07-15T04:41:27Z	dataless,compressed,hidden	no	generated_or_test_residue
.playwright-cli/page-2026-07-15T04-41-31-708Z.yml	10914	2026-07-15T04:41:31Z	dataless,compressed,hidden	no	generated_or_test_residue
.playwright-cli/page-2026-07-15T04-42-08-689Z.yml	9391	2026-07-15T04:42:08Z	dataless,compressed,hidden	no	generated_or_test_residue
.playwright-cli/page-2026-07-15T04-43-38-002Z.yml	9391	2026-07-15T04:43:38Z	dataless,compressed,hidden	no	generated_or_test_residue
.playwright-cli/page-2026-07-15T12-41-50-206Z.yml	9084	2026-07-15T12:41:50Z	dataless,compressed,hidden	no	generated_or_test_residue
.playwright-cli/page-2026-07-15T12-45-41-398Z.yml	10636	2026-07-15T12:45:41Z	dataless,compressed,hidden	no	generated_or_test_residue
.playwright-cli/page-2026-07-15T12-45-54-145Z.yml	10636	2026-07-15T12:45:54Z	dataless,compressed,hidden	no	generated_or_test_residue
.playwright-cli/page-2026-07-15T12-47-59-563Z.yml	9290	2026-07-15T12:47:59Z	dataless,compressed,hidden	no	generated_or_test_residue
.playwright-cli/page-2026-07-15T12-49-04-026Z.yml	8809	2026-07-15T12:49:04Z	dataless,compressed,hidden	no	generated_or_test_residue
.playwright-cli/page-2026-07-15T12-52-15-237Z.yml	0	2026-07-15T12:52:15Z	dataless,compressed,hidden	no	generated_or_test_residue
.playwright-cli/page-2026-07-15T12-58-12-307Z.yml	0	2026-07-15T12:58:12Z	dataless,compressed,hidden	no	generated_or_test_residue
.playwright-cli/page-2026-07-15T13-06-38-428Z.yml	0	2026-07-15T13:06:38Z	dataless,compressed,hidden	no	generated_or_test_residue
.playwright-cli/page-2026-07-15T14-05-59-272Z.yml	9895	2026-07-15T14:05:59Z	dataless,compressed,hidden	no	generated_or_test_residue
.playwright-cli/page-2026-07-15T14-06-01-861Z.yml	9441	2026-07-15T14:06:01Z	dataless,compressed,hidden	no	generated_or_test_residue
.playwright-cli/page-2026-07-15T15-39-11-315Z.yml	9903	2026-07-15T15:39:11Z	dataless,compressed,hidden	no	generated_or_test_residue
.playwright-cli/page-2026-07-15T16-45-40-525Z.yml	9084	2026-07-15T16:45:40Z	dataless,compressed,hidden	no	generated_or_test_residue
.playwright-cli/page-2026-07-15T16-47-11-435Z.yml	0	2026-07-15T16:47:11Z	dataless,compressed,hidden	no	generated_or_test_residue
.playwright-cli/page-2026-07-15T17-41-58-963Z.yml	4651	2026-07-15T17:41:58Z	dataless,compressed,hidden	no	generated_or_test_residue
.playwright-cli/page-2026-07-15T17-44-14-715Z.yml	3940	2026-07-15T17:44:14Z	dataless,compressed,hidden	no	generated_or_test_residue
.playwright-cli/page-2026-07-15T19-11-58-836Z.yml	9738	2026-07-15T19:11:58Z	dataless,compressed,hidden	no	generated_or_test_residue
.playwright-cli/page-2026-07-15T19-14-08-840Z.yml	0	2026-07-15T19:14:08Z	dataless,compressed,hidden	no	generated_or_test_residue
.playwright-cli/page-2026-07-15T19-14-28-975Z.yml	9084	2026-07-15T19:14:28Z	dataless,compressed,hidden	no	generated_or_test_residue
.playwright-cli/page-2026-07-15T19-15-12-402Z.yml	9895	2026-07-15T19:15:12Z	dataless,compressed,hidden	no	generated_or_test_residue
.playwright-cli/page-2026-07-15T22-59-48-860Z.yml	9084	2026-07-15T22:59:48Z	dataless,compressed,hidden	no	generated_or_test_residue
.playwright-cli/page-2026-07-15T23-00-37-092Z.yml	9288	2026-07-15T23:00:37Z	dataless,compressed,hidden	no	generated_or_test_residue
.playwright-cli/page-2026-07-15T23-03-39-759Z.yml	10636	2026-07-15T23:03:39Z	dataless,compressed,hidden	no	generated_or_test_residue
.playwright-cli/page-2026-07-16T00-03-26-337Z.yml	9903	2026-07-16T00:03:26Z	dataless,compressed,hidden	no	generated_or_test_residue
.playwright-cli/page-2026-07-16T00-04-56-812Z.yml	9903	2026-07-16T00:04:56Z	dataless,compressed,hidden	no	generated_or_test_residue
.playwright-cli/page-2026-07-16T00-06-02-788Z.yml	9445	2026-07-16T00:06:02Z	dataless,compressed,hidden	no	generated_or_test_residue
.playwright-cli/page-2026-07-16T00-06-26-437Z.yml	9548	2026-07-16T00:06:26Z	dataless,compressed,hidden	no	generated_or_test_residue
.playwright-cli/page-2026-07-16T00-11-01-454Z.yml	9895	2026-07-16T00:11:01Z	dataless,compressed,hidden	no	generated_or_test_residue
.playwright-cli/page-2026-07-16T00-12-21-126Z.yml	9903	2026-07-16T00:12:21Z	dataless,compressed,hidden	no	generated_or_test_residue
.playwright-cli/page-2026-07-16T00-14-33-072Z.yml	9895	2026-07-16T00:14:33Z	dataless,compressed,hidden	no	generated_or_test_residue
.playwright-cli/page-2026-07-16T00-21-13-956Z.yml	9441	2026-07-16T00:21:13Z	dataless,compressed,hidden	no	generated_or_test_residue
.playwright-cli/page-2026-07-16T00-48-24-429Z.yml	9903	2026-07-16T00:48:24Z	dataless,compressed,hidden	no	generated_or_test_residue
.playwright-cli/page-2026-07-16T01-14-34-269Z.yml	9084	2026-07-16T01:14:34Z	dataless,compressed,hidden	no	generated_or_test_residue
.playwright-cli/page-2026-07-16T01-14-49-984Z.yml	10388	2026-07-16T01:14:49Z	dataless,compressed,hidden	no	generated_or_test_residue
.playwright-cli/page-2026-07-16T01-14-58-707Z.yml	9086	2026-07-16T01:14:58Z	dataless,compressed,hidden	no	generated_or_test_residue
.playwright-cli/page-2026-07-16T01-15-29-956Z.yml	10388	2026-07-16T01:15:29Z	dataless,compressed,hidden	no	generated_or_test_residue
.playwright-cli/page-2026-07-16T07-24-15-361Z.yml	9942	2026-07-16T07:24:15Z	dataless,compressed,hidden	no	generated_or_test_residue
.playwright-cli/page-2026-07-16T07-25-05-940Z.yml	10578	2026-07-16T07:25:05Z	dataless,compressed,hidden	no	generated_or_test_residue
.playwright-cli/page-2026-07-16T07-25-29-612Z.yml	10578	2026-07-16T07:25:29Z	dataless,compressed,hidden	no	generated_or_test_residue
.playwright-cli/page-2026-07-16T07-25-32-181Z.yml	10578	2026-07-16T07:25:32Z	dataless,compressed,hidden	no	generated_or_test_residue
.playwright-cli/page-2026-07-16T07-25-34-115Z.yml	10578	2026-07-16T07:25:34Z	dataless,compressed,hidden	no	generated_or_test_residue
.playwright-cli/page-2026-07-16T07-27-25-750Z.yml	9441	2026-07-16T07:27:25Z	dataless,compressed,hidden	no	generated_or_test_residue
.playwright-cli/page-2026-07-16T07-27-43-732Z.yml	10789	2026-07-16T07:27:43Z	dataless,compressed,hidden	no	generated_or_test_residue
.playwright-cli/page-2026-07-16T07-28-06-656Z.yml	10789	2026-07-16T07:28:06Z	dataless,compressed,hidden	no	generated_or_test_residue
.playwright-cli/page-2026-07-16T07-28-32-586Z.yml	9544	2026-07-16T07:28:32Z	dataless,compressed,hidden	no	generated_or_test_residue
.playwright-cli/page-2026-07-16T07-29-21-917Z.yml	9742	2026-07-16T07:29:21Z	dataless,compressed,hidden	no	generated_or_test_residue
.playwright-cli/page-2026-07-16T07-30-42-587Z.yml	9288	2026-07-16T07:30:42Z	dataless,compressed,hidden	no	generated_or_test_residue
.playwright-cli/page-2026-07-16T07-31-18-892Z.yml	10636	2026-07-16T07:31:18Z	dataless,compressed,hidden	no	generated_or_test_residue
.playwright-cli/page-2026-07-16T07-31-49-959Z.yml	10636	2026-07-16T07:31:49Z	dataless,compressed,hidden	no	generated_or_test_residue
.playwright-cli/page-2026-07-16T07-33-08-698Z.png	213365	2026-07-16T07:33:08Z	dataless,compressed,hidden	no	generated_or_test_residue
.playwright-cli/page-2026-07-16T07-33-38-025Z.png	150725	2026-07-16T07:33:38Z	dataless,compressed,hidden	no	generated_or_test_residue
.playwright-cli/page-2026-07-16T07-39-47-975Z.yml	9895	2026-07-16T07:39:47Z	dataless,compressed,hidden	no	generated_or_test_residue
.playwright-cli/page-2026-07-16T07-43-07-533Z.yml	10826	2026-07-16T07:43:07Z	dataless,compressed,hidden	no	generated_or_test_residue
.playwright-cli/page-2026-07-16T07-43-29-651Z.yml	10826	2026-07-16T07:43:29Z	dataless,compressed,hidden	no	generated_or_test_residue
.playwright-cli/page-2026-07-16T07-44-13-684Z.yml	10826	2026-07-16T07:44:13Z	dataless,compressed,hidden	no	generated_or_test_residue
.playwright-cli/page-2026-07-16T07-44-40-562Z.yml	10826	2026-07-16T07:44:40Z	dataless,compressed,hidden	no	generated_or_test_residue
.playwright-cli/page-2026-07-16T07-57-17-819Z.yml	9742	2026-07-16T07:57:17Z	dataless,compressed,hidden	no	generated_or_test_residue
.playwright-cli/page-2026-07-16T07-59-53-380Z.yml	9288	2026-07-16T07:59:53Z	dataless,compressed,hidden	no	generated_or_test_residue
.playwright-cli/page-2026-07-16T16-14-48-979Z.yml	9942	2026-07-16T16:14:48Z	dataless,compressed,hidden	no	generated_or_test_residue
.playwright-cli/page-2026-07-16T16-16-17-569Z.yml	9895	2026-07-16T16:16:17Z	dataless,compressed,hidden	no	generated_or_test_residue
.playwright-cli/page-2026-07-16T16-17-02-206Z.yml	9895	2026-07-16T16:17:02Z	dataless,compressed,hidden	no	generated_or_test_residue
.playwright-cli/page-2026-07-16T16-17-55-008Z.yml	9895	2026-07-16T16:17:55Z	dataless,compressed,hidden	no	generated_or_test_residue
.playwright-cli/page-2026-07-16T16-17-58-528Z.yml	2683	2026-07-16T16:17:58Z	dataless,compressed,hidden	no	generated_or_test_residue
.playwright-cli/page-2026-07-16T16-18-01-759Z.yml	3936	2026-07-16T16:18:01Z	dataless,compressed,hidden	no	generated_or_test_residue
.playwright-cli/page-2026-07-16T16-19-50-615Z.yml	9895	2026-07-16T16:19:50Z	dataless,compressed,hidden	no	generated_or_test_residue
.playwright-cli/page-2026-07-16T16-19-54-278Z.yml	2683	2026-07-16T16:19:54Z	dataless,compressed,hidden	no	generated_or_test_residue
.playwright-cli/page-2026-07-16T16-19-56-336Z.yml	3936	2026-07-16T16:19:56Z	dataless,compressed,hidden	no	generated_or_test_residue
.playwright-cli/page-2026-07-16T16-23-34-811Z.yml	3520	2026-07-16T16:23:34Z	dataless,compressed,hidden	no	generated_or_test_residue
.playwright-cli/page-2026-07-16T16-24-22-954Z.yml	9955	2026-07-16T16:24:22Z	dataless,compressed,hidden	no	generated_or_test_residue
.playwright-cli/page-2026-07-16T16-24-25-896Z.yml	2743	2026-07-16T16:24:25Z	dataless,compressed,hidden	no	generated_or_test_residue
.playwright-cli/page-2026-07-16T16-24-29-725Z.yml	3750	2026-07-16T16:24:29Z	dataless,compressed,hidden	no	generated_or_test_residue
.playwright-cli/page-2026-07-16T16-24-55-608Z.yml	4559	2026-07-16T16:24:55Z	dataless,compressed,hidden	no	generated_or_test_residue
.playwright-cli/page-2026-07-16T16-25-12-046Z.png	265884	2026-07-16T16:25:12Z	dataless,compressed,hidden	no	generated_or_test_residue
.playwright-cli/page-2026-07-16T16-25-20-731Z.yml	3520	2026-07-16T16:25:20Z	dataless,compressed,hidden	no	generated_or_test_residue
.playwright-cli/page-2026-07-16T16-25-31-637Z.yml	4719	2026-07-16T16:25:31Z	dataless,compressed,hidden	no	generated_or_test_residue
.playwright-cli/page-2026-07-16T16-25-33-573Z.png	53735	2026-07-16T16:25:33Z	dataless,compressed,hidden	no	generated_or_test_residue
.playwright-cli/page-2026-07-16T16-26-32-427Z.png	134605	2026-07-16T16:26:32Z	dataless,compressed,hidden	no	generated_or_test_residue
.playwright-cli/page-2026-07-16T16-27-39-121Z.yml	4719	2026-07-16T16:27:39Z	dataless,compressed,hidden	no	generated_or_test_residue
.playwright-cli/page-2026-07-16T16-28-22-582Z.yml	4719	2026-07-16T16:28:22Z	dataless,compressed,hidden	no	generated_or_test_residue
.playwright-cli/page-2026-07-16T17-19-47-271Z.yml	4559	2026-07-16T17:19:47Z	dataless,compressed,hidden	no	generated_or_test_residue
.playwright-cli/page-2026-07-16T17-20-30-908Z.png	137219	2026-07-16T17:20:30Z	dataless,compressed,hidden	no	generated_or_test_residue
.playwright-cli/page-2026-07-16T18-14-23-800Z.yml	9886	2026-07-16T18:14:23Z	dataless,compressed,hidden	no	generated_or_test_residue
.playwright-cli/page-2026-07-16T18-15-49-917Z.yml	3626	2026-07-16T18:15:49Z	dataless,compressed,hidden	no	generated_or_test_residue
.playwright-cli/page-2026-07-16T18-16-41-542Z.yml	3750	2026-07-16T18:16:41Z	dataless,compressed,hidden	no	generated_or_test_residue
.playwright-cli/page-2026-07-16T18-19-06-517Z.yml	9477	2026-07-16T18:19:06Z	dataless,compressed,hidden	no	generated_or_test_residue
.playwright-cli/page-2026-07-20T12-31-19-404Z.yml	11160	2026-07-20T12:31:19Z	dataless,compressed,hidden	no	generated_or_test_residue
.playwright-cli/page-2026-07-20T12-32-15-342Z.yml	11432	2026-07-20T12:32:15Z	dataless,compressed,hidden	no	generated_or_test_residue
.playwright-cli/page-2026-07-20T12-55-39-606Z.yml	11569	2026-07-20T12:55:39Z	dataless,compressed,hidden	no	generated_or_test_residue
.playwright-cli/page-2026-07-20T13-04-56-599Z.yml	11168	2026-07-20T13:04:56Z	dataless,compressed,hidden	no	generated_or_test_residue
.playwright-cli/page-2026-07-20T13-05-29-555Z.yml	2747	2026-07-20T13:05:29Z	dataless,compressed,hidden	no	generated_or_test_residue
.playwright-cli/page-2026-07-20T13-05-33-330Z.yml	3754	2026-07-20T13:05:33Z	dataless,compressed,hidden	no	generated_or_test_residue
.playwright-cli/page-2026-07-20T13-25-58-594Z.yml	11440	2026-07-20T13:25:58Z	dataless,compressed,hidden	no	generated_or_test_residue
.playwright-cli/page-2026-07-20T13-27-21-184Z.yml	11168	2026-07-20T13:27:21Z	dataless,compressed,hidden	no	generated_or_test_residue
.playwright-cli/page-2026-07-20T13-27-50-850Z.png	243712	2026-07-20T13:27:50Z	dataless,compressed,hidden	no	generated_or_test_residue
.playwright-cli/page-2026-07-20T13-27-56-659Z.png	193358	2026-07-20T13:27:56Z	dataless,compressed,hidden	no	generated_or_test_residue
.playwright-cli/page-2026-07-20T13-28-45-414Z.yml	11440	2026-07-20T13:28:45Z	dataless,compressed,hidden	no	generated_or_test_residue
.playwright-cli/page-2026-07-20T13-28-52-293Z.png	745934	2026-07-20T13:28:52Z	dataless,compressed,hidden	no	generated_or_test_residue
.playwright-cli/page-2026-07-20T13-29-42-194Z.png	328660	2026-07-20T13:29:42Z	dataless,compressed,hidden	no	generated_or_test_residue
.playwright-cli/page-2026-07-20T13-30-23-492Z.png	132441	2026-07-20T13:30:23Z	dataless,compressed,hidden	no	generated_or_test_residue
.playwright-cli/page-2026-07-20T13-30-43-769Z.png	70054	2026-07-20T13:30:43Z	dataless,compressed,hidden	no	generated_or_test_residue
.playwright-cli/page-2026-07-20T13-30-56-515Z.yml	9584	2026-07-20T13:30:56Z	dataless,compressed,hidden	no	generated_or_test_residue
.playwright-cli/page-2026-07-20T13-31-10-563Z.png	157753	2026-07-20T13:31:10Z	dataless,compressed,hidden	no	generated_or_test_residue
.playwright-cli/page-2026-07-20T13-31-20-243Z.yml	11577	2026-07-20T13:31:20Z	dataless,compressed,hidden	no	generated_or_test_residue
.playwright-cli/page-2026-07-20T13-31-20-781Z.png	500114	2026-07-20T13:31:20Z	dataless,compressed,hidden	no	generated_or_test_residue
.playwright-cli/page-2026-07-20T13-31-28-255Z.yml	11577	2026-07-20T13:31:28Z	dataless,compressed,hidden	no	generated_or_test_residue
.playwright-cli/page-2026-07-20T13-32-02-346Z.png	606320	2026-07-20T13:32:02Z	dataless,compressed,hidden	no	generated_or_test_residue
.playwright-cli/page-2026-07-20T13-32-28-290Z.yml	11577	2026-07-20T13:32:28Z	dataless,compressed,hidden	no	generated_or_test_residue
.playwright-cli/page-2026-07-20T13-33-02-571Z.yml	11577	2026-07-20T13:33:02Z	dataless,compressed,hidden	no	generated_or_test_residue
.playwright-cli/page-2026-07-20T13-33-23-531Z.yml	11569	2026-07-20T13:33:23Z	dataless,compressed,hidden	no	generated_or_test_residue
.playwright-cli/page-2026-07-20T13-33-35-483Z.yml	10919	2026-07-20T13:33:35Z	dataless,compressed,hidden	no	generated_or_test_residue
.playwright-cli/page-2026-07-20T13-34-18-372Z.yml	10998	2026-07-20T13:34:18Z	dataless,compressed,hidden	no	generated_or_test_residue
.playwright-cli/page-2026-07-20T13-35-10-855Z.yml	9107	2026-07-20T13:35:10Z	dataless,compressed,hidden	no	generated_or_test_residue
.playwright-cli/page-2026-07-20T13-36-30-842Z.yml	10998	2026-07-20T13:36:30Z	dataless,compressed,hidden	no	generated_or_test_residue
.playwright-cli/page-2026-07-20T18-15-51-092Z.yml	10775	2026-07-20T18:15:51Z	dataless,compressed,hidden	no	generated_or_test_residue
.playwright-cli/page-2026-07-20T18-17-26-343Z.yml	10782	2026-07-20T18:17:26Z	dataless,compressed,hidden	no	generated_or_test_residue
.playwright-cli/page-2026-07-20T22-25-58-714Z.yml	10735	2026-07-20T22:25:58Z	dataless,compressed,hidden	no	generated_or_test_residue
.playwright-cli/page-2026-07-20T22-26-02-438Z.yml	9045	2026-07-20T22:26:02Z	dataless,compressed,hidden	no	generated_or_test_residue
.playwright-cli/page-2026-07-20T22-26-22-147Z.yml	10735	2026-07-20T22:26:22Z	dataless,compressed,hidden	no	generated_or_test_residue
.playwright-cli/page-2026-07-20T22-26-28-796Z.yml	4565	2026-07-20T22:26:28Z	dataless,compressed,hidden	no	generated_or_test_residue
.playwright-cli/page-2026-07-20T22-26-36-231Z.yml	3526	2026-07-20T22:26:36Z	dataless,compressed,hidden	no	generated_or_test_residue
AGENTS.md	37387	2026-07-06T16:58:23Z	dataless,compressed	yes	project_support
CLAUDE.md	144770	2026-07-20T18:43:14Z	dataless,compressed	yes	project_support
Framer/.DS_Store	6148	2026-04-28T16:36:22Z	hidden	no	project_support
Framer/MM Studio Snapshot (1200x630).jpg	125445	2024-12-21T01:31:15Z	dataless,compressed	no	project_support
Framer/MM.S Framer API/.env	125	2026-04-28T17:05:01Z	dataless,compressed,hidden	no	project_support
Framer/MM.S Framer API/.env.example	68	2026-04-28T16:44:26Z	dataless,compressed,hidden	yes	project_support
Framer/MM.S Framer API/.gitignore	38	2026-04-28T17:16:13Z	hidden	yes	project_support
Framer/MM.S Framer API/README.md	2515	2026-04-28T17:17:33Z	dataless,compressed	yes	project_support
Framer/MM.S Framer API/design-system.json	9948	2026-04-28T17:17:05Z	dataless,compressed	no	project_support
Framer/MM.S Framer API/index.mjs	516	2026-04-28T16:19:02Z	dataless,compressed	yes	project_support
Framer/MM.S Framer API/node_modules/.package-lock.json	1416	2026-04-28T16:20:22Z	dataless,compressed,hidden	no	project_support
Framer/MM.S Framer API/node_modules/csstype/LICENSE	1062	2026-04-28T16:20:22Z	dataless,compressed	no	project_support
Framer/MM.S Framer API/node_modules/csstype/README.md	10887	2026-04-28T16:20:22Z	dataless,compressed	no	project_support
Framer/MM.S Framer API/node_modules/csstype/index.d.ts	894969	2026-04-28T16:20:22Z	dataless,compressed	no	project_support
Framer/MM.S Framer API/node_modules/csstype/index.js.flow	344546	2026-04-28T16:20:22Z	dataless,compressed	no	project_support
Framer/MM.S Framer API/node_modules/csstype/package.json	1985	2026-04-28T16:20:22Z	dataless,compressed	no	project_support
Framer/MM.S Framer API/node_modules/devalue/LICENSE	1121	2026-04-28T16:20:22Z	dataless,compressed	no	project_support
Framer/MM.S Framer API/node_modules/devalue/README.md	6206	2026-04-28T16:20:22Z	dataless,compressed	no	project_support
Framer/MM.S Framer API/node_modules/devalue/index.js	188	2026-04-28T16:20:22Z	dataless,compressed	no	project_support
Framer/MM.S Framer API/node_modules/devalue/package.json	1007	2026-04-28T16:20:22Z	dataless,compressed	no	project_support
Framer/MM.S Framer API/node_modules/devalue/src/base64.js	1792	2026-04-28T16:20:22Z	dataless,compressed	no	project_support
Framer/MM.S Framer API/node_modules/devalue/src/base64.test.js	974	2026-04-28T16:20:22Z	dataless,compressed	no	project_support
Framer/MM.S Framer API/node_modules/devalue/src/constants.js	209	2026-04-28T16:20:22Z	dataless,compressed	no	project_support
Framer/MM.S Framer API/node_modules/devalue/src/parse.js	6753	2026-04-28T16:20:22Z	dataless,compressed	no	project_support
Framer/MM.S Framer API/node_modules/devalue/src/stringify.js	9149	2026-04-28T16:20:22Z	dataless,compressed	no	project_support
Framer/MM.S Framer API/node_modules/devalue/src/types.d.ts	215	2026-04-28T16:20:22Z	dataless,compressed	no	project_support
Framer/MM.S Framer API/node_modules/devalue/src/uneval.js	14543	2026-04-28T16:20:22Z	dataless,compressed	no	project_support
Framer/MM.S Framer API/node_modules/devalue/src/utils.js	3418	2026-04-28T16:20:22Z	dataless,compressed	no	project_support
Framer/MM.S Framer API/node_modules/devalue/src/utils.test.js	1709	2026-04-28T16:20:22Z	dataless,compressed	no	project_support
Framer/MM.S Framer API/node_modules/devalue/types/index.d.ts	1094	2026-04-28T16:20:22Z	dataless,compressed	no	project_support
Framer/MM.S Framer API/node_modules/devalue/types/index.d.ts.map	415	2026-04-28T16:20:22Z	dataless,compressed	no	project_support
Framer/MM.S Framer API/node_modules/framer-api/LICENSE	1068	2026-04-28T16:20:22Z	dataless,compressed	no	project_support
Framer/MM.S Framer API/node_modules/framer-api/README.md	1801	2026-04-28T16:20:22Z	dataless,compressed	no	project_support
Framer/MM.S Framer API/node_modules/framer-api/dist/index.d.ts	298082	2026-04-28T16:20:22Z	dataless,compressed	no	project_support
Framer/MM.S Framer API/node_modules/framer-api/dist/index.js	108045	2026-04-28T16:20:22Z	dataless,compressed	no	project_support
Framer/MM.S Framer API/node_modules/framer-api/package.json	1511	2026-04-28T16:20:22Z	dataless,compressed	no	project_support
Framer/MM.S Framer API/node_modules/std-env/LICENCE	1079	2026-04-28T16:20:22Z	dataless,compressed	no	project_support
Framer/MM.S Framer API/node_modules/std-env/README.md	4009	2026-04-28T16:20:22Z	dataless,compressed	no	project_support
Framer/MM.S Framer API/node_modules/std-env/dist/index.d.mts	7289	2026-04-28T16:20:22Z	dataless,compressed	no	project_support
Framer/MM.S Framer API/node_modules/std-env/dist/index.mjs	3804	2026-04-28T16:20:22Z	dataless,compressed	no	project_support
Framer/MM.S Framer API/node_modules/std-env/package.json	1119	2026-04-28T16:20:22Z	dataless,compressed	no	project_support
Framer/MM.S Framer API/package-lock.json	1554	2026-04-28T16:20:22Z	dataless,compressed	yes	project_support
Framer/MM.S Framer API/package.json	296	2026-04-28T17:16:08Z	dataless,compressed	yes	project_support
Framer/MM.S Framer API/read-design-system.mjs	3182	2026-04-28T17:16:57Z	dataless,compressed	yes	project_support
HANDOFF-CODEX.md	72999	2026-07-20T18:42:52Z	dataless,compressed	yes	project_support
Portfolio assets/.DS_Store	10244	2026-07-20T19:31:54Z	hidden	no	creative_archive_or_active_embed
Portfolio assets/Linkedin/.DS_Store	8196	2026-07-07T00:03:47Z	hidden	no	creative_archive_or_active_embed
Portfolio assets/Linkedin/Adobe Premiere Pro (Beta) Auto-Save/.DS_Store	6148	2024-04-29T15:45:40Z	hidden	no	creative_archive_or_active_embed
Portfolio assets/Linkedin/Adobe Premiere Pro (Beta) Auto-Save/OC.WORK--fb7c4139-8286-d369-db67-7121544014b9-2024-04-10_12-19-54.prproj	10896	2024-04-10T16:19:54Z	dataless,compressed	no	creative_archive_or_active_embed
Portfolio assets/Linkedin/Adobe Premiere Pro (Beta) Auto-Save/OC.WORK--fb7c4139-8286-d369-db67-7121544014b9-2024-04-10_12-29-46.prproj	15039	2024-04-10T16:29:46Z	dataless,compressed	no	creative_archive_or_active_embed
Portfolio assets/Linkedin/Adobe Premiere Pro (Beta) Auto-Save/OC.WORK--fb7c4139-8286-d369-db67-7121544014b9-2024-04-10_12-35-46.prproj	15551	2024-04-10T16:35:46Z	dataless,compressed	no	creative_archive_or_active_embed
Portfolio assets/Linkedin/Adobe Premiere Pro (Beta) Auto-Save/OC.WORK--fb7c4139-8286-d369-db67-7121544014b9-2024-04-10_12-44-44.prproj	18622	2024-04-10T16:40:26Z	dataless,compressed	no	creative_archive_or_active_embed
Portfolio assets/Linkedin/Adobe Premiere Pro (Beta) Auto-Save/OC.WORK--fb7c4139-8286-d369-db67-7121544014b9-2024-04-10_15-04-52.prproj	26285	2024-04-10T19:03:22Z	dataless,compressed	no	creative_archive_or_active_embed
Portfolio assets/Linkedin/Adobe Premiere Pro (Beta) Auto-Save/OC.WORK--fb7c4139-8286-d369-db67-7121544014b9-2024-04-10_16-04-19.prproj	35615	2024-04-10T20:04:19Z	dataless,compressed	no	creative_archive_or_active_embed
Portfolio assets/Linkedin/Adobe Premiere Pro (Beta) Auto-Save/OC.WORK--fb7c4139-8286-d369-db67-7121544014b9-2024-04-10_16-10-19.prproj	35579	2024-04-10T20:08:38Z	dataless,compressed	no	creative_archive_or_active_embed
Portfolio assets/Linkedin/Adobe Premiere Pro (Beta) Auto-Save/OC.WORK--fb7c4139-8286-d369-db67-7121544014b9-2024-04-10_16-32-52.prproj	45763	2024-04-10T20:32:52Z	dataless,compressed	no	creative_archive_or_active_embed
Portfolio assets/Linkedin/Adobe Premiere Pro (Beta) Auto-Save/OC.WORK--fb7c4139-8286-d369-db67-7121544014b9-2024-04-10_16-38-52.prproj	42085	2024-04-10T20:38:52Z	dataless,compressed	no	creative_archive_or_active_embed
Portfolio assets/Linkedin/Adobe Premiere Pro (Beta) Auto-Save/OC.WORK--fb7c4139-8286-d369-db67-7121544014b9-2024-04-10_16-44-52.prproj	40847	2024-04-10T20:39:17Z	dataless,compressed	no	creative_archive_or_active_embed
Portfolio assets/Linkedin/Adobe Premiere Pro (Beta) Auto-Save/OC.WORK--fb7c4139-8286-d369-db67-7121544014b9-2024-04-10_16-58-31.prproj	37152	2024-04-10T20:58:31Z	dataless,compressed	no	creative_archive_or_active_embed
Portfolio assets/Linkedin/Adobe Premiere Pro (Beta) Auto-Save/OC.WORK--fb7c4139-8286-d369-db67-7121544014b9-2024-04-10_17-07-46.prproj	43823	2024-04-10T21:07:46Z	dataless,compressed	no	creative_archive_or_active_embed
Portfolio assets/Linkedin/Adobe Premiere Pro (Beta) Auto-Save/OC.WORK--fb7c4139-8286-d369-db67-7121544014b9-2024-04-10_17-13-46.prproj	43812	2024-04-10T21:08:00Z	dataless,compressed	no	creative_archive_or_active_embed
Portfolio assets/Linkedin/Adobe Premiere Pro (Beta) Video Previews/.DS_Store	6148	2024-04-29T15:46:17Z	hidden	no	creative_archive_or_active_embed
Portfolio assets/Linkedin/Favicon_1.png	518	2024-04-14T03:20:55Z	dataless,compressed	no	creative_archive_or_active_embed
Portfolio assets/Linkedin/Favicon_2.png	4215	2024-04-14T03:27:19Z	dataless,compressed	no	creative_archive_or_active_embed
Portfolio assets/Linkedin/OC.WORK.prproj	43812	2024-04-10T21:08:00Z	dataless,compressed	no	creative_archive_or_active_embed
Portfolio assets/Linkedin/Preview_black.jpg	128434	2024-04-14T03:09:54Z	dataless,compressed	no	creative_archive_or_active_embed
Portfolio assets/Linkedin/Preview_white.gif	2502771	2024-04-17T21:13:21Z	dataless,compressed	no	creative_archive_or_active_embed
Portfolio assets/Linkedin/Preview_white.jpg	128657	2024-04-14T03:09:54Z	dataless,compressed	no	creative_archive_or_active_embed
Portfolio assets/Linkedin/_assets/.DS_Store	6148	2023-03-15T14:13:19Z	hidden	no	creative_archive_or_active_embed
Portfolio assets/Linkedin/_assets/MMS linkedin.jpg	21772	2024-12-21T05:18:11Z	dataless,compressed	no	creative_archive_or_active_embed
Portfolio assets/Linkedin/_assets/OC banner.jpg	62001	2023-03-15T14:18:46Z	dataless,compressed	no	creative_archive_or_active_embed
Portfolio assets/Linkedin/_assets/OC linkedin-01.jpg	43151	2024-04-17T05:24:15Z	dataless,compressed	no	creative_archive_or_active_embed
Portfolio assets/Linkedin/_assets/OC linkedin-02.jpg	70263	2024-04-17T05:24:15Z	dataless,compressed	no	creative_archive_or_active_embed
Portfolio assets/Linkedin/_assets/OC linkedin.ai	239043	2024-12-21T15:53:01Z	dataless,compressed	no	creative_archive_or_active_embed
Portfolio assets/Linkedin/_assets/OC linkedin.png	19951	2024-04-17T05:25:39Z	dataless,compressed	no	creative_archive_or_active_embed
Portfolio assets/Linkedin/_assets/OC logo.ai	385597	2024-04-10T14:30:24Z	dataless,compressed	no	creative_archive_or_active_embed
Portfolio assets/Linkedin/_assets/OC logo.jpg	37887	2023-03-15T14:13:07Z	dataless,compressed	no	creative_archive_or_active_embed
Portfolio assets/Linkedin/_assets/oc icon@4x.png	22372	2024-04-07T01:36:47Z	dataless,compressed	no	creative_archive_or_active_embed
Portfolio assets/Linkedin/for LinkedIn/813shots_so.png	3438782	2024-04-17T21:26:20Z	dataless,compressed	no	creative_archive_or_active_embed
Portfolio assets/Linkedin/for LinkedIn/Adobe Premiere Pro Auto-Save/OC.WORK LinkedIn Cover--6686ca76-d3e3-13cb-5cc6-c7d11fc2c7a2-2024-04-17_17-31-29.prproj	37487	2024-04-17T21:31:29Z	dataless,compressed	no	creative_archive_or_active_embed
Portfolio assets/Linkedin/for LinkedIn/CleanShot 2024-04-17 at 17.07.01.mp4	7590045	2024-04-17T21:07:45Z	dataless,compressed	no	creative_archive_or_active_embed
Portfolio assets/Linkedin/for LinkedIn/OC.WORK LinkedIn Cover.gif	4036442	2024-04-17T21:31:39Z	dataless,compressed	no	creative_archive_or_active_embed
Portfolio assets/Linkedin/for LinkedIn/OC.WORK LinkedIn Cover.mp4	2930580	2024-04-17T21:30:21Z	dataless,compressed	no	creative_archive_or_active_embed
Portfolio assets/Linkedin/for LinkedIn/OC.WORK LinkedIn Cover.prproj	37464	2024-04-17T22:05:38Z	dataless,compressed	no	creative_archive_or_active_embed
Portfolio assets/_for cargo deployment/.DS_Store	22532	2026-07-13T23:45:48Z	hidden	no	creative_archive_or_active_embed
Portfolio assets/_for cargo deployment/Curate Health/Curate Health_image 1 vid-cargo-light.webm	1297801	2026-07-09T22:30:16Z	dataless,compressed	no	creative_archive_or_active_embed
Portfolio assets/_for cargo deployment/Curate Health/Curate Health_image 1 vid-cargo-small.webm	2500581	2026-07-09T22:28:50Z	dataless,compressed	no	creative_archive_or_active_embed
Portfolio assets/_for cargo deployment/Curate Health/Curate Health_image 1 vid-cargo-under-1mb.webm	847743	2026-07-09T22:30:19Z	dataless,compressed	no	creative_archive_or_active_embed
Portfolio assets/_for cargo deployment/Curate Health/Curate Health_image 1 vid-cargo.webm	4172554	2026-07-09T22:28:43Z	dataless,compressed	no	creative_archive_or_active_embed
Portfolio assets/_for cargo deployment/Curate Health/Curate Health_image 1 vid.mp4	21281217	2024-04-08T19:52:18Z	dataless,compressed	no	creative_archive_or_active_embed
Portfolio assets/_for cargo deployment/Curate Health/curate-last-retina.jpg	357450	2026-07-11T16:58:21Z	dataless,compressed	no	creative_archive_or_active_embed
Portfolio assets/_for cargo deployment/Curate Health/hf_20260709_215304_31100112-edc4-4686-ae8a-26afe8480af3.jpg	703736	2026-07-09T22:26:38Z	dataless,compressed	no	creative_archive_or_active_embed
Portfolio assets/_for cargo deployment/Curate Health/hf_20260709_215304_31100112-edc4-4686-ae8a-26afe8480af3.psd	21182171	2026-07-09T22:32:39Z	dataless,compressed	no	creative_archive_or_active_embed
Portfolio assets/_for cargo deployment/Dead Good/6x images for MMS_DG_Image 2-5s-compressed.gif	997824	2026-07-10T17:18:24Z	dataless,compressed	no	creative_archive_or_active_embed
Portfolio assets/_for cargo deployment/Dead Good/6x images for MMS_DG_Image 2.gif	1255268	2024-04-08T23:53:48Z	dataless,compressed	no	creative_archive_or_active_embed
Portfolio assets/_for cargo deployment/Dead Good/DG_slides animation-cargo.mp4	575562	2026-07-10T17:12:50Z	dataless,compressed	no	creative_archive_or_active_embed
Portfolio assets/_for cargo deployment/Dead Good/DG_slides animation.mp4	10686989	2024-04-09T02:51:18Z	dataless,compressed	no	creative_archive_or_active_embed
Portfolio assets/_for cargo deployment/EVIIVE/Logo symbol_Animation_EVIIVE-cargo.webm	883454	2026-07-07T19:03:28Z	dataless,compressed	no	creative_archive_or_active_embed
Portfolio assets/_for cargo deployment/EVIIVE/Logo symbol_Animation_EVIIVE.mp4	10503081	2026-07-07T19:01:34Z	dataless,compressed	no	creative_archive_or_active_embed
Portfolio assets/_for cargo deployment/EVIIVE/eviive-sequence-3-retina.jpg	874321	2026-07-11T16:58:19Z	dataless,compressed	no	creative_archive_or_active_embed
Portfolio assets/_for cargo deployment/EVIIVE/eviive-sequence-6-retina.jpg	228630	2026-07-11T16:58:19Z	dataless,compressed	no	creative_archive_or_active_embed
Portfolio assets/_for cargo deployment/Loop/.DS_Store	6148	2026-07-09T18:53:47Z	hidden	no	creative_archive_or_active_embed
Portfolio assets/_for cargo deployment/Loop/Loop Card_3D Animation-cargo.webm	366367	2026-07-09T03:08:10Z	dataless,compressed	no	creative_archive_or_active_embed
Portfolio assets/_for cargo deployment/Loop/Loop Card_3D Animation.mp4	9521680	2026-07-08T02:13:48Z	dataless,compressed	no	creative_archive_or_active_embed
Portfolio assets/_for cargo deployment/Loop/Loop Wrapped_Animated illustration-cargo-alpha.webm	3470702	2026-07-09T03:08:23Z	dataless,compressed	no	creative_archive_or_active_embed
Portfolio assets/_for cargo deployment/Loop/Loop Wrapped_Animated illustration.mov	342552884	2026-07-08T15:37:57Z	dataless,compressed	no	creative_archive_or_active_embed
Portfolio assets/_for cargo deployment/Loop/v3_Loop Wrapped_Animated illustration-cargo-alpha.webm	614524	2026-07-09T19:18:48Z	dataless,compressed	no	creative_archive_or_active_embed
Portfolio assets/_for cargo deployment/Loop/v3_Loop Wrapped_Animated illustration-cargo-small.webm	622814	2026-07-09T18:58:29Z	dataless,compressed	no	creative_archive_or_active_embed
Portfolio assets/_for cargo deployment/Loop/v3_Loop Wrapped_Animated illustration-cargo-tiny.webm	327499	2026-07-09T18:58:31Z	dataless,compressed	no	creative_archive_or_active_embed
Portfolio assets/_for cargo deployment/Loop/v3_Loop Wrapped_Animated illustration-cargo.webm	1613062	2026-07-09T18:55:07Z	dataless,compressed	no	creative_archive_or_active_embed
Portfolio assets/_for cargo deployment/Loop/v3_Loop Wrapped_Animated illustration.mp4	20470346	2026-07-09T18:52:27Z	dataless,compressed	no	creative_archive_or_active_embed
Portfolio assets/_for cargo deployment/Montran/.DS_Store	6148	2026-07-11T16:49:09Z	hidden	no	creative_archive_or_active_embed
Portfolio assets/_for cargo deployment/Montran/Montran_CSD_RS_EN-noaudio.mp4	2266258	2026-07-09T23:29:51Z	dataless,compressed	no	creative_archive_or_active_embed
Portfolio assets/_for cargo deployment/Montran/Screenshot 2026-07-08 at 23.41.51.png	882482	2026-07-09T03:41:53Z	dataless,compressed	no	creative_archive_or_active_embed
Portfolio assets/_for cargo deployment/Montran/_Montran_CSD_R&S_EN.mp4	2339135	2026-07-09T16:50:52Z	dataless,compressed	no	creative_archive_or_active_embed
Portfolio assets/_for cargo deployment/Montran/flippable-booklet-export_v2.zip	14124121	2026-07-11T05:30:20Z	dataless,compressed	no	creative_archive_or_active_embed
Portfolio assets/_for cargo deployment/Montran/map generator.ai	758534	2026-07-11T16:44:44Z	dataless,compressed	no	creative_archive_or_active_embed
Portfolio assets/_for cargo deployment/Montran/map generator.png	1821488	2026-07-11T16:28:02Z	dataless,compressed	no	creative_archive_or_active_embed
Portfolio assets/_for cargo deployment/Montran/map-generator-retina.png	759762	2026-07-11T16:58:21Z	dataless,compressed	no	creative_archive_or_active_embed
Portfolio assets/_for cargo deployment/Montran/montran-icon-animation.mp4	712303	2026-07-09T14:45:51Z	dataless,compressed	no	creative_archive_or_active_embed
Portfolio assets/_for cargo deployment/Montran/montran-last-retina.jpg	249968	2026-07-11T16:58:21Z	dataless,compressed	no	creative_archive_or_active_embed
Portfolio assets/_for cargo deployment/Montran/米禾设计 (3).png	32423733	2026-07-09T16:41:55Z	dataless,compressed	no	creative_archive_or_active_embed
Portfolio assets/_for cargo deployment/PURE LOVE/.DS_Store	6148	2026-07-10T19:49:47Z	hidden	no	creative_archive_or_active_embed
Portfolio assets/_for cargo deployment/PURE LOVE/2BE00ADF-C40B-4E6D-A93C-A8451CFD7B7E_1_105_c 2.png	8207647	2026-07-10T19:52:50Z	dataless,compressed	no	creative_archive_or_active_embed
Portfolio assets/_for cargo deployment/PURE LOVE/37637115-E3E8-409B-86EF-F36EA3B8CE99_1_105_c 2.png	6013290	2026-07-10T19:52:50Z	dataless,compressed	no	creative_archive_or_active_embed
Portfolio assets/_for cargo deployment/PURE LOVE/84900E08-463B-4458-BD34-344FF899BC48_1_102_a 2.png	12918721	2026-07-10T19:52:50Z	dataless,compressed	no	creative_archive_or_active_embed
Portfolio assets/_for cargo deployment/PURE LOVE/A832EA84-57F4-45CB-AEEA-C3FA6359CDD7_1_105_c 2.png	12791491	2026-07-10T19:52:50Z	dataless,compressed	no	creative_archive_or_active_embed
Portfolio assets/_for cargo deployment/PURE LOVE/PURE LOVE_4-image flash-2s_3x4-originals.mp4	773941	2026-07-10T19:53:53Z	dataless,compressed	no	creative_archive_or_active_embed
Portfolio assets/_for cargo deployment/Profile Pic/.DS_Store	6148	2026-07-14T01:17:58Z	hidden	no	creative_archive_or_active_embed
Portfolio assets/_for cargo deployment/Profile Pic/Archive/Adobe After Effects Auto-Save/Headshot_Animation auto-save 2.aep	1060444	2026-07-13T16:00:40Z	dataless,compressed	no	creative_archive_or_active_embed
Portfolio assets/_for cargo deployment/Profile Pic/Archive/Adobe After Effects Auto-Save/Headshot_Animation auto-save 3.aep	1081444	2026-07-13T16:20:47Z	dataless,compressed	no	creative_archive_or_active_embed
Portfolio assets/_for cargo deployment/Profile Pic/Archive/Adobe After Effects Auto-Save/Headshot_Animation auto-save 4.aep	1270266	2026-07-13T16:36:43Z	dataless,compressed	no	creative_archive_or_active_embed
Portfolio assets/_for cargo deployment/Profile Pic/Archive/Adobe After Effects Auto-Save/Headshot_Animation auto-save 5.aep	1630426	2026-07-13T16:46:33Z	dataless,compressed	no	creative_archive_or_active_embed
Portfolio assets/_for cargo deployment/Profile Pic/Archive/Adobe After Effects Auto-Save/Headshot_Animation auto-save 6.aep	1714399	2026-07-14T01:02:14Z	dataless,compressed	no	creative_archive_or_active_embed
Portfolio assets/_for cargo deployment/Profile Pic/Archive/CCH_Headshot(small grid).jpg	1329556	2026-07-12T13:40:25Z	dataless,compressed	no	creative_archive_or_active_embed
Portfolio assets/_for cargo deployment/Profile Pic/Archive/CHY_Headshot(small grid).jpg	1299130	2026-07-11T17:09:19Z	dataless,compressed	no	creative_archive_or_active_embed
Portfolio assets/_for cargo deployment/Profile Pic/Archive/Edited_Profile Pic_CCH_v2.jpg	854541	2026-07-13T14:31:01Z	dataless,compressed	no	creative_archive_or_active_embed
Portfolio assets/_for cargo deployment/Profile Pic/Archive/Edited_Profile Pic_CHY.jpg	823482	2026-07-13T13:13:12Z	dataless,compressed	no	creative_archive_or_active_embed
Portfolio assets/_for cargo deployment/Profile Pic/Archive/Final_Profile Pic.psd	32257495	2026-07-13T15:19:47Z	dataless,compressed	no	creative_archive_or_active_embed
Portfolio assets/_for cargo deployment/Profile Pic/Archive/Headshot_Animation.aep	1713279	2026-07-14T01:02:26Z	dataless,compressed	no	creative_archive_or_active_embed
Portfolio assets/_for cargo deployment/Profile Pic/Final_Profile Pic_CCH-cargo-poster.jpg	68699	2026-07-14T04:57:47Z	dataless,compressed	no	creative_archive_or_active_embed
Portfolio assets/_for cargo deployment/Profile Pic/Final_Profile Pic_CCH-cargo.mp4	450139	2026-07-14T01:18:40Z	dataless,compressed	no	creative_archive_or_active_embed
Portfolio assets/_for cargo deployment/Profile Pic/Final_Profile Pic_CCH.jpg	1730090	2026-07-13T02:49:09Z	dataless,compressed	no	creative_archive_or_active_embed
Portfolio assets/_for cargo deployment/Profile Pic/Final_Profile Pic_CCH.mp4	7674861	2026-07-14T01:02:20Z	dataless,compressed	no	creative_archive_or_active_embed
Portfolio assets/_for cargo deployment/Profile Pic/Final_Profile Pic_CHY-cargo-poster.jpg	58180	2026-07-14T04:57:47Z	dataless,compressed	no	creative_archive_or_active_embed
Portfolio assets/_for cargo deployment/Profile Pic/Final_Profile Pic_CHY-cargo.mp4	434070	2026-07-13T23:47:35Z	dataless,compressed	no	creative_archive_or_active_embed
Portfolio assets/_for cargo deployment/Profile Pic/Final_Profile Pic_CHY.jpg	1225868	2026-07-13T02:50:31Z	dataless,compressed	no	creative_archive_or_active_embed
Portfolio assets/_for cargo deployment/Profile Pic/Final_Profile Pic_CHY.mp4	7635917	2026-07-13T16:36:48Z	dataless,compressed	no	creative_archive_or_active_embed
Portfolio assets/_for cargo deployment/Random Pics/Random Pics_Slideshow-cargo-light.webm	5292381	2026-07-10T16:37:20Z	dataless,compressed	no	creative_archive_or_active_embed
Portfolio assets/_for cargo deployment/Random Pics/Random Pics_Slideshow-cargo-small.webm	3410075	2026-07-10T16:38:00Z	dataless,compressed	no	creative_archive_or_active_embed
Portfolio assets/_for cargo deployment/Random Pics/Random Pics_Slideshow-cargo.webm	8671419	2026-07-10T16:36:47Z	dataless,compressed	no	creative_archive_or_active_embed
Portfolio assets/_for cargo deployment/Random Pics/Random Pics_Slideshow.mov	80084962	2026-07-09T21:24:17Z	dataless,compressed	no	creative_archive_or_active_embed
Portfolio assets/_for cargo deployment/V7/.DS_Store	6148	2026-07-09T03:31:21Z	hidden	no	creative_archive_or_active_embed
Portfolio assets/_for cargo deployment/V7/coffee cup 3d/.DS_Store	6148	2026-07-09T03:50:38Z	hidden	no	creative_archive_or_active_embed
Portfolio assets/_for cargo deployment/V7/coffee cup 3d/assets/cup-wrap.png	72593	2026-07-07T19:26:27Z	dataless,compressed	no	creative_archive_or_active_embed
Portfolio assets/_for cargo deployment/V7/coffee cup 3d/coffee-cup-bundle.html	780341	2026-07-12T21:59:11Z	-	no	creative_archive_or_active_embed
Portfolio assets/_for cargo deployment/V7/coffee cup 3d/index.html	520	2026-07-07T19:38:39Z	dataless,compressed	no	creative_archive_or_active_embed
Portfolio assets/_for cargo deployment/V7/coffee cup 3d/src/main.js	10140	2026-07-07T23:32:31Z	dataless,compressed	no	creative_archive_or_active_embed
Portfolio assets/_for cargo deployment/V7/coffee cup 3d/src/texture-data.js	96845	2026-07-07T19:38:31Z	dataless,compressed	no	creative_archive_or_active_embed
Portfolio assets/_for cargo deployment/V7/coffee cup 3d/styles.css	253	2026-07-09T04:08:18Z	dataless,compressed	no	creative_archive_or_active_embed
Portfolio assets/_for cargo deployment/V7/coffee cup 3d/vendor/three.min.js	669884	2026-07-07T19:36:40Z	dataless,compressed	no	creative_archive_or_active_embed
Portfolio assets/_for cargo deployment/V7/coffee cup 3d/vendor/three.module.js	1272972	2026-07-07T19:26:28Z	dataless,compressed	no	creative_archive_or_active_embed
Portfolio assets/_for cargo deployment/V7/invite card/Mockup_Postcard_V7-web-small.webp	313498	2026-07-08T19:10:56Z	dataless,compressed	no	creative_archive_or_active_embed
Portfolio assets/_for cargo deployment/V7/invite card/Mockup_Postcard_V7-web.jpg	918439	2026-07-08T19:11:19Z	dataless,compressed	no	creative_archive_or_active_embed
Portfolio assets/_for cargo deployment/V7/invite card/Mockup_Postcard_V7-web.webp	759908	2026-07-08T19:10:54Z	dataless,compressed	no	creative_archive_or_active_embed
Portfolio assets/_for cargo deployment/V7/invite card/Mockup_Postcard_V7.jpg	1767940	2026-07-08T19:08:05Z	dataless,compressed	no	creative_archive_or_active_embed
Portfolio assets/_for cargo deployment/V7/train station video/OOH_Train Station_Video Slide-cargo-small.webm	590617	2026-07-08T19:11:59Z	dataless,compressed	no	creative_archive_or_active_embed
Portfolio assets/_for cargo deployment/V7/train station video/OOH_Train Station_Video Slide-cargo.webm	1639680	2026-07-08T19:12:00Z	dataless,compressed	no	creative_archive_or_active_embed
Portfolio assets/_for cargo deployment/V7/train station video/OOH_Train Station_Video Slide.mp4	7048332	2026-07-08T19:06:20Z	dataless,compressed	no	creative_archive_or_active_embed
Portfolio assets/_for cargo deployment/V7/v7-sequence-6-retina.jpg	456290	2026-07-11T16:58:19Z	dataless,compressed	no	creative_archive_or_active_embed
Portfolio assets/_for cargo deployment/V7/video truck/Mockup_Video Truck_V7-cargo-small.webm	599308	2026-07-08T14:53:03Z	dataless,compressed	no	creative_archive_or_active_embed
Portfolio assets/_for cargo deployment/V7/video truck/Mockup_Video Truck_V7-cargo.webm	1580555	2026-07-08T14:52:49Z	dataless,compressed	no	creative_archive_or_active_embed
Portfolio assets/_for cargo deployment/V7/video truck/Mockup_Video Truck_V7.mp4	19401798	2026-06-24T17:10:50Z	dataless,compressed	no	creative_archive_or_active_embed
Portfolio assets/_for cargo deployment/WTW/.DS_Store	10244	2026-07-10T19:33:02Z	hidden	no	creative_archive_or_active_embed
Portfolio assets/_for cargo deployment/WTW/6x images for MMS_WTW_Image 1-compressed.gif	3525361	2026-07-10T19:34:08Z	dataless,compressed	no	creative_archive_or_active_embed
Portfolio assets/_for cargo deployment/WTW/6x images for MMS_WTW_Image 1.gif	3771183	2023-07-06T00:03:58Z	dataless,compressed	no	creative_archive_or_active_embed
Portfolio assets/_for cargo deployment/WTW/6x images for MMS_WTW_Image 6-compressed.gif	1220054	2026-07-10T19:34:08Z	dataless,compressed	no	creative_archive_or_active_embed
Portfolio assets/_for cargo deployment/WTW/6x images for MMS_WTW_Image 6.gif	1316463	2024-04-12T01:48:53Z	dataless,compressed	no	creative_archive_or_active_embed
Portfolio assets/_for cargo deployment/WTW/Lanyard_wtw.png	4654981	2026-07-10T17:25:03Z	dataless,compressed	no	creative_archive_or_active_embed
Portfolio assets/_for cargo deployment/WTW/WTW_grid_image_text (for brandpad).mp4	1626374	2023-07-04T02:56:33Z	dataless,compressed	no	creative_archive_or_active_embed
Portfolio assets/_for cargo deployment/WTW/WTW_wordmark-web.mp4	1578307	2026-07-10T19:37:42Z	dataless,compressed	no	creative_archive_or_active_embed
Portfolio assets/_for cargo deployment/WTW/WTW_wordmark.mp4	12233833	2023-06-19T05:00:34Z	dataless,compressed	no	creative_archive_or_active_embed
Portfolio assets/_for cargo deployment/WTW/for further edits/.DS_Store	6148	2026-07-10T17:32:38Z	hidden	no	creative_archive_or_active_embed
Portfolio assets/_for cargo deployment/WTW/for further edits/WTW_grid animation-web.mp4	275779	2026-07-10T17:31:41Z	dataless,compressed	no	creative_archive_or_active_embed
Portfolio assets/_for cargo deployment/WTW/for further edits/WTW_grid image (square)-web.mp4	661288	2026-07-10T17:31:41Z	dataless,compressed	no	creative_archive_or_active_embed
Portfolio assets/_for cargo deployment/WTW/for further edits/WTW_grid logo text-centered (square)-web.mp4	674627	2026-07-10T17:30:02Z	dataless,compressed	no	creative_archive_or_active_embed
Portfolio assets/_for cargo deployment/XTM/.DS_Store	8196	2026-07-10T22:20:46Z	hidden	no	creative_archive_or_active_embed
Portfolio assets/_for cargo deployment/XTM/Archive/Animation_Money Momenets_XTM.mp4	878223	2026-07-08T22:54:10Z	dataless,compressed	no	creative_archive_or_active_embed
Portfolio assets/_for cargo deployment/XTM/Edited_Animation_Money Momenets_XTM-cargo.webm	309807	2026-07-09T19:52:33Z	dataless,compressed	no	creative_archive_or_active_embed
Portfolio assets/_for cargo deployment/XTM/Edited_Animation_Money Momenets_XTM.mp4	3259556	2026-07-09T19:50:42Z	dataless,compressed	no	creative_archive_or_active_embed
Portfolio assets/_for cargo deployment/XTM/Hotel Report Slideshow_XTM_AnyDay-cargo.webm	440107	2026-07-09T19:52:34Z	dataless,compressed	no	creative_archive_or_active_embed
Portfolio assets/_for cargo deployment/XTM/Hotel Report Slideshow_XTM_AnyDay.mp4	1597677	2026-07-08T22:38:25Z	dataless,compressed	no	creative_archive_or_active_embed
Portfolio assets/_for cargo deployment/XTM/Logo slideshow_AnyDay-cargo.webm	702547	2026-07-09T19:52:36Z	dataless,compressed	no	creative_archive_or_active_embed
Portfolio assets/_for cargo deployment/XTM/Logo slideshow_AnyDay.mp4	4398469	2026-07-10T19:59:32Z	dataless,compressed	no	creative_archive_or_active_embed
Portfolio assets/_for cargo deployment/XTM/v2_Final_Scroller Animation_AnyDay Home_2025-cargo-small-30fps.webm	933580	2026-07-09T19:58:34Z	dataless,compressed	no	creative_archive_or_active_embed
Portfolio assets/_for cargo deployment/XTM/v2_Final_Scroller Animation_AnyDay Home_2025.webm	4264989	2026-07-08T21:35:27Z	dataless,compressed	no	creative_archive_or_active_embed
Portfolio assets/_for cargo deployment/_motion posters/01-Logo-symbol_Animation_EVIIVE-cargo-h264-poster.jpg	70040	2026-07-12T20:51:02Z	dataless,compressed	no	creative_archive_or_active_embed
Portfolio assets/_for cargo deployment/_motion posters/02-6x-images-for-MMS_EVIIVE_Image-5-web-smooth-hq-white-bg-poster.jpg	33527	2026-07-12T20:51:02Z	dataless,compressed	no	creative_archive_or_active_embed
Portfolio assets/_for cargo deployment/_motion posters/03-Final_Navy_EVIIVE-Logo-Animation_Jul-2026-web-hq-1800-h264-poster.jpg	32853	2026-07-12T20:51:02Z	dataless,compressed	no	creative_archive_or_active_embed
Portfolio assets/_for cargo deployment/_motion posters/04-OOH_Train-Station_Video-Slide-cargo-small-h264-poster.jpg	288778	2026-07-12T20:51:02Z	dataless,compressed	no	creative_archive_or_active_embed
Portfolio assets/_for cargo deployment/_motion posters/05-Freetothink_motionthecity_260303-upscaled-4x-retina-h264-poster.jpg	39058	2026-07-12T20:51:03Z	dataless,compressed	no	creative_archive_or_active_embed
Portfolio assets/_for cargo deployment/_motion posters/06-Mockup_Video-Truck_V7-cargo-small-h264-poster.jpg	222091	2026-07-12T20:51:03Z	dataless,compressed	no	creative_archive_or_active_embed
Portfolio assets/_for cargo deployment/_motion posters/07-3d-animation_social-nov-8-cargo-under-1mb-1080-h264-poster.jpg	80935	2026-07-12T20:51:03Z	dataless,compressed	no	creative_archive_or_active_embed
Portfolio assets/_for cargo deployment/_motion posters/08-8bit-girls-final-alpha-1080-poster.png	1728991	2026-07-12T20:55:27Z	dataless,compressed	no	creative_archive_or_active_embed
Portfolio assets/_for cargo deployment/_motion posters/09-video-small-poster.jpg	153591	2026-07-12T20:51:03Z	dataless,compressed	no	creative_archive_or_active_embed
Portfolio assets/_for cargo deployment/_motion posters/10-SATAIC-transformation-Comp-cargo-small-h264-poster.jpg	119315	2026-07-12T20:51:04Z	dataless,compressed	no	creative_archive_or_active_embed
Portfolio assets/_for cargo deployment/_motion posters/11-hf_20260708_032138_2ca7e18b-6113-498e-9b3e-603f187014fb-alpha-small-ratio-1.5466-poster.png	485521	2026-07-12T20:56:23Z	dataless,compressed	no	creative_archive_or_active_embed
Portfolio assets/_for cargo deployment/_motion posters/12-v3_Loop-Wrapped_Animated-illustration-cargo-small-h264-poster.jpg	119038	2026-07-12T20:51:04Z	dataless,compressed	no	creative_archive_or_active_embed
Portfolio assets/_for cargo deployment/_motion posters/13-Loop-Card_3D-Animation-cargo-h264-poster.jpg	29387	2026-07-12T20:51:04Z	dataless,compressed	no	creative_archive_or_active_embed
Portfolio assets/_for cargo deployment/_motion posters/14-montran-icon-animation-poster.jpg	51461	2026-07-12T20:51:04Z	dataless,compressed	no	creative_archive_or_active_embed
Portfolio assets/_for cargo deployment/_motion posters/15-Montran_CSD_RS_EN-noaudio-poster.jpg	63532	2026-07-12T20:51:05Z	dataless,compressed	no	creative_archive_or_active_embed
Portfolio assets/_for cargo deployment/_motion posters/16-anyday-logo-slideshow-v3-h264-poster.jpg	170431	2026-07-12T20:51:05Z	dataless,compressed	no	creative_archive_or_active_embed
Portfolio assets/_for cargo deployment/_motion posters/17-anyday-money-moments-h264-poster.jpg	68650	2026-07-12T20:51:05Z	dataless,compressed	no	creative_archive_or_active_embed
Portfolio assets/_for cargo deployment/_motion posters/18-anyday-hotel-report-h264-poster.jpg	143134	2026-07-12T20:51:05Z	dataless,compressed	no	creative_archive_or_active_embed
Portfolio assets/_for cargo deployment/_motion posters/19-anyday-scroller-h264-poster.jpg	54888	2026-07-12T20:51:05Z	dataless,compressed	no	creative_archive_or_active_embed
Portfolio assets/_for cargo deployment/_motion posters/20-curate-image1-vid-h264-poster.jpg	142690	2026-07-12T20:51:05Z	dataless,compressed	no	creative_archive_or_active_embed
Portfolio assets/_for cargo deployment/_motion posters/21-randompics-slideshow-h264-poster.jpg	47098	2026-07-12T20:51:06Z	dataless,compressed	no	creative_archive_or_active_embed
Portfolio assets/_for cargo deployment/_motion posters/22-purelove-flash-poster.jpg	168329	2026-07-12T20:51:06Z	dataless,compressed	no	creative_archive_or_active_embed
Portfolio assets/_for cargo deployment/_motion posters/23-dg-slides-poster.jpg	50588	2026-07-12T20:51:06Z	dataless,compressed	no	creative_archive_or_active_embed
Portfolio assets/_for cargo deployment/_motion posters/24-wtw-wordmark-poster.jpg	38502	2026-07-12T20:51:06Z	dataless,compressed	no	creative_archive_or_active_embed
Portfolio assets/_for cargo deployment/_motion posters/25-wtw-grid-logo-poster.jpg	48983	2026-07-12T20:51:06Z	dataless,compressed	no	creative_archive_or_active_embed
Portfolio assets/_for cargo deployment/_motion posters/26-wtw-grid-image-poster.jpg	45829	2026-07-12T20:51:06Z	dataless,compressed	no	creative_archive_or_active_embed
Portfolio assets/_for cargo deployment/_motion posters/27-wtw-grid-animation-poster.jpg	23647	2026-07-12T20:51:07Z	dataless,compressed	no	creative_archive_or_active_embed
Portfolio assets/_for cargo deployment/_motion posters/touchbaes-game-poster.png	515052	2026-07-12T21:02:44Z	dataless,compressed	no	creative_archive_or_active_embed
Portfolio assets/_for cargo deployment/_motion posters/v7-cup-poster.png	109092	2026-07-12T20:59:04Z	dataless,compressed	no	creative_archive_or_active_embed
Portfolio assets/_for cargo deployment/touchbaes/.DS_Store	12292	2026-07-13T14:37:50Z	hidden	no	creative_archive_or_active_embed
Portfolio assets/_for cargo deployment/touchbaes/8bit girls/.DS_Store	6148	2026-07-08T03:20:23Z	hidden	no	creative_archive_or_active_embed
Portfolio assets/_for cargo deployment/touchbaes/8bit girls/Auto-Save/Untitled Project auto-save 2.aep	6307293	2026-07-06T20:47:37Z	dataless,compressed	no	creative_archive_or_active_embed
Portfolio assets/_for cargo deployment/touchbaes/8bit girls/Auto-Save/Untitled Project auto-save 3.aep	7421579	2026-07-06T21:20:30Z	dataless,compressed	no	creative_archive_or_active_embed
Portfolio assets/_for cargo deployment/touchbaes/8bit girls/Auto-Save/Untitled Project auto-save 4.aep	8442369	2026-07-06T21:40:34Z	dataless,compressed	no	creative_archive_or_active_embed
Portfolio assets/_for cargo deployment/touchbaes/8bit girls/Auto-Save/Untitled Project auto-save 5.aep	8483993	2026-07-06T21:45:55Z	dataless,compressed	no	creative_archive_or_active_embed
Portfolio assets/_for cargo deployment/touchbaes/8bit girls/Auto-Save/Untitled Project auto-save 6.aep	8483981	2026-07-06T22:06:14Z	dataless,compressed	no	creative_archive_or_active_embed
Portfolio assets/_for cargo deployment/touchbaes/8bit girls/IMG_2129 1.png	616903	2026-07-06T18:20:34Z	dataless,compressed	no	creative_archive_or_active_embed
Portfolio assets/_for cargo deployment/touchbaes/8bit girls/IMG_2158 1.png	915798	2026-07-06T18:20:34Z	dataless,compressed	no	creative_archive_or_active_embed
Portfolio assets/_for cargo deployment/touchbaes/8bit girls/IMG_2159 1.png	627161	2026-07-06T18:20:34Z	dataless,compressed	no	creative_archive_or_active_embed
Portfolio assets/_for cargo deployment/touchbaes/8bit girls/IMG_2160 1.png	842973	2026-07-06T18:20:34Z	dataless,compressed	no	creative_archive_or_active_embed
Portfolio assets/_for cargo deployment/touchbaes/8bit girls/Untitled Project.aep	8482873	2026-07-07T01:14:30Z	dataless,compressed	no	creative_archive_or_active_embed
Portfolio assets/_for cargo deployment/touchbaes/8bit girls/character_images_9x16_transparent/character_1_9x16_transparent.png	618634	2026-07-06T22:47:36Z	dataless,compressed	no	creative_archive_or_active_embed
Portfolio assets/_for cargo deployment/touchbaes/8bit girls/character_images_9x16_transparent/character_2_9x16_transparent.png	924609	2026-07-06T22:47:36Z	dataless,compressed	no	creative_archive_or_active_embed
Portfolio assets/_for cargo deployment/touchbaes/8bit girls/character_images_9x16_transparent/character_3_9x16_transparent.png	622119	2026-07-06T22:47:38Z	dataless,compressed	no	creative_archive_or_active_embed
Portfolio assets/_for cargo deployment/touchbaes/8bit girls/character_images_9x16_transparent/character_4_9x16_transparent.png	832195	2026-07-06T22:47:42Z	dataless,compressed	no	creative_archive_or_active_embed
Portfolio assets/_for cargo deployment/touchbaes/8bit girls/output/8bit-girls-final-alpha-1080.webm	940031	2026-07-06T21:47:46Z	dataless,compressed	no	creative_archive_or_active_embed
Portfolio assets/_for cargo deployment/touchbaes/8bit girls/output/8bit-girls-final-cargo-alpha-720.webm	667830	2026-07-06T21:46:45Z	dataless,compressed	no	creative_archive_or_active_embed
Portfolio assets/_for cargo deployment/touchbaes/8bit girls/output/8bit-girls-final-master-prores4444.mov	81384532	2026-07-06T21:46:36Z	dataless,compressed	no	creative_archive_or_active_embed
Portfolio assets/_for cargo deployment/touchbaes/emily in strike/.DS_Store	6148	2026-07-06T21:51:12Z	hidden	no	creative_archive_or_active_embed
Portfolio assets/_for cargo deployment/touchbaes/emily in strike/README-video-assets.md	2027	2026-07-06T17:04:53Z	dataless,compressed	no	creative_archive_or_active_embed
Portfolio assets/_for cargo deployment/touchbaes/emily in strike/emily in strike-01 1.png	4736056	2026-07-06T16:55:18Z	dataless,compressed	no	creative_archive_or_active_embed
Portfolio assets/_for cargo deployment/touchbaes/emily in strike/emily in strike-02 1.png	6256390	2026-07-06T16:55:18Z	dataless,compressed	no	creative_archive_or_active_embed
Portfolio assets/_for cargo deployment/touchbaes/emily in strike/emily in strike-03 1.png	6256060	2026-07-06T16:55:18Z	dataless,compressed	no	creative_archive_or_active_embed
Portfolio assets/_for cargo deployment/touchbaes/emily in strike/emily in strike-04 1.png	3674022	2026-07-06T16:55:18Z	dataless,compressed	no	creative_archive_or_active_embed
Portfolio assets/_for cargo deployment/touchbaes/emily in strike/emily in strike-05 1.png	3350335	2026-07-06T16:55:18Z	dataless,compressed	no	creative_archive_or_active_embed
Portfolio assets/_for cargo deployment/touchbaes/emily in strike/emily in strike-06 1.png	4117367	2026-07-06T16:55:18Z	dataless,compressed	no	creative_archive_or_active_embed
Portfolio assets/_for cargo deployment/touchbaes/emily in strike/emily in strike-07 1.png	6523996	2026-07-06T16:55:18Z	dataless,compressed	no	creative_archive_or_active_embed
Portfolio assets/_for cargo deployment/touchbaes/emily in strike/make-video-assets.sh	6235	2026-07-06T17:04:46Z	dataless,compressed	no	creative_archive_or_active_embed
Portfolio assets/_for cargo deployment/touchbaes/emily in strike/output/video-preview-not-recommended.gif	1898735	2026-07-06T17:05:08Z	dataless,compressed	no	creative_archive_or_active_embed
Portfolio assets/_for cargo deployment/touchbaes/emily in strike/output/video-small.mp4	894312	2026-07-06T17:05:04Z	dataless,compressed	no	creative_archive_or_active_embed
Portfolio assets/_for cargo deployment/touchbaes/emily in strike/output/video.mp4	2510656	2026-07-06T17:05:01Z	dataless,compressed	no	creative_archive_or_active_embed
Portfolio assets/_for cargo deployment/touchbaes/emily in strike/output/video.webm	1067604	2026-07-06T17:05:07Z	dataless,compressed	no	creative_archive_or_active_embed
Portfolio assets/_for cargo deployment/touchbaes/sticker game/.DS_Store	10244	2026-07-13T14:37:54Z	hidden	no	creative_archive_or_active_embed
Portfolio assets/_for cargo deployment/touchbaes/sticker game/assets/.DS_Store	6148	2026-07-06T19:07:30Z	hidden	no	creative_archive_or_active_embed
Portfolio assets/_for cargo deployment/touchbaes/sticker game/assets/Cat (Extra).png	401222	2026-07-06T19:06:25Z	dataless,compressed	no	creative_archive_or_active_embed
Portfolio assets/_for cargo deployment/touchbaes/sticker game/assets/Cat.png	395062	2026-07-06T21:04:34Z	dataless,compressed	no	creative_archive_or_active_embed
Portfolio assets/_for cargo deployment/touchbaes/sticker game/assets/Plant.png	1619209	2026-07-06T19:06:13Z	dataless,compressed	no	creative_archive_or_active_embed
Portfolio assets/_for cargo deployment/touchbaes/sticker game/assets/Right Bottles (Top Shelf).png	539237	2026-07-06T19:07:46Z	dataless,compressed	no	creative_archive_or_active_embed
Portfolio assets/_for cargo deployment/touchbaes/sticker game/assets/Touchbaes.png	1115763	2026-07-06T19:06:32Z	dataless,compressed	no	creative_archive_or_active_embed
Portfolio assets/_for cargo deployment/touchbaes/sticker game/assets/sticker base.png	18335745	2026-07-06T19:08:09Z	dataless,compressed	no	creative_archive_or_active_embed
Portfolio assets/_for cargo deployment/touchbaes/sticker game/assets/tweezer close.png	2146121	2026-07-06T21:40:28Z	dataless,compressed	no	creative_archive_or_active_embed
Portfolio assets/_for cargo deployment/touchbaes/sticker game/assets/tweezer open.png	1594913	2026-07-06T21:37:00Z	dataless,compressed	no	creative_archive_or_active_embed
Portfolio assets/_for cargo deployment/touchbaes/sticker game/sticker base.psd	100462101	2026-03-27T17:03:53Z	dataless,compressed	no	creative_archive_or_active_embed
Portfolio assets/_for cargo deployment/touchbaes/sticker game/tb game/cargo-snippet.html	704842	2026-07-08T01:47:31Z	dataless,compressed	no	creative_archive_or_active_embed
Portfolio assets/_for cargo deployment/touchbaes/sticker game/tb game/index.html	34776	2026-07-08T01:47:22Z	dataless,compressed	no	creative_archive_or_active_embed
Portfolio assets/_for cargo deployment/touchbaes/sticker game/touchbaes-sticker-game/.DS_Store	8196	2026-07-07T18:24:46Z	hidden	no	creative_archive_or_active_embed
Portfolio assets/_for cargo deployment/touchbaes/sticker game/touchbaes-sticker-game/.impeccable.md	910	2026-07-07T03:15:30Z	hidden	yes	creative_archive_or_active_embed
Portfolio assets/_for cargo deployment/touchbaes/sticker game/touchbaes-sticker-game/README.md	1309	2026-07-07T03:20:56Z	-	yes	creative_archive_or_active_embed
Portfolio assets/_for cargo deployment/touchbaes/sticker game/touchbaes-sticker-game/assets/.DS_Store	6148	2026-07-08T02:50:11Z	hidden	no	creative_archive_or_active_embed
Portfolio assets/_for cargo deployment/touchbaes/sticker game/touchbaes-sticker-game/assets/optimized/scene.webp	280104	2026-07-07T03:09:41Z	-	yes	creative_archive_or_active_embed
Portfolio assets/_for cargo deployment/touchbaes/sticker game/touchbaes-sticker-game/assets/optimized/sticker-cat-placed.webp	14664	2026-07-07T03:09:41Z	-	yes	creative_archive_or_active_embed
Portfolio assets/_for cargo deployment/touchbaes/sticker game/touchbaes-sticker-game/assets/optimized/sticker-cat.webp	16914	2026-07-07T03:09:41Z	-	yes	creative_archive_or_active_embed
Portfolio assets/_for cargo deployment/touchbaes/sticker game/touchbaes-sticker-game/assets/optimized/sticker-plant.webp	58284	2026-07-07T03:09:41Z	-	yes	creative_archive_or_active_embed
Portfolio assets/_for cargo deployment/touchbaes/sticker game/touchbaes-sticker-game/assets/optimized/sticker-right-bottles.webp	20908	2026-07-07T03:09:41Z	-	yes	creative_archive_or_active_embed
Portfolio assets/_for cargo deployment/touchbaes/sticker game/touchbaes-sticker-game/assets/optimized/sticker-touchbaes.webp	37220	2026-07-07T03:09:41Z	-	yes	creative_archive_or_active_embed
Portfolio assets/_for cargo deployment/touchbaes/sticker game/touchbaes-sticker-game/assets/optimized/tweezer-close.webp	20622	2026-07-07T03:09:41Z	-	yes	creative_archive_or_active_embed
Portfolio assets/_for cargo deployment/touchbaes/sticker game/touchbaes-sticker-game/assets/optimized/tweezer-front-arm.webp	14002	2026-07-07T03:09:41Z	-	yes	creative_archive_or_active_embed
Portfolio assets/_for cargo deployment/touchbaes/sticker game/touchbaes-sticker-game/assets/optimized/tweezer-open.webp	19960	2026-07-07T03:09:41Z	-	yes	creative_archive_or_active_embed
Portfolio assets/_for cargo deployment/touchbaes/sticker game/touchbaes-sticker-game/assets/scene.png	2281333	2026-07-06T19:31:43Z	-	no	creative_archive_or_active_embed
Portfolio assets/_for cargo deployment/touchbaes/sticker game/touchbaes-sticker-game/assets/sticker-cat-placed.png	395062	2026-07-06T21:07:29Z	-	no	creative_archive_or_active_embed
Portfolio assets/_for cargo deployment/touchbaes/sticker game/touchbaes-sticker-game/assets/sticker-cat.png	140284	2026-07-06T19:31:43Z	-	no	creative_archive_or_active_embed
Portfolio assets/_for cargo deployment/touchbaes/sticker game/touchbaes-sticker-game/assets/sticker-plant.png	360177	2026-07-06T19:31:43Z	-	no	creative_archive_or_active_embed
Portfolio assets/_for cargo deployment/touchbaes/sticker game/touchbaes-sticker-game/assets/sticker-right-bottles.png	126587	2026-07-06T19:31:43Z	-	no	creative_archive_or_active_embed
Portfolio assets/_for cargo deployment/touchbaes/sticker game/touchbaes-sticker-game/assets/sticker-touchbaes.png	318989	2026-07-06T19:31:43Z	-	no	creative_archive_or_active_embed
Portfolio assets/_for cargo deployment/touchbaes/sticker game/touchbaes-sticker-game/assets/tweezer-close.png	126317	2026-07-06T22:06:59Z	-	no	creative_archive_or_active_embed
Portfolio assets/_for cargo deployment/touchbaes/sticker game/touchbaes-sticker-game/assets/tweezer-front-arm.png	122201	2026-07-07T02:06:40Z	-	no	creative_archive_or_active_embed
Portfolio assets/_for cargo deployment/touchbaes/sticker game/touchbaes-sticker-game/assets/tweezer-open.png	100403	2026-07-06T22:06:51Z	-	no	creative_archive_or_active_embed
Portfolio assets/_for cargo deployment/touchbaes/sticker game/touchbaes-sticker-game/bg-test.html	957	2026-07-07T23:19:33Z	-	yes	creative_archive_or_active_embed
Portfolio assets/_for cargo deployment/touchbaes/sticker game/touchbaes-sticker-game/bg-visual-test.html	3003	2026-07-08T01:11:56Z	-	yes	creative_archive_or_active_embed
Portfolio assets/_for cargo deployment/touchbaes/sticker game/touchbaes-sticker-game/cargo-snippet.html	704842	2026-07-07T19:08:48Z	-	no	creative_archive_or_active_embed
Portfolio assets/_for cargo deployment/touchbaes/sticker game/touchbaes-sticker-game/index.html	34776	2026-07-07T19:08:48Z	-	yes	creative_archive_or_active_embed
Portfolio assets/_for cargo deployment/touchbaes/sticker game/touchbaes-sticker-game/proto-game.html	37943	2026-07-08T02:29:59Z	-	yes	creative_archive_or_active_embed
Portfolio assets/_for cargo deployment/touchbaes/sticker game/touchbaes-sticker-game/proto-parent.html	4625	2026-07-08T02:45:19Z	-	yes	creative_archive_or_active_embed
Portfolio assets/_for cargo deployment/touchbaes/sticker game/touchbaes-sticker-game/touchbaes-game-cargo.html	30675	2026-07-07T04:37:55Z	-	yes	creative_archive_or_active_embed
Portfolio assets/_for cargo deployment/touchbaes/sticker game/touchbaes-sticker-game/touchbaes-sticker-game-v10.html	49140	2026-07-13T05:15:23Z	-	yes	creative_archive_or_active_embed
Portfolio assets/_for cargo deployment/touchbaes/sticker game/touchbaes-sticker-game/touchbaes-sticker-game-v8.html	45989	2026-07-12T07:05:14Z	-	yes	creative_archive_or_active_embed
Portfolio assets/_for cargo deployment/touchbaes/sticker game/touchbaes-sticker-game/touchbaes-sticker-game.html	49140	2026-07-13T05:15:35Z	-	yes	creative_archive_or_active_embed
Portfolio assets/_for cargo deployment/touchbaes/touchbaes-last-retina.jpg	1874190	2026-07-11T16:58:20Z	dataless,compressed	no	creative_archive_or_active_embed
Portfolio assets/_for cargo deployment/touchbaes/tweezer open.psd	33511164	2026-07-06T21:40:35Z	dataless,compressed	no	creative_archive_or_active_embed
Portfolio assets/z_archive/.DS_Store	6148	2026-07-09T20:58:27Z	hidden	no	creative_archive_or_active_embed
Portfolio assets/z_archive/6x images for MMS.ai	1118307793	2025-08-06T03:50:11Z	dataless,compressed	no	creative_archive_or_active_embed
Portfolio assets/z_archive/MMS_AnyDay/_final/6x images for MMS_AD_Cover.webp	411846	2025-08-07T01:35:39Z	dataless,compressed	no	creative_archive_or_active_embed
Portfolio assets/z_archive/MMS_AnyDay/_final/6x images for MMS_AD_Image 1.webm	1420102	2025-08-06T22:24:48Z	dataless,compressed	no	creative_archive_or_active_embed
Portfolio assets/z_archive/MMS_AnyDay/_final/6x images for MMS_AD_Image 2.webm	50028	2025-08-07T03:08:24Z	dataless,compressed	no	creative_archive_or_active_embed
Portfolio assets/z_archive/MMS_AnyDay/_final/6x images for MMS_AD_Image 3.webp	128594	2025-08-07T01:35:43Z	dataless,compressed	no	creative_archive_or_active_embed
Portfolio assets/z_archive/MMS_AnyDay/_final/6x images for MMS_AD_Image 4.webm	1778374	2025-08-06T22:25:00Z	dataless,compressed	no	creative_archive_or_active_embed
Portfolio assets/z_archive/MMS_AnyDay/_final/6x images for MMS_AD_Image 5.webp	45170	2025-08-07T01:35:43Z	dataless,compressed	no	creative_archive_or_active_embed
Portfolio assets/z_archive/MMS_AnyDay/_final/6x images for MMS_AD_Image 6.webp	33184	2025-08-07T01:35:44Z	dataless,compressed	no	creative_archive_or_active_embed
Portfolio assets/z_archive/MMS_AnyDay/_final/png/6x images for MMS_AD_Cover.png	5292035	2025-08-06T21:53:38Z	dataless,compressed	no	creative_archive_or_active_embed
Portfolio assets/z_archive/MMS_AnyDay/_final/png/6x images for MMS_AD_Image 3.png	2441874	2025-08-06T21:53:38Z	dataless,compressed	no	creative_archive_or_active_embed
Portfolio assets/z_archive/MMS_AnyDay/_final/png/6x images for MMS_AD_Image 5.png	217300	2025-08-07T01:29:34Z	dataless,compressed	no	creative_archive_or_active_embed
Portfolio assets/z_archive/MMS_AnyDay/_final/png/6x images for MMS_AD_Image 6.png	492974	2025-08-06T21:53:38Z	dataless,compressed	no	creative_archive_or_active_embed
Portfolio assets/z_archive/MMS_CurateHealth/.DS_Store	6148	2026-07-09T20:58:32Z	hidden	no	creative_archive_or_active_embed
Portfolio assets/z_archive/MMS_CurateHealth/_assets/.DS_Store	6148	2025-08-01T16:16:12Z	hidden	no	creative_archive_or_active_embed
Portfolio assets/z_archive/MMS_CurateHealth/_assets/43.jpg	2867721	2024-04-08T19:05:01Z	dataless,compressed	no	creative_archive_or_active_embed
Portfolio assets/z_archive/MMS_CurateHealth/_assets/ARTD-C01-Sign-002.jpg	2668293	2024-04-11T17:48:12Z	dataless,compressed	no	creative_archive_or_active_embed
Portfolio assets/z_archive/MMS_CurateHealth/_assets/BenditoMockup-D-Macbook_Pro-02.jpg	4829538	2024-04-08T19:06:58Z	dataless,compressed	no	creative_archive_or_active_embed
Portfolio assets/z_archive/MMS_CurateHealth/_assets/CH bgv/1015180885.mov	672734276	2024-04-09T05:46:14Z	dataless,compressed	no	creative_archive_or_active_embed
Portfolio assets/z_archive/MMS_CurateHealth/_assets/CH bgv/1034163251.mov	414132644	2024-04-09T05:46:14Z	dataless,compressed	no	creative_archive_or_active_embed
Portfolio assets/z_archive/MMS_CurateHealth/_assets/CH bgv/1054609274.mov	390703572	2024-04-09T05:46:14Z	dataless,compressed	no	creative_archive_or_active_embed
Portfolio assets/z_archive/MMS_CurateHealth/_assets/CH bgv/1059203501.mov	15211278	2024-04-09T05:46:22Z	dataless,compressed	no	creative_archive_or_active_embed
Portfolio assets/z_archive/MMS_CurateHealth/_assets/CH bgv/1059847937.mov	60961407	2024-04-09T05:46:18Z	dataless,compressed	no	creative_archive_or_active_embed
Portfolio assets/z_archive/MMS_CurateHealth/_assets/CH bgv/1064273662.mov	40283032	2024-04-09T05:46:20Z	dataless,compressed	no	creative_archive_or_active_embed
Portfolio assets/z_archive/MMS_CurateHealth/_assets/CH bgv/1066514086.mov	13270241	2024-04-09T05:46:24Z	dataless,compressed	no	creative_archive_or_active_embed
Portfolio assets/z_archive/MMS_CurateHealth/_assets/CH bgv/1081285928.mov	6267790	2024-04-09T05:46:24Z	dataless,compressed	no	creative_archive_or_active_embed
Portfolio assets/z_archive/MMS_CurateHealth/_assets/CH bgv/1086885572.mov	14154566	2024-04-09T05:46:22Z	dataless,compressed	no	creative_archive_or_active_embed
Portfolio assets/z_archive/MMS_CurateHealth/_assets/CH bgv/1089003477.mov	7489199	2024-04-09T05:46:24Z	dataless,compressed	no	creative_archive_or_active_embed
Portfolio assets/z_archive/MMS_CurateHealth/_assets/CH bgv/1089166883.mov	13811436	2024-04-09T05:46:22Z	dataless,compressed	no	creative_archive_or_active_embed
Portfolio assets/z_archive/MMS_CurateHealth/_assets/CH bgv/1102776903.mov	19557863	2024-04-09T05:46:20Z	dataless,compressed	no	creative_archive_or_active_embed
Portfolio assets/z_archive/MMS_CurateHealth/_assets/CH bgv/13725416.mov	142111659	2024-04-09T05:46:14Z	dataless,compressed	no	creative_archive_or_active_embed
Portfolio assets/z_archive/MMS_CurateHealth/_assets/CH bgv/30235687.mov	368120638	2024-04-09T05:46:14Z	dataless,compressed	no	creative_archive_or_active_embed
Portfolio assets/z_archive/MMS_CurateHealth/_assets/CH_background.png	564188	2024-04-07T22:27:21Z	dataless,compressed	no	creative_archive_or_active_embed
Portfolio assets/z_archive/MMS_CurateHealth/_assets/CH_symbol.png	688942	2024-04-07T22:27:15Z	dataless,compressed	no	creative_archive_or_active_embed
Portfolio assets/z_archive/MMS_CurateHealth/_assets/CH_word.png	869116	2024-04-07T22:27:09Z	dataless,compressed	no	creative_archive_or_active_embed
Portfolio assets/z_archive/MMS_CurateHealth/_assets/Curate Health_image 1 vid.mp4	21281217	2024-04-08T19:52:18Z	dataless,compressed	no	creative_archive_or_active_embed
Portfolio assets/z_archive/MMS_CurateHealth/_assets/Image 5_CurateHealth_web_service (loop).gif	2213271	2024-04-08T17:43:18Z	dataless,compressed	no	creative_archive_or_active_embed
Portfolio assets/z_archive/MMS_CurateHealth/_assets/Image 5_CurateHealth_web_service.gif	2213253	2024-04-07T21:05:48Z	dataless,compressed	no	creative_archive_or_active_embed
Portfolio assets/z_archive/MMS_CurateHealth/_assets/YJ154玻璃贴.jpg	2572843	2024-04-08T18:12:10Z	dataless,compressed	no	creative_archive_or_active_embed
Portfolio assets/z_archive/MMS_CurateHealth/_finals/.DS_Store	6148	2026-07-09T20:58:27Z	hidden	no	creative_archive_or_active_embed
Portfolio assets/z_archive/MMS_CurateHealth/_finals/6x images for MMS_CH_Cover.jpg	1415820	2024-04-15T22:07:06Z	dataless,compressed	no	creative_archive_or_active_embed
Portfolio assets/z_archive/MMS_CurateHealth/_finals/6x images for MMS_CH_Image 1.gif	18222820	2024-04-08T20:03:17Z	dataless,compressed	no	creative_archive_or_active_embed
Portfolio assets/z_archive/MMS_CurateHealth/_finals/6x images for MMS_CH_Image 1.jpg	10361710	2024-04-15T22:07:11Z	dataless,compressed	no	creative_archive_or_active_embed
Portfolio assets/z_archive/MMS_CurateHealth/_finals/6x images for MMS_CH_Image 2.jpg	2713001	2024-04-15T22:07:13Z	dataless,compressed	no	creative_archive_or_active_embed
Portfolio assets/z_archive/MMS_CurateHealth/_finals/6x images for MMS_CH_Image 3.jpg	3055156	2024-04-15T22:07:16Z	dataless,compressed	no	creative_archive_or_active_embed
Portfolio assets/z_archive/MMS_CurateHealth/_finals/6x images for MMS_CH_Image 4.jpg	7502538	2024-04-15T22:07:22Z	dataless,compressed	no	creative_archive_or_active_embed
Portfolio assets/z_archive/MMS_CurateHealth/_finals/6x images for MMS_CH_Image 5.gif	5898418	2024-04-08T19:39:03Z	dataless,compressed	no	creative_archive_or_active_embed
Portfolio assets/z_archive/MMS_CurateHealth/_finals/6x images for MMS_CH_Image 5.jpg	961381	2024-04-15T22:07:23Z	dataless,compressed	no	creative_archive_or_active_embed
Portfolio assets/z_archive/MMS_CurateHealth/_finals/6x images for MMS_CH_Image 6.jpg	2867212	2024-04-15T22:07:26Z	dataless,compressed	no	creative_archive_or_active_embed
Portfolio assets/z_archive/MMS_DeadGood/.DS_Store	6148	2025-08-06T00:09:49Z	hidden	no	creative_archive_or_active_embed
Portfolio assets/z_archive/MMS_DeadGood/_assets/.DS_Store	6148	2025-08-01T16:16:12Z	hidden	no	creative_archive_or_active_embed
Portfolio assets/z_archive/MMS_DeadGood/_assets/994shots_so.png	12092025	2024-04-08T23:27:55Z	dataless,compressed	no	creative_archive_or_active_embed
Portfolio assets/z_archive/MMS_DeadGood/_assets/Adobe After Effects Auto-Save/DG_slide animation auto-save 1.aep	212342	2024-04-09T02:51:16Z	dataless,compressed	no	creative_archive_or_active_embed
Portfolio assets/z_archive/MMS_DeadGood/_assets/Adobe After Effects Auto-Save/DG_slide animation auto-save 2.aep	212330	2024-04-09T03:11:19Z	dataless,compressed	no	creative_archive_or_active_embed
Portfolio assets/z_archive/MMS_DeadGood/_assets/Adobe After Effects Auto-Save/DG_slide animation auto-save 3.aep	265352	2024-04-10T01:43:15Z	dataless,compressed	no	creative_archive_or_active_embed
Portfolio assets/z_archive/MMS_DeadGood/_assets/DG_slide animation.aep	264244	2024-04-11T21:15:55Z	dataless,compressed	no	creative_archive_or_active_embed
Portfolio assets/z_archive/MMS_DeadGood/_assets/DG_slides animation.mp4	10686989	2024-04-09T02:51:18Z	dataless,compressed	no	creative_archive_or_active_embed
Portfolio assets/z_archive/MMS_DeadGood/_assets/DSCF1092_web.jpg	83253	2024-04-08T20:40:57Z	dataless,compressed	no	creative_archive_or_active_embed
Portfolio assets/z_archive/MMS_DeadGood/_assets/DSCF1111_web.jpg	63027	2024-04-08T20:41:18Z	dataless,compressed	no	creative_archive_or_active_embed
Portfolio assets/z_archive/MMS_DeadGood/_assets/MacBook Pro _13.jpg	3780208	2024-04-08T23:31:52Z	dataless,compressed	no	creative_archive_or_active_embed
Portfolio assets/z_archive/MMS_DeadGood/_assets/deck jpegs/.DS_Store	6148	2024-04-11T21:26:50Z	hidden	no	creative_archive_or_active_embed
Portfolio assets/z_archive/MMS_DeadGood/_assets/deck jpegs/Untitled-2-01.jpg	162793	2024-04-09T01:41:51Z	dataless,compressed	no	creative_archive_or_active_embed
Portfolio assets/z_archive/MMS_DeadGood/_assets/deck jpegs/Untitled-2-02.jpg	165620	2024-04-09T01:41:52Z	dataless,compressed	no	creative_archive_or_active_embed
Portfolio assets/z_archive/MMS_DeadGood/_assets/deck jpegs/Untitled-2-03.jpg	110158	2024-04-09T01:41:52Z	dataless,compressed	no	creative_archive_or_active_embed
Portfolio assets/z_archive/MMS_DeadGood/_assets/deck jpegs/Untitled-2-04.jpg	157972	2024-04-09T01:41:52Z	dataless,compressed	no	creative_archive_or_active_embed
Portfolio assets/z_archive/MMS_DeadGood/_assets/deck jpegs/Untitled-2-05.jpg	195014	2024-04-09T01:41:53Z	dataless,compressed	no	creative_archive_or_active_embed
Portfolio assets/z_archive/MMS_DeadGood/_assets/deck jpegs/Untitled-2-06.jpg	124918	2024-04-09T01:41:53Z	dataless,compressed	no	creative_archive_or_active_embed
Portfolio assets/z_archive/MMS_DeadGood/_assets/deck jpegs/Untitled-2-07.jpg	114399	2024-04-09T01:41:53Z	dataless,compressed	no	creative_archive_or_active_embed
Portfolio assets/z_archive/MMS_DeadGood/_assets/deck jpegs/Untitled-2-08.jpg	151677	2024-04-09T01:41:54Z	dataless,compressed	no	creative_archive_or_active_embed
Portfolio assets/z_archive/MMS_DeadGood/_assets/deck jpegs/Untitled-2-09.jpg	204029	2024-04-09T01:41:54Z	dataless,compressed	no	creative_archive_or_active_embed
Portfolio assets/z_archive/MMS_DeadGood/_assets/deck jpegs/Untitled-2-10.jpg	179585	2024-04-09T01:41:54Z	dataless,compressed	no	creative_archive_or_active_embed
Portfolio assets/z_archive/MMS_DeadGood/_assets/deck jpegs/Untitled-2-11.jpg	238878	2024-04-09T01:41:55Z	dataless,compressed	no	creative_archive_or_active_embed
Portfolio assets/z_archive/MMS_DeadGood/_assets/deck jpegs/Untitled-2-12.jpg	239645	2024-04-09T01:41:55Z	dataless,compressed	no	creative_archive_or_active_embed
Portfolio assets/z_archive/MMS_DeadGood/_assets/deck jpegs/Untitled-2-13.jpg	184843	2024-04-09T01:41:55Z	dataless,compressed	no	creative_archive_or_active_embed
Portfolio assets/z_archive/MMS_DeadGood/_assets/deck jpegs/Untitled-2-14.jpg	161336	2024-04-09T01:41:56Z	dataless,compressed	no	creative_archive_or_active_embed
Portfolio assets/z_archive/MMS_DeadGood/_assets/deck jpegs/Untitled-2-15.jpg	151485	2024-04-09T01:41:56Z	dataless,compressed	no	creative_archive_or_active_embed
Portfolio assets/z_archive/MMS_DeadGood/_assets/deck jpegs/deck animation jpegs/Deck slide 1.png	1852759	2024-04-09T02:07:53Z	dataless,compressed	no	creative_archive_or_active_embed
Portfolio assets/z_archive/MMS_DeadGood/_assets/deck jpegs/deck animation jpegs/Deck slide 2.png	1601859	2024-04-09T02:07:54Z	dataless,compressed	no	creative_archive_or_active_embed
Portfolio assets/z_archive/MMS_DeadGood/_assets/deck jpegs/deck animation jpegs/Deck slide 3.png	804392	2024-04-09T02:07:54Z	dataless,compressed	no	creative_archive_or_active_embed
Portfolio assets/z_archive/MMS_DeadGood/_assets/deck jpegs/deck animation jpegs/Deck slide 4.png	2306500	2024-04-09T02:07:55Z	dataless,compressed	no	creative_archive_or_active_embed
Portfolio assets/z_archive/MMS_DeadGood/_assets/deck jpegs/deck animation jpegs/Deck slide 5.png	2301284	2024-04-09T02:07:56Z	dataless,compressed	no	creative_archive_or_active_embed
Portfolio assets/z_archive/MMS_DeadGood/_assets/米禾设计 (2).jpg	5679130	2024-04-09T01:35:39Z	dataless,compressed	no	creative_archive_or_active_embed
Portfolio assets/z_archive/MMS_DeadGood/_finals/6x images for MMS_DG_Cover.jpg	3259149	2024-04-09T03:01:19Z	dataless,compressed	no	creative_archive_or_active_embed
Portfolio assets/z_archive/MMS_DeadGood/_finals/6x images for MMS_DG_Image 1.jpg	5732912	2024-04-09T03:01:24Z	dataless,compressed	no	creative_archive_or_active_embed
Portfolio assets/z_archive/MMS_DeadGood/_finals/6x images for MMS_DG_Image 2.gif	1255268	2024-04-08T23:53:48Z	dataless,compressed	no	creative_archive_or_active_embed
Portfolio assets/z_archive/MMS_DeadGood/_finals/6x images for MMS_DG_Image 2.jpg	2160733	2024-04-09T03:01:25Z	dataless,compressed	no	creative_archive_or_active_embed
Portfolio assets/z_archive/MMS_DeadGood/_finals/6x images for MMS_DG_Image 3.jpg	1369771	2024-04-09T03:01:29Z	dataless,compressed	no	creative_archive_or_active_embed
Portfolio assets/z_archive/MMS_DeadGood/_finals/6x images for MMS_DG_Image 4.jpg	7613876	2024-04-09T03:27:21Z	dataless,compressed	no	creative_archive_or_active_embed
Portfolio assets/z_archive/MMS_DeadGood/_finals/6x images for MMS_DG_Image 5.gif	9633755	2024-04-09T02:53:18Z	dataless,compressed	no	creative_archive_or_active_embed
Portfolio assets/z_archive/MMS_DeadGood/_finals/6x images for MMS_DG_Image 5.jpg	1142182	2024-04-09T03:01:36Z	dataless,compressed	no	creative_archive_or_active_embed
Portfolio assets/z_archive/MMS_DeadGood/_finals/6x images for MMS_DG_Image 6.jpg	2660393	2024-04-09T03:01:37Z	dataless,compressed	no	creative_archive_or_active_embed
Portfolio assets/z_archive/MMS_DeadGood/_finals/_compressed/6x images for MMS_DG_Cover.webp	1807676	2025-09-21T19:49:02Z	dataless,compressed	no	creative_archive_or_active_embed
Portfolio assets/z_archive/MMS_DeadGood/_finals/_compressed/6x images for MMS_DG_Image 1.webp	3215060	2025-09-21T19:49:02Z	dataless,compressed	no	creative_archive_or_active_embed
Portfolio assets/z_archive/MMS_DeadGood/_finals/_compressed/6x images for MMS_DG_Image 2.webp	974248	2025-09-21T19:49:01Z	dataless,compressed	no	creative_archive_or_active_embed
Portfolio assets/z_archive/MMS_DeadGood/_finals/_compressed/6x images for MMS_DG_Image 3.webp	662146	2025-09-21T19:49:01Z	dataless,compressed	no	creative_archive_or_active_embed
Portfolio assets/z_archive/MMS_DeadGood/_finals/_compressed/6x images for MMS_DG_Image 4.webp	5418390	2025-09-21T19:49:00Z	dataless,compressed	no	creative_archive_or_active_embed
Portfolio assets/z_archive/MMS_DeadGood/_finals/_compressed/6x images for MMS_DG_Image 5.webp	727806	2025-09-21T19:48:59Z	dataless,compressed	no	creative_archive_or_active_embed
Portfolio assets/z_archive/MMS_DeadGood/_finals/_compressed/6x images for MMS_DG_Image 6.webp	1635604	2025-09-21T19:49:03Z	dataless,compressed	no	creative_archive_or_active_embed
Portfolio assets/z_archive/MMS_DeadGood/_finals/_compressed/DG_slides animation.webm	823082	2025-09-21T19:53:23Z	dataless,compressed	no	creative_archive_or_active_embed
Portfolio assets/z_archive/MMS_EVIIVE/.DS_Store	10244	2026-07-07T14:42:12Z	hidden	no	creative_archive_or_active_embed
Portfolio assets/z_archive/MMS_EVIIVE/_assets/Screenshot 2025-08-05 at 19.48.38.png	1482674	2025-08-05T23:48:43Z	dataless,compressed	no	creative_archive_or_active_embed
Portfolio assets/z_archive/MMS_EVIIVE/_finals/.DS_Store	6148	2026-07-07T14:31:59Z	hidden	no	creative_archive_or_active_embed
Portfolio assets/z_archive/MMS_EVIIVE/_finals/6x images for MMS_EVIIVE_Cover.jpg	1444964	2025-08-06T00:10:08Z	dataless,compressed	no	creative_archive_or_active_embed
Portfolio assets/z_archive/MMS_EVIIVE/_finals/6x images for MMS_EVIIVE_Image 1.jpg	5005937	2025-08-06T00:10:08Z	dataless,compressed	no	creative_archive_or_active_embed
Portfolio assets/z_archive/MMS_EVIIVE/_finals/6x images for MMS_EVIIVE_Image 2.jpg	611384	2025-08-06T00:33:54Z	dataless,compressed	no	creative_archive_or_active_embed
Portfolio assets/z_archive/MMS_EVIIVE/_finals/6x images for MMS_EVIIVE_Image 3-web-transparent.webm	1068995	2026-07-06T23:17:46Z	dataless,compressed	no	creative_archive_or_active_embed
Portfolio assets/z_archive/MMS_EVIIVE/_finals/6x images for MMS_EVIIVE_Image 3-web-white-bg.mp4	957851	2026-07-06T23:17:44Z	dataless,compressed	no	creative_archive_or_active_embed
Portfolio assets/z_archive/MMS_EVIIVE/_finals/6x images for MMS_EVIIVE_Image 3.gif	12461356	2025-06-16T16:51:41Z	dataless,compressed	no	creative_archive_or_active_embed
Portfolio assets/z_archive/MMS_EVIIVE/_finals/6x images for MMS_EVIIVE_Image 3.jpg	1249159	2025-08-06T00:33:54Z	dataless,compressed	no	creative_archive_or_active_embed
Portfolio assets/z_archive/MMS_EVIIVE/_finals/6x images for MMS_EVIIVE_Image 4.jpg	785265	2025-08-06T00:33:54Z	dataless,compressed	no	creative_archive_or_active_embed
Portfolio assets/z_archive/MMS_EVIIVE/_finals/6x images for MMS_EVIIVE_Image 5-web-smooth-hq-transparent.webm	347391	2026-07-07T00:01:30Z	dataless,compressed	no	creative_archive_or_active_embed
Portfolio assets/z_archive/MMS_EVIIVE/_finals/6x images for MMS_EVIIVE_Image 5-web-smooth-hq-white-bg.mp4	860283	2026-07-07T00:01:29Z	dataless,compressed	no	creative_archive_or_active_embed
Portfolio assets/z_archive/MMS_EVIIVE/_finals/6x images for MMS_EVIIVE_Image 5-web-white-bg.mp4	135817	2026-07-06T23:17:44Z	dataless,compressed	no	creative_archive_or_active_embed
Portfolio assets/z_archive/MMS_EVIIVE/_finals/6x images for MMS_EVIIVE_Image 5.gif	1778350	2025-06-14T16:49:07Z	dataless,compressed	no	creative_archive_or_active_embed
Portfolio assets/z_archive/MMS_EVIIVE/_finals/6x images for MMS_EVIIVE_Image 5.jpg	1073808	2025-08-06T00:33:54Z	dataless,compressed	no	creative_archive_or_active_embed
Portfolio assets/z_archive/MMS_EVIIVE/_finals/6x images for MMS_EVIIVE_Image 6.jpg	1938475	2025-08-06T00:33:55Z	dataless,compressed	no	creative_archive_or_active_embed
Portfolio assets/z_archive/MMS_FH/.DS_Store	6148	2025-08-01T16:44:17Z	hidden	no	creative_archive_or_active_embed
Portfolio assets/z_archive/MMS_FH/_assets/.DS_Store	6148	2024-04-11T23:47:13Z	hidden	no	creative_archive_or_active_embed
Portfolio assets/z_archive/MMS_FH/_assets/03.jpg	982170	2024-04-12T00:44:33Z	dataless,compressed	no	creative_archive_or_active_embed
Portfolio assets/z_archive/MMS_FH/_assets/04.jpg	1179183	2024-04-12T00:56:34Z	dataless,compressed	no	creative_archive_or_active_embed
Portfolio assets/z_archive/MMS_FH/_assets/05.jpg	1452085	2024-04-11T23:37:03Z	dataless,compressed	no	creative_archive_or_active_embed
Portfolio assets/z_archive/MMS_FH/_assets/Artboard 1.jpg	896504	2024-04-12T01:05:15Z	dataless,compressed	no	creative_archive_or_active_embed
Portfolio assets/z_archive/MMS_FH/_assets/Artboard 2.jpg	1022233	2024-04-12T01:05:15Z	dataless,compressed	no	creative_archive_or_active_embed
Portfolio assets/z_archive/MMS_FH/_assets/minimalist_a4_magazine_mockup_8.jpg	777158	2024-04-12T01:14:57Z	dataless,compressed	no	creative_archive_or_active_embed
Portfolio assets/z_archive/MMS_FH/_finals/6x images for MMS_FH_Cover.jpg	4804206	2024-04-12T01:39:53Z	dataless,compressed	no	creative_archive_or_active_embed
Portfolio assets/z_archive/MMS_FH/_finals/6x images for MMS_FH_Image 1.jpg	5275393	2024-04-12T01:39:58Z	dataless,compressed	no	creative_archive_or_active_embed
Portfolio assets/z_archive/MMS_FH/_finals/6x images for MMS_FH_Image 2.jpg	1147824	2024-04-12T14:51:17Z	dataless,compressed	no	creative_archive_or_active_embed
Portfolio assets/z_archive/MMS_FH/_finals/6x images for MMS_FH_Image 3.jpg	464178	2024-04-12T14:51:18Z	dataless,compressed	no	creative_archive_or_active_embed
Portfolio assets/z_archive/MMS_FH/_finals/6x images for MMS_FH_Image 4.jpg	4961264	2024-04-12T01:40:08Z	dataless,compressed	no	creative_archive_or_active_embed
Portfolio assets/z_archive/MMS_FH/_finals/6x images for MMS_FH_Image 5.jpg	1607799	2024-04-12T01:40:10Z	dataless,compressed	no	creative_archive_or_active_embed
Portfolio assets/z_archive/MMS_FH/_finals/6x images for MMS_FH_Image 6.jpg	1205504	2024-04-12T01:40:12Z	dataless,compressed	no	creative_archive_or_active_embed
Portfolio assets/z_archive/MMS_Homie/.DS_Store	6148	2025-08-01T18:33:02Z	hidden	no	creative_archive_or_active_embed
Portfolio assets/z_archive/MMS_Homie/_assets/.DS_Store	8196	2025-07-30T18:42:14Z	hidden	no	creative_archive_or_active_embed
Portfolio assets/z_archive/MMS_Homie/_assets/203shots_so.png	543665	2024-04-11T17:04:10Z	dataless,compressed	no	creative_archive_or_active_embed
Portfolio assets/z_archive/MMS_Homie/_assets/630shots_so.png	757275	2024-04-11T17:06:59Z	dataless,compressed	no	creative_archive_or_active_embed
Portfolio assets/z_archive/MMS_Homie/_assets/6x images for OC_Homie_Image 5.gif	11357033	2024-04-11T18:13:29Z	dataless,compressed	no	creative_archive_or_active_embed
Portfolio assets/z_archive/MMS_Homie/_assets/737shots_so.png	615138	2024-04-11T17:02:42Z	dataless,compressed	no	creative_archive_or_active_embed
Portfolio assets/z_archive/MMS_Homie/_assets/CleanShot 2024-04-11 at 14.06.05.gif	14540690	2024-04-11T18:29:50Z	dataless,compressed	no	creative_archive_or_active_embed
Portfolio assets/z_archive/MMS_Homie/_assets/CleanShot2024-04-11at14.35.59-ezgif.com-crop.gif	8749924	2024-04-11T18:45:06Z	dataless,compressed	no	creative_archive_or_active_embed
Portfolio assets/z_archive/MMS_Homie/_assets/CleanShot2024-04-11at14.35.59-ezgif.com-optimize.gif	12786013	2024-04-11T18:40:56Z	dataless,compressed	no	creative_archive_or_active_embed
Portfolio assets/z_archive/MMS_Homie/_assets/Homie_buttons.png	4375106	2024-04-10T22:38:40Z	dataless,compressed	no	creative_archive_or_active_embed
Portfolio assets/z_archive/MMS_Homie/_assets/Homie_convo (includes header).png	456400	2024-04-10T22:14:19Z	dataless,compressed	no	creative_archive_or_active_embed
Portfolio assets/z_archive/MMS_Homie/_assets/Homie_convo.png	555161	2024-04-10T22:11:54Z	dataless,compressed	no	creative_archive_or_active_embed
Portfolio assets/z_archive/MMS_Homie/_assets/Row 1 - App 3.png	14433	2024-04-11T03:15:29Z	dataless,compressed	no	creative_archive_or_active_embed
Portfolio assets/z_archive/MMS_Homie/_assets/Screenshot 2024-04-10 at 18.29.42.png	176661	2024-04-10T22:29:48Z	dataless,compressed	no	creative_archive_or_active_embed
Portfolio assets/z_archive/MMS_Homie/_assets/iPhone - Home Screen Widgets - Small - Light.png	1255917	2024-04-11T17:59:20Z	dataless,compressed	no	creative_archive_or_active_embed
Portfolio assets/z_archive/MMS_Homie/_assets/pexels-karolina-grabowska-4705833.jpg	2782448	2024-04-11T03:04:58Z	dataless,compressed	no	creative_archive_or_active_embed
Portfolio assets/z_archive/MMS_Homie/_assets/pexels-kayley-5872378.jpg	636355	2024-04-11T16:57:33Z	dataless,compressed	no	creative_archive_or_active_embed
Portfolio assets/z_archive/MMS_Homie/_assets/pexels-sam-lion-6001407.jpg	1608171	2024-04-10T22:15:29Z	dataless,compressed	no	creative_archive_or_active_embed
Portfolio assets/z_archive/MMS_Homie/_assets/pexels-sam-lion-6001407.psd	183044234	2024-04-10T22:17:29Z	dataless,compressed	no	creative_archive_or_active_embed
Portfolio assets/z_archive/MMS_Homie/_finals/.DS_Store	6148	2024-04-11T18:45:37Z	hidden	no	creative_archive_or_active_embed
Portfolio assets/z_archive/MMS_Homie/_finals/6x images for MMS_Homie_Cover.jpg	4098670	2024-04-15T23:25:42Z	dataless,compressed	no	creative_archive_or_active_embed
Portfolio assets/z_archive/MMS_Homie/_finals/6x images for MMS_Homie_Image 1.jpg	4429732	2024-04-15T23:25:53Z	dataless,compressed	no	creative_archive_or_active_embed
Portfolio assets/z_archive/MMS_Homie/_finals/6x images for MMS_Homie_Image 2.gif	8749924	2024-04-11T18:45:06Z	dataless,compressed	no	creative_archive_or_active_embed
Portfolio assets/z_archive/MMS_Homie/_finals/6x images for MMS_Homie_Image 2.jpg	2126725	2024-04-15T23:25:55Z	dataless,compressed	no	creative_archive_or_active_embed
Portfolio assets/z_archive/MMS_Homie/_finals/6x images for MMS_Homie_Image 3.jpg	579937	2024-04-15T23:25:57Z	dataless,compressed	no	creative_archive_or_active_embed
Portfolio assets/z_archive/MMS_Homie/_finals/6x images for MMS_Homie_Image 4.jpg	6534796	2024-04-15T23:26:06Z	dataless,compressed	no	creative_archive_or_active_embed
Portfolio assets/z_archive/MMS_Homie/_finals/6x images for MMS_Homie_Image 5.gif	14540690	2024-04-11T18:29:50Z	dataless,compressed	no	creative_archive_or_active_embed
Portfolio assets/z_archive/MMS_Homie/_finals/6x images for MMS_Homie_Image 5.jpg	278849	2024-04-15T23:26:07Z	dataless,compressed	no	creative_archive_or_active_embed
Portfolio assets/z_archive/MMS_Homie/_finals/6x images for MMS_Homie_Image 6.jpg	3325355	2024-04-15T23:26:10Z	dataless,compressed	no	creative_archive_or_active_embed
Portfolio assets/z_archive/MMS_Loop/.DS_Store	6148	2026-07-09T20:57:50Z	hidden	no	creative_archive_or_active_embed
Portfolio assets/z_archive/MMS_Loop/6x images for MMS_Loop_Cover.webp	599946	2025-08-07T06:49:40Z	dataless,compressed	no	creative_archive_or_active_embed
Portfolio assets/z_archive/MMS_Loop/6x images for MMS_Loop_Image 1.webm	11567105	2025-08-07T02:48:14Z	dataless,compressed	no	creative_archive_or_active_embed
Portfolio assets/z_archive/MMS_Loop/6x images for MMS_Loop_Image 2.webp	106720	2025-08-07T06:49:46Z	dataless,compressed	no	creative_archive_or_active_embed
Portfolio assets/z_archive/MMS_Loop/6x images for MMS_Loop_Image 3.webp	58608	2025-08-07T06:49:48Z	dataless,compressed	no	creative_archive_or_active_embed
Portfolio assets/z_archive/MMS_Loop/6x images for MMS_Loop_Image 4.webp	505062	2025-08-07T06:49:46Z	dataless,compressed	no	creative_archive_or_active_embed
Portfolio assets/z_archive/MMS_Loop/6x images for MMS_Loop_Image 5.webp	295284	2025-08-07T06:49:46Z	dataless,compressed	no	creative_archive_or_active_embed
Portfolio assets/z_archive/MMS_Loop/6x images for MMS_Loop_Image 6.webp	253740	2025-08-07T06:49:46Z	dataless,compressed	no	creative_archive_or_active_embed
Portfolio assets/z_archive/MMS_Loop/png/6x images for MMS_Loop_Cover.png	5735740	2025-08-07T02:37:07Z	dataless,compressed	no	creative_archive_or_active_embed
Portfolio assets/z_archive/MMS_Loop/png/6x images for MMS_Loop_Image 2.jpg	616438	2026-07-09T19:34:09Z	dataless,compressed	no	creative_archive_or_active_embed
Portfolio assets/z_archive/MMS_Loop/png/6x images for MMS_Loop_Image 3.png	619730	2025-08-07T02:37:07Z	dataless,compressed	no	creative_archive_or_active_embed
Portfolio assets/z_archive/MMS_Loop/png/6x images for MMS_Loop_Image 4.png	4118332	2025-08-07T02:37:07Z	dataless,compressed	no	creative_archive_or_active_embed
Portfolio assets/z_archive/MMS_Loop/png/6x images for MMS_Loop_Image 5.png	2275693	2025-08-07T02:37:07Z	dataless,compressed	no	creative_archive_or_active_embed
Portfolio assets/z_archive/MMS_Loop/png/6x images for MMS_Loop_Image 6.png	2210047	2025-08-07T02:37:07Z	dataless,compressed	no	creative_archive_or_active_embed
Portfolio assets/z_archive/MMS_Montran/.DS_Store	6148	2026-07-09T15:40:17Z	hidden	no	creative_archive_or_active_embed
Portfolio assets/z_archive/MMS_Montran/_assets/.DS_Store	6148	2024-04-10T20:13:26Z	hidden	no	creative_archive_or_active_embed
Portfolio assets/z_archive/MMS_Montran/_assets/12.jpg	6791048	2024-04-10T17:51:30Z	dataless,compressed	no	creative_archive_or_active_embed
Portfolio assets/z_archive/MMS_Montran/_assets/48.png	27264810	2024-04-10T18:54:14Z	dataless,compressed	no	creative_archive_or_active_embed
Portfolio assets/z_archive/MMS_Montran/_assets/6x images for OC Montran phone frame (for animation mockup).png	3755394	2024-04-10T16:38:33Z	dataless,compressed	no	creative_archive_or_active_embed
Portfolio assets/z_archive/MMS_Montran/_assets/6x images for OC Montran video frame (for animation mockup).png	10287301	2024-04-10T20:07:01Z	dataless,compressed	no	creative_archive_or_active_embed
Portfolio assets/z_archive/MMS_Montran/_assets/Book design paper for mockup.indd	5820416	2023-11-30T02:30:49Z	dataless,compressed	no	creative_archive_or_active_embed
Portfolio assets/z_archive/MMS_Montran/_assets/IMG_7999.PNG	329144	2024-04-10T16:32:17Z	dataless,compressed	no	creative_archive_or_active_embed
Portfolio assets/z_archive/MMS_Montran/_assets/Montran_P1.png	693425	2024-04-10T17:39:25Z	dataless,compressed	no	creative_archive_or_active_embed
Portfolio assets/z_archive/MMS_Montran/_assets/Montran_P2.png	531889	2024-04-10T17:39:25Z	dataless,compressed	no	creative_archive_or_active_embed
Portfolio assets/z_archive/MMS_Montran/_assets/OC.WORK_Montran_animation mockup screen.mp4	36026910	2024-04-10T20:08:55Z	dataless,compressed	no	creative_archive_or_active_embed
Portfolio assets/z_archive/MMS_Montran/_assets/OC.WORK_Montran_animation mockup video.mp4	24799808	2024-04-10T16:40:50Z	dataless,compressed	no	creative_archive_or_active_embed
Portfolio assets/z_archive/MMS_Montran/_assets/Screenshot 2024-04-10 at 13.01.26.png	258586	2024-04-10T17:01:29Z	dataless,compressed	no	creative_archive_or_active_embed
Portfolio assets/z_archive/MMS_Montran/_assets/Screenshot 2024-04-10 at 13.53.13.png	621004	2024-04-10T17:53:18Z	dataless,compressed	no	creative_archive_or_active_embed
Portfolio assets/z_archive/MMS_Montran/_assets/Screenshot 2024-04-10 at 15.25.30.png	674666	2024-04-10T19:25:38Z	dataless,compressed	no	creative_archive_or_active_embed
Portfolio assets/z_archive/MMS_Montran/_assets/_Montran_Mini CSD campaign.mp4	16810552	2024-03-22T23:39:51Z	dataless,compressed	no	creative_archive_or_active_embed
Portfolio assets/z_archive/MMS_Montran/_assets/pexels-christian-fohrer-1804062.jpg	1537499	2024-04-10T14:28:06Z	dataless,compressed	no	creative_archive_or_active_embed
Portfolio assets/z_archive/MMS_Montran/_assets/pexels-laura-tancredi-7078666.jpg	2823663	2024-04-10T15:08:37Z	dataless,compressed	no	creative_archive_or_active_embed
Portfolio assets/z_archive/MMS_Montran/_assets/pexels-pixabay-316082.jpg	1657521	2024-04-10T14:27:54Z	dataless,compressed	no	creative_archive_or_active_embed
Portfolio assets/z_archive/MMS_Montran/_assets/pexels-scott-webb-532568.jpg	913485	2024-04-10T14:23:52Z	dataless,compressed	no	creative_archive_or_active_embed
Portfolio assets/z_archive/MMS_Montran/_assets/reels mockup frame.jpeg	466945	2024-04-10T15:52:30Z	dataless,compressed	no	creative_archive_or_active_embed
Portfolio assets/z_archive/MMS_Montran/_assets/饭桶设计(1).jpg	3874842	2024-04-10T19:39:03Z	dataless,compressed	no	creative_archive_or_active_embed
Portfolio assets/z_archive/MMS_Montran/_finals/.DS_Store	6148	2024-04-10T20:09:40Z	hidden	no	creative_archive_or_active_embed
Portfolio assets/z_archive/MMS_Montran/_finals/6x images for MMS_Montran_Cover.jpg	8370931	2024-04-15T22:20:24Z	dataless,compressed	no	creative_archive_or_active_embed
Portfolio assets/z_archive/MMS_Montran/_finals/6x images for MMS_Montran_Image 1.jpg	6000939	2024-04-15T22:20:33Z	dataless,compressed	no	creative_archive_or_active_embed
Portfolio assets/z_archive/MMS_Montran/_finals/6x images for MMS_Montran_Image 2.jpg	516819	2024-04-15T22:20:34Z	dataless,compressed	no	creative_archive_or_active_embed
Portfolio assets/z_archive/MMS_Montran/_finals/6x images for MMS_Montran_Image 3.gif	7529476	2024-04-10T16:54:31Z	dataless,compressed	no	creative_archive_or_active_embed
Portfolio assets/z_archive/MMS_Montran/_finals/6x images for MMS_Montran_Image 3.jpg	1650117	2024-04-15T22:20:36Z	dataless,compressed	no	creative_archive_or_active_embed
Portfolio assets/z_archive/MMS_Montran/_finals/6x images for MMS_Montran_Image 4.jpg	7211304	2024-04-15T22:20:42Z	dataless,compressed	no	creative_archive_or_active_embed
Portfolio assets/z_archive/MMS_Montran/_finals/6x images for MMS_Montran_Image 5.gif	16647370	2024-04-10T20:13:12Z	dataless,compressed	no	creative_archive_or_active_embed
Portfolio assets/z_archive/MMS_Montran/_finals/6x images for MMS_Montran_Image 5.jpg	2552046	2024-04-15T22:20:45Z	dataless,compressed	no	creative_archive_or_active_embed
Portfolio assets/z_archive/MMS_Montran/_finals/6x images for MMS_Montran_Image 6.jpg	3437627	2024-04-15T22:20:47Z	dataless,compressed	no	creative_archive_or_active_embed
Portfolio assets/z_archive/MMS_RBC/.DS_Store	6148	2025-08-01T17:01:12Z	hidden	no	creative_archive_or_active_embed
Portfolio assets/z_archive/MMS_RBC/_assets/.DS_Store	6148	2024-12-21T05:16:52Z	hidden	no	creative_archive_or_active_embed
Portfolio assets/z_archive/MMS_RBC/_assets/2022 version/.DS_Store	10244	2024-04-12T01:00:08Z	hidden	no	creative_archive_or_active_embed
Portfolio assets/z_archive/MMS_RBC/_assets/2022 version/FLP pull-up banner_final.ai	110536533	2023-05-01T22:18:38Z	dataless,compressed	no	creative_archive_or_active_embed
Portfolio assets/z_archive/MMS_RBC/_assets/2022 version/FLP social media.ai	21307751	2022-12-18T16:59:13Z	dataless,compressed	no	creative_archive_or_active_embed
Portfolio assets/z_archive/MMS_RBC/_assets/2022 version/FLP_FACTSHEETS/.DS_Store	8196	2024-04-10T20:23:35Z	hidden	no	creative_archive_or_active_embed
Portfolio assets/z_archive/MMS_RBC/_assets/2022 version/FLP_FACTSHEETS/English/22_90931_financial_lit_series_module10_EN.indd	1937408	2022-11-30T16:08:46Z	dataless,compressed	no	creative_archive_or_active_embed
Portfolio assets/z_archive/MMS_RBC/_assets/2022 version/FLP_FACTSHEETS/English/22_90931_financial_lit_series_module11_EN.indd	2916352	2022-12-02T17:23:31Z	dataless,compressed	no	creative_archive_or_active_embed
Portfolio assets/z_archive/MMS_RBC/_assets/2022 version/FLP_FACTSHEETS/English/22_90931_financial_lit_series_module12_EN.indd	1769472	2022-11-30T20:31:48Z	dataless,compressed	no	creative_archive_or_active_embed
Portfolio assets/z_archive/MMS_RBC/_assets/2022 version/FLP_FACTSHEETS/English/22_90931_financial_lit_series_module1_EN.indd	1732608	2022-10-24T19:38:14Z	dataless,compressed	no	creative_archive_or_active_embed
Portfolio assets/z_archive/MMS_RBC/_assets/2022 version/FLP_FACTSHEETS/English/22_90931_financial_lit_series_module2_EN.indd	2121728	2019-07-23T16:05:58Z	dataless,compressed	no	creative_archive_or_active_embed
Portfolio assets/z_archive/MMS_RBC/_assets/2022 version/FLP_FACTSHEETS/English/22_90931_financial_lit_series_module3_EN.indd	2383872	2019-08-29T21:34:36Z	dataless,compressed	no	creative_archive_or_active_embed
Portfolio assets/z_archive/MMS_RBC/_assets/2022 version/FLP_FACTSHEETS/English/22_90931_financial_lit_series_module4_EN.indd	2187264	2019-07-09T20:18:21Z	dataless,compressed	no	creative_archive_or_active_embed
Portfolio assets/z_archive/MMS_RBC/_assets/2022 version/FLP_FACTSHEETS/English/22_90931_financial_lit_series_module6_EN.indd	3452928	2020-01-27T14:33:52Z	dataless,compressed	no	creative_archive_or_active_embed
Portfolio assets/z_archive/MMS_RBC/_assets/2022 version/FLP_FACTSHEETS/English/22_90931_financial_lit_series_module8_EN.indd	2805760	2022-10-24T14:57:13Z	dataless,compressed	no	creative_archive_or_active_embed
Portfolio assets/z_archive/MMS_RBC/_assets/2022 version/FLP_FACTSHEETS/English/~22_90931_financial~n)$s$o.idlk	0	2022-12-13T05:11:43Z	dataless,compressed	no	creative_archive_or_active_embed
Portfolio assets/z_archive/MMS_RBC/_assets/2022 version/FLP_FACTSHEETS/English/~factsheet_flp_modu~o(d2jj.idlk	0	2022-08-11T20:30:12Z	dataless,compressed	no	creative_archive_or_active_embed
Portfolio assets/z_archive/MMS_RBC/_assets/2022 version/FLP_FACTSHEETS/French/22_90931_financial_lit_series_module10_FR.indd	1720320	2022-11-30T20:52:57Z	dataless,compressed	no	creative_archive_or_active_embed
Portfolio assets/z_archive/MMS_RBC/_assets/2022 version/FLP_FACTSHEETS/French/22_90931_financial_lit_series_module11_FR.indd	3084288	2022-11-30T20:33:03Z	dataless,compressed	no	creative_archive_or_active_embed
Portfolio assets/z_archive/MMS_RBC/_assets/2022 version/FLP_FACTSHEETS/French/22_90931_financial_lit_series_module12_FR.indd	1892352	2022-11-30T20:31:46Z	dataless,compressed	no	creative_archive_or_active_embed
Portfolio assets/z_archive/MMS_RBC/_assets/2022 version/FLP_FACTSHEETS/French/22_90931_financial_lit_series_module1_FR.indd	1781760	2019-08-02T19:37:51Z	dataless,compressed	no	creative_archive_or_active_embed
Portfolio assets/z_archive/MMS_RBC/_assets/2022 version/FLP_FACTSHEETS/French/22_90931_financial_lit_series_module2_FR.indd	2277376	2019-09-03T16:32:49Z	dataless,compressed	no	creative_archive_or_active_embed
Portfolio assets/z_archive/MMS_RBC/_assets/2022 version/FLP_FACTSHEETS/French/22_90931_financial_lit_series_module3_FR.indd	1642496	2019-09-19T18:38:55Z	dataless,compressed	no	creative_archive_or_active_embed
Portfolio assets/z_archive/MMS_RBC/_assets/2022 version/FLP_FACTSHEETS/French/22_90931_financial_lit_series_module4_FR.indd	2527232	2019-08-01T13:48:07Z	dataless,compressed	no	creative_archive_or_active_embed
Portfolio assets/z_archive/MMS_RBC/_assets/2022 version/FLP_FACTSHEETS/French/22_90931_financial_lit_series_module6_FR.indd	3399680	2020-02-11T16:36:40Z	dataless,compressed	no	creative_archive_or_active_embed
Portfolio assets/z_archive/MMS_RBC/_assets/2022 version/FLP_FACTSHEETS/French/22_90931_financial_lit_series_module8_FR.indd	2818048	2022-09-02T21:22:06Z	dataless,compressed	no	creative_archive_or_active_embed
Portfolio assets/z_archive/MMS_RBC/_assets/2022 version/FLP_FACTSHEETS/French/~factsheet_flp_modu~0_zhrz.idlk	0	2022-08-11T20:39:39Z	dataless,compressed	no	creative_archive_or_active_embed
Portfolio assets/z_archive/MMS_RBC/_assets/2022 version/FLP_FACTSHEETS/_AODA/Module 10/22_90931_financial_lit_series_module10_EN.pdf	818998	2022-11-30T16:08:43Z	dataless,compressed	no	creative_archive_or_active_embed
Portfolio assets/z_archive/MMS_RBC/_assets/2022 version/FLP_FACTSHEETS/_AODA/Module 10/22_90931_financial_lit_series_module10_FR.pdf	1325902	2022-11-30T20:51:30Z	dataless,compressed	no	creative_archive_or_active_embed
Portfolio assets/z_archive/MMS_RBC/_assets/2022 version/FLP_FACTSHEETS/_AODA/Module 11/22_90931_financial_lit_series_module11_EN.pdf	1542113	2022-12-02T17:23:39Z	dataless,compressed	no	creative_archive_or_active_embed
Portfolio assets/z_archive/MMS_RBC/_assets/2022 version/FLP_FACTSHEETS/_AODA/Module 11/22_90931_financial_lit_series_module11_FR.pdf	1540364	2022-11-30T20:27:41Z	dataless,compressed	no	creative_archive_or_active_embed
Portfolio assets/z_archive/MMS_RBC/_assets/2022 version/FLP_FACTSHEETS/_AODA/Module 12/22_90931_financial_lit_series_module12_EN.pdf	845629	2022-11-30T16:09:08Z	dataless,compressed	no	creative_archive_or_active_embed
Portfolio assets/z_archive/MMS_RBC/_assets/2022 version/FLP_FACTSHEETS/_AODA/Module 12/22_90931_financial_lit_series_module12_FR.pdf	1652202	2022-11-30T20:31:59Z	dataless,compressed	no	creative_archive_or_active_embed
Portfolio assets/z_archive/MMS_RBC/_assets/2022 version/FLP_FACTSHEETS/_links/Asian Youths.jpg	7879793	2016-05-04T10:36:38Z	dataless,compressed	no	creative_archive_or_active_embed
Portfolio assets/z_archive/MMS_RBC/_assets/2022 version/FLP_FACTSHEETS/_links/Fin Lit Logo FR.png	523548	2020-02-10T20:28:36Z	dataless,compressed	no	creative_archive_or_active_embed
Portfolio assets/z_archive/MMS_RBC/_assets/2022 version/FLP_FACTSHEETS/_links/Fin Lit Logo new.png	533157	2022-12-13T02:37:24Z	dataless,compressed	no	creative_archive_or_active_embed
Portfolio assets/z_archive/MMS_RBC/_assets/2022 version/FLP_FACTSHEETS/_links/Fin Lit Logo.png	523025	2018-04-06T16:30:53Z	dataless,compressed	no	creative_archive_or_active_embed
Portfolio assets/z_archive/MMS_RBC/_assets/2022 version/FLP_FACTSHEETS/_links/French FL logo.png	261614	2019-06-10T15:13:15Z	dataless,compressed	no	creative_archive_or_active_embed
Portfolio assets/z_archive/MMS_RBC/_assets/2022 version/FLP_FACTSHEETS/_links/Industry-Individ-Group-Insurance-2-scaled.jpg	398914	2022-10-26T20:14:43Z	dataless,compressed	no	creative_archive_or_active_embed
Portfolio assets/z_archive/MMS_RBC/_assets/2022 version/FLP_FACTSHEETS/_links/JPG-Blog-Featured-Image-1024-x-396-saving-for-a-house.jpg	36869	2022-10-26T20:05:09Z	dataless,compressed	no	creative_archive_or_active_embed
Portfolio assets/z_archive/MMS_RBC/_assets/2022 version/FLP_FACTSHEETS/_links/Money_matters-2048x1366.jpg	171989	2022-10-26T15:21:23Z	dataless,compressed	no	creative_archive_or_active_embed
Portfolio assets/z_archive/MMS_RBC/_assets/2022 version/FLP_FACTSHEETS/_links/The economic cycle.png	472293	2022-11-30T15:54:19Z	dataless,compressed	no	creative_archive_or_active_embed
Portfolio assets/z_archive/MMS_RBC/_assets/2022 version/FLP_FACTSHEETS/_links/The economic cycle_FR.png	479933	2022-11-30T15:56:59Z	dataless,compressed	no	creative_archive_or_active_embed
Portfolio assets/z_archive/MMS_RBC/_assets/2022 version/FLP_FACTSHEETS/_links/WM_R_cmykRE.eps	985930	2019-08-16T14:05:45Z	dataless,compressed	no	creative_archive_or_active_embed
Portfolio assets/z_archive/MMS_RBC/_assets/2022 version/FLP_FACTSHEETS/_links/WM_R_cmykRF.eps	984026	2019-08-16T14:14:01Z	dataless,compressed	no	creative_archive_or_active_embed
Portfolio assets/z_archive/MMS_RBC/_assets/2022 version/FLP_FACTSHEETS/_links/Woman working on desk.jpg	2092082	2016-01-13T08:07:20Z	dataless,compressed	no	creative_archive_or_active_embed
Portfolio assets/z_archive/MMS_RBC/_assets/2022 version/FLP_FACTSHEETS/_links/arrows.psd	582524	2020-01-08T16:05:36Z	dataless,compressed	no	creative_archive_or_active_embed
Portfolio assets/z_archive/MMS_RBC/_assets/2022 version/FLP_FACTSHEETS/_links/budgeting-uncertain-future.jpeg	74471	2022-10-26T19:53:28Z	dataless,compressed	no	creative_archive_or_active_embed
Portfolio assets/z_archive/MMS_RBC/_assets/2022 version/FLP_FACTSHEETS/_links/couple.psd	5328743	2020-01-07T14:27:36Z	dataless,compressed	no	creative_archive_or_active_embed
Portfolio assets/z_archive/MMS_RBC/_assets/2022 version/FLP_FACTSHEETS/_links/couple.tif	3888744	2020-01-07T14:32:01Z	dataless,compressed	no	creative_archive_or_active_embed
Portfolio assets/z_archive/MMS_RBC/_assets/2022 version/FLP_FACTSHEETS/_links/group-businesspeople-walking-up-the-stairs_1024x599.jpg	64850	2022-10-26T15:00:02Z	dataless,compressed	no	creative_archive_or_active_embed
Portfolio assets/z_archive/MMS_RBC/_assets/2022 version/FLP_FACTSHEETS/_links/hand.psd	4407810	2020-01-07T14:31:03Z	dataless,compressed	no	creative_archive_or_active_embed
Portfolio assets/z_archive/MMS_RBC/_assets/2022 version/FLP_FACTSHEETS/_links/hand.tif	5310376	2020-01-07T14:31:40Z	dataless,compressed	no	creative_archive_or_active_embed
Portfolio assets/z_archive/MMS_RBC/_assets/2022 version/FLP_FACTSHEETS/_links/house_icon-1.psd	813632	2020-01-07T14:36:31Z	dataless,compressed	no	creative_archive_or_active_embed
Portfolio assets/z_archive/MMS_RBC/_assets/2022 version/FLP_FACTSHEETS/_links/icon_arrow_up.psd	619009	2020-01-07T14:50:01Z	dataless,compressed	no	creative_archive_or_active_embed
Portfolio assets/z_archive/MMS_RBC/_assets/2022 version/FLP_FACTSHEETS/_links/icon_calendar.psd	622221	2020-01-08T16:53:05Z	dataless,compressed	no	creative_archive_or_active_embed
Portfolio assets/z_archive/MMS_RBC/_assets/2022 version/FLP_FACTSHEETS/_links/icon_dollar_sign.psd	624338	2020-01-07T14:48:34Z	dataless,compressed	no	creative_archive_or_active_embed
Portfolio assets/z_archive/MMS_RBC/_assets/2022 version/FLP_FACTSHEETS/_links/icon_dollars.psd	631528	2020-01-08T16:54:30Z	dataless,compressed	no	creative_archive_or_active_embed
Portfolio assets/z_archive/MMS_RBC/_assets/2022 version/FLP_FACTSHEETS/_links/icon_hat.psd	620147	2020-01-08T16:58:35Z	dataless,compressed	no	creative_archive_or_active_embed
Portfolio assets/z_archive/MMS_RBC/_assets/2022 version/FLP_FACTSHEETS/_links/icon_tax.psd	631350	2020-01-08T16:59:49Z	dataless,compressed	no	creative_archive_or_active_embed
Portfolio assets/z_archive/MMS_RBC/_assets/2022 version/FLP_FACTSHEETS/_links/icon_tax_FR.psd	653473	2020-01-27T15:38:04Z	dataless,compressed	no	creative_archive_or_active_embed
Portfolio assets/z_archive/MMS_RBC/_assets/2022 version/FLP_FACTSHEETS/_links/icon_umbrella.psd	620095	2020-01-07T15:39:10Z	dataless,compressed	no	creative_archive_or_active_embed
Portfolio assets/z_archive/MMS_RBC/_assets/2022 version/FLP_FACTSHEETS/_links/icon_wheelchair.psd	621000	2020-01-08T17:01:11Z	dataless,compressed	no	creative_archive_or_active_embed
Portfolio assets/z_archive/MMS_RBC/_assets/2022 version/FLP_FACTSHEETS/_links/people_family_20.JPEG	5866310	2022-08-11T20:28:01Z	dataless,compressed	no	creative_archive_or_active_embed
Portfolio assets/z_archive/MMS_RBC/_assets/2022 version/FLP_FACTSHEETS/_links/pexel-couple-reviews-retirement-plan.jpeg	1028045	2022-11-28T21:08:18Z	dataless,compressed	no	creative_archive_or_active_embed
Portfolio assets/z_archive/MMS_RBC/_assets/2022 version/FLP_FACTSHEETS/_links/pexels-artem-podrez-5716052.jpg	3880782	2022-10-26T17:32:08Z	dataless,compressed	no	creative_archive_or_active_embed
Portfolio assets/z_archive/MMS_RBC/_assets/2022 version/FLP_FACTSHEETS/_links/pexels-asian-family-phone.jpg	231248	2022-11-28T20:57:21Z	dataless,compressed	no	creative_archive_or_active_embed
Portfolio assets/z_archive/MMS_RBC/_assets/2022 version/FLP_FACTSHEETS/_links/pexels-bilakis-10865199.jpg	818718	2022-08-11T20:34:57Z	dataless,compressed	no	creative_archive_or_active_embed
Portfolio assets/z_archive/MMS_RBC/_assets/2022 version/FLP_FACTSHEETS/_links/pexels-david-mcbee-730547.jpg	2358913	2022-10-24T16:05:24Z	dataless,compressed	no	creative_archive_or_active_embed
Portfolio assets/z_archive/MMS_RBC/_assets/2022 version/FLP_FACTSHEETS/_links/pexels-liza-summer-6347720.jpg	1941387	2022-10-24T16:07:12Z	dataless,compressed	no	creative_archive_or_active_embed
Portfolio assets/z_archive/MMS_RBC/_assets/2022 version/FLP_FACTSHEETS/_links/pexels-photo-climbing.jpeg	292332	2022-10-26T17:21:17Z	dataless,compressed	no	creative_archive_or_active_embed
Portfolio assets/z_archive/MMS_RBC/_assets/2022 version/FLP_FACTSHEETS/_links/pexels-pixabay-534216.jpg	3139920	2022-10-26T14:20:43Z	dataless,compressed	no	creative_archive_or_active_embed
Portfolio assets/z_archive/MMS_RBC/_assets/2022 version/FLP_FACTSHEETS/_links/vol-en (002).jpg	626232	2022-10-24T15:38:24Z	dataless,compressed	no	creative_archive_or_active_embed
Portfolio assets/z_archive/MMS_RBC/_assets/2022 version/FLP_FACTSHEETS/_links/vol-fr (002).jpg	726071	2022-10-24T15:38:26Z	dataless,compressed	no	creative_archive_or_active_embed
Portfolio assets/z_archive/MMS_RBC/_assets/2022 version/FLP_LOGO/.DS_Store	8196	2024-04-12T01:00:08Z	hidden	no	creative_archive_or_active_embed
Portfolio assets/z_archive/MMS_RBC/_assets/2022 version/FLP_LOGO/Adobe After Effects Auto-Save/FLP_logo animation auto-save 11.aep	445336	2023-03-26T22:20:29Z	dataless,compressed	no	creative_archive_or_active_embed
Portfolio assets/z_archive/MMS_RBC/_assets/2022 version/FLP_LOGO/Adobe After Effects Auto-Save/FLP_logo animation auto-save 12.aep	571106	2023-03-26T22:24:06Z	dataless,compressed	no	creative_archive_or_active_embed
Portfolio assets/z_archive/MMS_RBC/_assets/2022 version/FLP_LOGO/Adobe After Effects Auto-Save/FLP_logo animation auto-save 13.aep	582960	2023-03-26T22:44:50Z	dataless,compressed	no	creative_archive_or_active_embed
Portfolio assets/z_archive/MMS_RBC/_assets/2022 version/FLP_LOGO/Adobe After Effects Auto-Save/FLP_logo animation auto-save 14.aep	574382	2023-03-26T22:49:27Z	dataless,compressed	no	creative_archive_or_active_embed
Portfolio assets/z_archive/MMS_RBC/_assets/2022 version/FLP_LOGO/Adobe After Effects Auto-Save/FLP_logo animation auto-save 15.aep	574322	2023-03-26T22:51:52Z	dataless,compressed	no	creative_archive_or_active_embed
Portfolio assets/z_archive/MMS_RBC/_assets/2022 version/FLP_LOGO/FLP logo animation_black (with closing).gif	1808297	2023-04-06T20:48:25Z	dataless,compressed	no	creative_archive_or_active_embed
Portfolio assets/z_archive/MMS_RBC/_assets/2022 version/FLP_LOGO/FLP logo animation_black (with closing).mov	22786463	2023-03-26T22:51:53Z	dataless,compressed	no	creative_archive_or_active_embed
Portfolio assets/z_archive/MMS_RBC/_assets/2022 version/FLP_LOGO/FLP logo animation_white (with closing).gif	1938083	2023-04-06T20:51:05Z	dataless,compressed	no	creative_archive_or_active_embed
Portfolio assets/z_archive/MMS_RBC/_assets/2022 version/FLP_LOGO/FLP logo animation_white (with closing).mov	22784810	2023-03-26T22:51:55Z	dataless,compressed	no	creative_archive_or_active_embed
Portfolio assets/z_archive/MMS_RBC/_assets/2022 version/FLP_LOGO/FLP logo_CMYK.ai	1282633	2022-12-18T16:59:08Z	dataless,compressed	no	creative_archive_or_active_embed
Portfolio assets/z_archive/MMS_RBC/_assets/2022 version/FLP_LOGO/FLP logo_RGB.ai	2319514	2022-12-18T16:58:01Z	dataless,compressed	no	creative_archive_or_active_embed
Portfolio assets/z_archive/MMS_RBC/_assets/2022 version/FLP_LOGO/FLP_logo animation.aep	573199	2023-03-26T22:51:59Z	dataless,compressed	no	creative_archive_or_active_embed
Portfolio assets/z_archive/MMS_RBC/_assets/2022 version/FLP_LOGO/FLP_logo animation.aep Logs/AE 2022-12-14 01-51-43 EST.txt	715	2022-12-14T06:51:46Z	dataless,compressed	no	creative_archive_or_active_embed
Portfolio assets/z_archive/MMS_RBC/_assets/2022 version/FLP_LOGO/FLP_logo animation.aep Logs/AE 2023-03-26 18-17-18 EDT.txt	585	2023-03-26T22:17:23Z	dataless,compressed	no	creative_archive_or_active_embed
Portfolio assets/z_archive/MMS_RBC/_assets/2022 version/FLP_LOGO/FLP_logo animation.aep Logs/AE 2023-03-26 18-20-29 EDT.txt	587	2023-03-26T22:20:35Z	dataless,compressed	no	creative_archive_or_active_embed
Portfolio assets/z_archive/MMS_RBC/_assets/2022 version/FLP_LOGO/FLP_logo animation.aep Logs/AE 2023-03-26 18-24-06 EDT.txt	699	2023-03-26T22:24:11Z	dataless,compressed	no	creative_archive_or_active_embed
Portfolio assets/z_archive/MMS_RBC/_assets/2022 version/FLP_LOGO/FLP_logo animation.aep Logs/AE 2023-03-26 18-44-50 EDT.txt	729	2023-03-26T22:44:55Z	dataless,compressed	no	creative_archive_or_active_embed
Portfolio assets/z_archive/MMS_RBC/_assets/2022 version/FLP_LOGO/FLP_logo animation.aep Logs/AE 2023-03-26 18-49-27 EDT.txt	729	2023-03-26T22:49:32Z	dataless,compressed	no	creative_archive_or_active_embed
Portfolio assets/z_archive/MMS_RBC/_assets/2022 version/FLP_LOGO/FLP_logo animation.aep Logs/AE 2023-03-26 18-51-52 EDT.txt	699	2023-03-26T22:51:55Z	dataless,compressed	no	creative_archive_or_active_embed
Portfolio assets/z_archive/MMS_RBC/_assets/2022 version/FLP_LOGO/FLP_logo animation.gif	1002541	2022-12-14T06:52:48Z	dataless,compressed	no	creative_archive_or_active_embed
Portfolio assets/z_archive/MMS_RBC/_assets/2022 version/FLP_LOGO/FLP_logo animation.mov	22089685	2022-12-14T06:51:46Z	dataless,compressed	no	creative_archive_or_active_embed
Portfolio assets/z_archive/MMS_RBC/_assets/2022 version/FLP_LOGO/FLP_logo animation_white.gif	1067333	2022-12-14T06:58:17Z	dataless,compressed	no	creative_archive_or_active_embed
Portfolio assets/z_archive/MMS_RBC/_assets/2022 version/FLP_LOGO/FLP_logo animation_white.mov	22086720	2022-12-14T06:57:42Z	dataless,compressed	no	creative_archive_or_active_embed
Portfolio assets/z_archive/MMS_RBC/_assets/2022 version/FLP_LOGO/RBC white.png	28036	2022-12-13T03:33:25Z	dataless,compressed	no	creative_archive_or_active_embed
Portfolio assets/z_archive/MMS_RBC/_assets/2022 version/FLP_LOGO/_final/.DS_Store	6148	2024-04-12T01:00:08Z	hidden	no	creative_archive_or_active_embed
Portfolio assets/z_archive/MMS_RBC/_assets/2022 version/FLP_LOGO/_final/English/.DS_Store	6148	2024-04-11T18:58:32Z	hidden	no	creative_archive_or_active_embed
Portfolio assets/z_archive/MMS_RBC/_assets/2022 version/FLP_LOGO/_final/English/Digital/.DS_Store	6148	2024-04-11T18:58:32Z	hidden	no	creative_archive_or_active_embed
Portfolio assets/z_archive/MMS_RBC/_assets/2022 version/FLP_LOGO/_final/English/Digital/png/FLP_RBC_rgbPE.png	78835	2022-08-30T18:42:06Z	dataless,compressed	no	creative_archive_or_active_embed
Portfolio assets/z_archive/MMS_RBC/_assets/2022 version/FLP_LOGO/_final/English/Digital/png/FLP_RBC_rgbRE.png	50056	2022-08-30T18:40:59Z	dataless,compressed	no	creative_archive_or_active_embed
Portfolio assets/z_archive/MMS_RBC/_assets/2022 version/FLP_LOGO/_final/English/Digital/png/FLP_rgbPE.png	20961	2022-08-30T18:40:59Z	dataless,compressed	no	creative_archive_or_active_embed
Portfolio assets/z_archive/MMS_RBC/_assets/2022 version/FLP_LOGO/_final/English/Digital/png/FLP_rgbRE.png	19562	2022-08-30T18:40:59Z	dataless,compressed	no	creative_archive_or_active_embed
Portfolio assets/z_archive/MMS_RBC/_assets/2022 version/FLP_LOGO/_final/English/Digital/svg/FLP_RBC_rgbPE.svg	18967	2022-08-30T18:42:30Z	dataless,compressed	no	creative_archive_or_active_embed
Portfolio assets/z_archive/MMS_RBC/_assets/2022 version/FLP_LOGO/_final/English/Digital/svg/FLP_RBC_rgbRE.svg	17763	2022-08-30T18:41:00Z	dataless,compressed	no	creative_archive_or_active_embed
Portfolio assets/z_archive/MMS_RBC/_assets/2022 version/FLP_LOGO/_final/English/Digital/svg/FLP_rgbPE.svg	8107	2022-08-30T18:41:00Z	dataless,compressed	no	creative_archive_or_active_embed
Portfolio assets/z_archive/MMS_RBC/_assets/2022 version/FLP_LOGO/_final/English/Digital/svg/FLP_rgbRE.svg	8173	2022-08-30T18:40:59Z	dataless,compressed	no	creative_archive_or_active_embed
Portfolio assets/z_archive/MMS_RBC/_assets/2022 version/FLP_LOGO/_final/English/Print/.DS_Store	6148	2023-03-26T20:32:25Z	hidden	no	creative_archive_or_active_embed
Portfolio assets/z_archive/MMS_RBC/_assets/2022 version/FLP_LOGO/_final/English/Print/png/FLP_RBC_cmykPE.png	82032	2022-08-30T18:34:38Z	dataless,compressed	no	creative_archive_or_active_embed
Portfolio assets/z_archive/MMS_RBC/_assets/2022 version/FLP_LOGO/_final/English/Print/png/FLP_RBC_cmykRE.png	78114	2022-08-30T18:34:56Z	dataless,compressed	no	creative_archive_or_active_embed
Portfolio assets/z_archive/MMS_RBC/_assets/2022 version/FLP_LOGO/_final/English/Print/png/FLP_cmykPE.png	21761	2022-08-30T18:30:45Z	dataless,compressed	no	creative_archive_or_active_embed
Portfolio assets/z_archive/MMS_RBC/_assets/2022 version/FLP_LOGO/_final/English/Print/png/FLP_cmykRE.png	20359	2022-08-30T18:30:45Z	dataless,compressed	no	creative_archive_or_active_embed
Portfolio assets/z_archive/MMS_RBC/_assets/2022 version/FLP_LOGO/_final/English/Print/svg/FLP_RBC_cmykPE.svg	18976	2022-08-30T18:33:06Z	dataless,compressed	no	creative_archive_or_active_embed
Portfolio assets/z_archive/MMS_RBC/_assets/2022 version/FLP_LOGO/_final/English/Print/svg/FLP_RBC_cmykRE.svg	19300	2022-08-30T18:36:05Z	dataless,compressed	no	creative_archive_or_active_embed
Portfolio assets/z_archive/MMS_RBC/_assets/2022 version/FLP_LOGO/_final/English/Print/svg/FLP_cmykPE.svg	8107	2022-08-30T18:30:45Z	dataless,compressed	no	creative_archive_or_active_embed
Portfolio assets/z_archive/MMS_RBC/_assets/2022 version/FLP_LOGO/_final/English/Print/svg/FLP_cmykRE.svg	8179	2022-08-30T18:30:45Z	dataless,compressed	no	creative_archive_or_active_embed
Portfolio assets/z_archive/MMS_RBC/_assets/2022 version/FLP_LOGO/_final/French/.DS_Store	6148	2024-04-12T01:00:08Z	hidden	no	creative_archive_or_active_embed
Portfolio assets/z_archive/MMS_RBC/_assets/2022 version/FLP_LOGO/_final/French/Digital/png/FLP_RBC_rgbRF.png	56725	2022-08-30T18:40:59Z	dataless,compressed	no	creative_archive_or_active_embed
Portfolio assets/z_archive/MMS_RBC/_assets/2022 version/FLP_LOGO/_final/French/Digital/png/FLP_RBCrgbPF.png	60138	2022-08-30T18:40:59Z	dataless,compressed	no	creative_archive_or_active_embed
Portfolio assets/z_archive/MMS_RBC/_assets/2022 version/FLP_LOGO/_final/French/Digital/png/FLP_rgbPF.png	28692	2022-08-30T18:40:59Z	dataless,compressed	no	creative_archive_or_active_embed
Portfolio assets/z_archive/MMS_RBC/_assets/2022 version/FLP_LOGO/_final/French/Digital/png/FLP_rgbRF.png	26605	2022-08-30T18:40:59Z	dataless,compressed	no	creative_archive_or_active_embed
Portfolio assets/z_archive/MMS_RBC/_assets/2022 version/FLP_LOGO/_final/French/Digital/svg/FLP_RBC_rgbRF.svg	12260	2022-08-30T18:41:00Z	dataless,compressed	no	creative_archive_or_active_embed
Portfolio assets/z_archive/MMS_RBC/_assets/2022 version/FLP_LOGO/_final/French/Digital/svg/FLP_RBCrgbPF.svg	12056	2022-08-30T18:41:00Z	dataless,compressed	no	creative_archive_or_active_embed
Portfolio assets/z_archive/MMS_RBC/_assets/2022 version/FLP_LOGO/_final/French/Digital/svg/FLP_rgbPF.svg	2648	2022-08-30T18:41:00Z	dataless,compressed	no	creative_archive_or_active_embed
Portfolio assets/z_archive/MMS_RBC/_assets/2022 version/FLP_LOGO/_final/French/Digital/svg/FLP_rgbRF.svg	2652	2022-08-30T18:41:00Z	dataless,compressed	no	creative_archive_or_active_embed
Portfolio assets/z_archive/MMS_RBC/_assets/2022 version/FLP_LOGO/_final/French/Print/png/FLP_RBC_cmykPF.png	63634	2022-08-30T18:30:45Z	dataless,compressed	no	creative_archive_or_active_embed
Portfolio assets/z_archive/MMS_RBC/_assets/2022 version/FLP_LOGO/_final/French/Print/png/FLP_RBC_cmykRF.png	59343	2022-08-30T18:30:45Z	dataless,compressed	no	creative_archive_or_active_embed
Portfolio assets/z_archive/MMS_RBC/_assets/2022 version/FLP_LOGO/_final/French/Print/png/FLP_cmykPF.png	29048	2022-08-30T18:30:45Z	dataless,compressed	no	creative_archive_or_active_embed
Portfolio assets/z_archive/MMS_RBC/_assets/2022 version/FLP_LOGO/_final/French/Print/png/FLP_cmykRF.png	27315	2022-08-30T18:30:45Z	dataless,compressed	no	creative_archive_or_active_embed
Portfolio assets/z_archive/MMS_RBC/_assets/2022 version/FLP_LOGO/_final/French/Print/svg/FLP_RBC_cmykPF.svg	11925	2022-08-30T18:30:45Z	dataless,compressed	no	creative_archive_or_active_embed
Portfolio assets/z_archive/MMS_RBC/_assets/2022 version/FLP_LOGO/_final/French/Print/svg/FLP_RBC_cmykRF.svg	12125	2022-08-30T18:30:45Z	dataless,compressed	no	creative_archive_or_active_embed
Portfolio assets/z_archive/MMS_RBC/_assets/2022 version/FLP_LOGO/_final/French/Print/svg/FLP_cmykPF.svg	2648	2022-08-30T18:30:45Z	dataless,compressed	no	creative_archive_or_active_embed
Portfolio assets/z_archive/MMS_RBC/_assets/2022 version/FLP_LOGO/_final/French/Print/svg/FLP_cmykRF.svg	2652	2022-08-30T18:30:45Z	dataless,compressed	no	creative_archive_or_active_embed
Portfolio assets/z_archive/MMS_RBC/_assets/2022 version/FLP_LOGO/_final/_FLP logo_CMYK.svg	2858	2022-08-30T18:37:36Z	dataless,compressed	no	creative_archive_or_active_embed
Portfolio assets/z_archive/MMS_RBC/_assets/2022 version/FLP_LOGO/_final/_FLP logo_RGB.svg	2800	2022-08-30T18:38:07Z	dataless,compressed	no	creative_archive_or_active_embed
Portfolio assets/z_archive/MMS_RBC/_assets/2022 version/FLP_LOGO/_old/logo design_OC.ai	2679639	2022-12-18T16:59:29Z	dataless,compressed	no	creative_archive_or_active_embed
Portfolio assets/z_archive/MMS_RBC/_assets/2022 version/FLP_LOGO/my final/.DS_Store	6148	2022-12-16T06:53:59Z	hidden	no	creative_archive_or_active_embed
Portfolio assets/z_archive/MMS_RBC/_assets/2022 version/FLP_LOGO/my final/003168.png	1936	2022-12-14T04:12:21Z	dataless,compressed	no	creative_archive_or_active_embed
Portfolio assets/z_archive/MMS_RBC/_assets/2022 version/FLP_LOGO/my final/588886.png	1918	2022-12-14T04:12:21Z	dataless,compressed	no	creative_archive_or_active_embed
Portfolio assets/z_archive/MMS_RBC/_assets/2022 version/FLP_LOGO/my final/97C6D5.png	1919	2022-12-14T04:12:21Z	dataless,compressed	no	creative_archive_or_active_embed
Portfolio assets/z_archive/MMS_RBC/_assets/2022 version/FLP_LOGO/my final/FCA311.png	1899	2022-12-14T04:12:21Z	dataless,compressed	no	creative_archive_or_active_embed
Portfolio assets/z_archive/MMS_RBC/_assets/2022 version/FLP_LOGO/my final/FLP logo_RGB_blue.png	23836	2022-12-13T21:00:28Z	dataless,compressed	no	creative_archive_or_active_embed
Portfolio assets/z_archive/MMS_RBC/_assets/2022 version/FLP_LOGO/my final/FLP logo_RGB_white.png	22430	2022-12-13T02:56:08Z	dataless,compressed	no	creative_archive_or_active_embed
Portfolio assets/z_archive/MMS_RBC/_assets/2022 version/FLP_LOGO/my final/FLP section vertical.png	50147	2022-12-13T21:08:49Z	dataless,compressed	no	creative_archive_or_active_embed
Portfolio assets/z_archive/MMS_RBC/_assets/2022 version/FLP_LOGO/my final/FLP sections.png	44975	2022-12-13T21:02:53Z	dataless,compressed	no	creative_archive_or_active_embed
Portfolio assets/z_archive/MMS_RBC/_assets/2022 version/FLP_LOGO/my final/FLP selection vertical.png	600104	2022-12-16T05:49:20Z	dataless,compressed	no	creative_archive_or_active_embed
Portfolio assets/z_archive/MMS_RBC/_assets/2022 version/FLP_LOGO/my final/FLP_word.png	16342	2022-12-14T05:40:30Z	dataless,compressed	no	creative_archive_or_active_embed
Portfolio assets/z_archive/MMS_RBC/_assets/2022 version/FLP_LOGO/my final/FLP_word_white.png	15117	2022-12-14T06:40:45Z	dataless,compressed	no	creative_archive_or_active_embed
Portfolio assets/z_archive/MMS_RBC/_assets/2022 version/FLP_LOGO/my final/rebranding_slide.png	629964	2022-12-16T06:53:38Z	dataless,compressed	no	creative_archive_or_active_embed
Portfolio assets/z_archive/MMS_RBC/_assets/2022 version/FLP_LOGO/my final/shield transformation.png	12043	2022-12-13T03:31:16Z	dataless,compressed	no	creative_archive_or_active_embed
Portfolio assets/z_archive/MMS_RBC/_assets/2022 version/FLP_MATERIALS KEY VISUALS/.DS_Store	6148	2024-04-10T20:42:56Z	hidden	no	creative_archive_or_active_embed
Portfolio assets/z_archive/MMS_RBC/_assets/2022 version/FLP_MATERIALS KEY VISUALS/SmAk9kpTURBXy9iOGU1MWM4NTE3MjhiZTlkYTM4ZWUyMTY5MDJmMjY5My5qcGeSlQMCzQFczRXAzQw9kwXNAxTNAbzeAAKhMAWhMQA.webp	43072	2022-12-16T03:30:13Z	dataless,compressed	no	creative_archive_or_active_embed
Portfolio assets/z_archive/MMS_RBC/_assets/2022 version/FLP_MATERIALS KEY VISUALS/deck_redesign.ai	4416033	2022-12-18T16:59:20Z	dataless,compressed	no	creative_archive_or_active_embed
Portfolio assets/z_archive/MMS_RBC/_assets/2022 version/FLP_MATERIALS KEY VISUALS/photo-1565992441121-4367c2967103.webp	183282	2022-12-16T03:47:21Z	dataless,compressed	no	creative_archive_or_active_embed
Portfolio assets/z_archive/MMS_RBC/_assets/2022 version/FLP_MATERIALS KEY VISUALS/photo-1670347487715-37892ee146b4.webp	194688	2022-12-16T03:12:25Z	dataless,compressed	no	creative_archive_or_active_embed
Portfolio assets/z_archive/MMS_RBC/_assets/2022 version/FLP_PPT/.DS_Store	6148	2024-04-10T20:42:56Z	hidden	no	creative_archive_or_active_embed
Portfolio assets/z_archive/MMS_RBC/_assets/2022 version/FLP_PPT/Module 18/Module 18 Charitable Giving Presentation_EN_2022.pptx	5297812	2022-08-24T19:17:27Z	dataless,compressed	no	creative_archive_or_active_embed
Portfolio assets/z_archive/MMS_RBC/_assets/2022 version/FLP_PPT/Module 1_redesign/.DS_Store	6148	2022-12-19T03:25:06Z	hidden	no	creative_archive_or_active_embed
Portfolio assets/z_archive/MMS_RBC/_assets/2022 version/FLP_PPT/Module 1_redesign/Links/3986924.png	11443	2022-04-22T17:34:44Z	dataless,compressed	no	creative_archive_or_active_embed
Portfolio assets/z_archive/MMS_RBC/_assets/2022 version/FLP_PPT/Module 1_redesign/Links/bad-review.png	17730	2022-04-22T13:11:01Z	dataless,compressed	no	creative_archive_or_active_embed
Portfolio assets/z_archive/MMS_RBC/_assets/2022 version/FLP_PPT/Module 1_redesign/Links/calculator.png	3773	2022-04-22T13:10:48Z	dataless,compressed	no	creative_archive_or_active_embed
Portfolio assets/z_archive/MMS_RBC/_assets/2022 version/FLP_PPT/Module 1_redesign/Links/car.png	9214	2022-04-22T13:53:27Z	dataless,compressed	no	creative_archive_or_active_embed
Portfolio assets/z_archive/MMS_RBC/_assets/2022 version/FLP_PPT/Module 1_redesign/Links/cash-payment.png	12687	2022-04-22T01:15:43Z	dataless,compressed	no	creative_archive_or_active_embed
Portfolio assets/z_archive/MMS_RBC/_assets/2022 version/FLP_PPT/Module 1_redesign/Links/caution.png	15874	2022-04-22T02:12:56Z	dataless,compressed	no	creative_archive_or_active_embed
Portfolio assets/z_archive/MMS_RBC/_assets/2022 version/FLP_PPT/Module 1_redesign/Links/charity.png	23182	2022-04-21T21:28:44Z	dataless,compressed	no	creative_archive_or_active_embed
Portfolio assets/z_archive/MMS_RBC/_assets/2022 version/FLP_PPT/Module 1_redesign/Links/creativity.png	13647	2022-04-22T13:01:38Z	dataless,compressed	no	creative_archive_or_active_embed
Portfolio assets/z_archive/MMS_RBC/_assets/2022 version/FLP_PPT/Module 1_redesign/Links/dartboard.png	20815	2022-04-22T02:06:07Z	dataless,compressed	no	creative_archive_or_active_embed
Portfolio assets/z_archive/MMS_RBC/_assets/2022 version/FLP_PPT/Module 1_redesign/Links/door.png	8695	2022-04-21T21:27:42Z	dataless,compressed	no	creative_archive_or_active_embed
Portfolio assets/z_archive/MMS_RBC/_assets/2022 version/FLP_PPT/Module 1_redesign/Links/giphy-1.gif	1176378	2022-04-22T17:37:25Z	dataless,compressed	no	creative_archive_or_active_embed
Portfolio assets/z_archive/MMS_RBC/_assets/2022 version/FLP_PPT/Module 1_redesign/Links/giphy-2.gif	2393040	2022-04-22T18:20:30Z	dataless,compressed	no	creative_archive_or_active_embed
Portfolio assets/z_archive/MMS_RBC/_assets/2022 version/FLP_PPT/Module 1_redesign/Links/giphy.gif	382143	2022-04-22T13:29:06Z	dataless,compressed	no	creative_archive_or_active_embed
Portfolio assets/z_archive/MMS_RBC/_assets/2022 version/FLP_PPT/Module 1_redesign/Links/girls_walking.jpg	15627930	2022-04-20T19:49:27Z	dataless,compressed	no	creative_archive_or_active_embed
Portfolio assets/z_archive/MMS_RBC/_assets/2022 version/FLP_PPT/Module 1_redesign/Links/goal.gif	452444	2022-04-22T13:51:32Z	dataless,compressed	no	creative_archive_or_active_embed
Portfolio assets/z_archive/MMS_RBC/_assets/2022 version/FLP_PPT/Module 1_redesign/Links/graduation-hat.png	14205	2022-04-22T13:56:52Z	dataless,compressed	no	creative_archive_or_active_embed
Portfolio assets/z_archive/MMS_RBC/_assets/2022 version/FLP_PPT/Module 1_redesign/Links/growth.png	14757	2022-04-21T21:28:07Z	dataless,compressed	no	creative_archive_or_active_embed
Portfolio assets/z_archive/MMS_RBC/_assets/2022 version/FLP_PPT/Module 1_redesign/Links/home.png	6567	2022-04-22T13:55:17Z	dataless,compressed	no	creative_archive_or_active_embed
Portfolio assets/z_archive/MMS_RBC/_assets/2022 version/FLP_PPT/Module 1_redesign/Links/money copy 2.png	14394	2022-04-22T17:32:37Z	dataless,compressed	no	creative_archive_or_active_embed
Portfolio assets/z_archive/MMS_RBC/_assets/2022 version/FLP_PPT/Module 1_redesign/Links/money copy.png	14394	2022-04-22T02:14:15Z	dataless,compressed	no	creative_archive_or_active_embed
Portfolio assets/z_archive/MMS_RBC/_assets/2022 version/FLP_PPT/Module 1_redesign/Links/money.png	13821	2022-04-21T21:28:29Z	dataless,compressed	no	creative_archive_or_active_embed
Portfolio assets/z_archive/MMS_RBC/_assets/2022 version/FLP_PPT/Module 1_redesign/Links/overspend.png	12921	2022-04-22T02:13:44Z	dataless,compressed	no	creative_archive_or_active_embed
Portfolio assets/z_archive/MMS_RBC/_assets/2022 version/FLP_PPT/Module 1_redesign/Links/pay.gif	806878	2022-04-22T13:24:31Z	dataless,compressed	no	creative_archive_or_active_embed
Portfolio assets/z_archive/MMS_RBC/_assets/2022 version/FLP_PPT/Module 1_redesign/Links/phone.png	2486	2022-04-22T13:58:40Z	dataless,compressed	no	creative_archive_or_active_embed
Portfolio assets/z_archive/MMS_RBC/_assets/2022 version/FLP_PPT/Module 1_redesign/Links/purpose.png	21395	2022-04-22T17:32:53Z	dataless,compressed	no	creative_archive_or_active_embed
Portfolio assets/z_archive/MMS_RBC/_assets/2022 version/FLP_PPT/Module 1_redesign/Links/restaurant.png	8975	2022-04-22T14:00:28Z	dataless,compressed	no	creative_archive_or_active_embed
Portfolio assets/z_archive/MMS_RBC/_assets/2022 version/FLP_PPT/Module 1_redesign/Links/shopping-cart.png	11122	2022-04-22T13:57:31Z	dataless,compressed	no	creative_archive_or_active_embed
Portfolio assets/z_archive/MMS_RBC/_assets/2022 version/FLP_PPT/Module 1_redesign/Links/show_me_the_money.gif	456998	2022-04-20T22:44:00Z	dataless,compressed	no	creative_archive_or_active_embed
Portfolio assets/z_archive/MMS_RBC/_assets/2022 version/FLP_PPT/Module 1_redesign/Links/shutterstock_1984189160.jpg	20119266	2022-04-22T13:20:32Z	dataless,compressed	no	creative_archive_or_active_embed
Portfolio assets/z_archive/MMS_RBC/_assets/2022 version/FLP_PPT/Module 1_redesign/Links/sunbed.png	16877	2022-04-22T14:00:12Z	dataless,compressed	no	creative_archive_or_active_embed
Portfolio assets/z_archive/MMS_RBC/_assets/2022 version/FLP_PPT/Module 1_redesign/Links/taxes.png	5377	2022-04-22T02:12:22Z	dataless,compressed	no	creative_archive_or_active_embed
Portfolio assets/z_archive/MMS_RBC/_assets/2022 version/FLP_PPT/Module 1_redesign/Links/tickets.png	9478	2022-04-22T13:56:14Z	dataless,compressed	no	creative_archive_or_active_embed
Portfolio assets/z_archive/MMS_RBC/_assets/2022 version/FLP_PPT/Module 1_redesign/Module 1_EN.pptx	13098761	2022-07-04T22:47:07Z	dataless,compressed	no	creative_archive_or_active_embed
Portfolio assets/z_archive/MMS_RBC/_assets/2022 version/FLP_PPT/Module 1_redesign/Thumbs.db	14336	2021-08-16T00:04:21Z	-	no	creative_archive_or_active_embed
Portfolio assets/z_archive/MMS_RBC/_assets/2022 version/FLP_SOCIAL MEDIA/.DS_Store	6148	2024-04-10T20:42:56Z	hidden	no	creative_archive_or_active_embed
Portfolio assets/z_archive/MMS_RBC/_assets/2022 version/FLP_SOCIAL MEDIA/8BDztuTtaLq8HAM2RqEbXa.jpg.webp	52220	2022-12-13T05:25:07Z	dataless,compressed	no	creative_archive_or_active_embed
Portfolio assets/z_archive/MMS_RBC/_assets/2022 version/FLP_SOCIAL MEDIA/BUILDING & MAINTAINING RELATIONSHIPS NUMBER _01.PDF	310338	2022-12-13T10:40:02Z	dataless,compressed	no	creative_archive_or_active_embed
Portfolio assets/z_archive/MMS_RBC/_assets/2022 version/FLP_SOCIAL MEDIA/BUILDING & MAINTAINING RELATIONSHIPS NUMBER_02.PDF	340025	2022-12-13T10:40:02Z	dataless,compressed	no	creative_archive_or_active_embed
Portfolio assets/z_archive/MMS_RBC/_assets/2022 version/FLP_SOCIAL MEDIA/BUILDING & MAINTAINING RELATIONSHIPS NUMBER_03.PDF	324749	2022-12-13T10:40:02Z	dataless,compressed	no	creative_archive_or_active_embed
Portfolio assets/z_archive/MMS_RBC/_assets/2022 version/FLP_SOCIAL MEDIA/BUILDING & MAINTAINING RELATIONSHIPS NUMBER_04.PDF	607459	2022-12-13T10:40:02Z	dataless,compressed	no	creative_archive_or_active_embed
Portfolio assets/z_archive/MMS_RBC/_assets/2022 version/FLP_SOCIAL MEDIA/FLP social media.ai	16936924	2022-12-13T05:39:02Z	dataless,compressed	no	creative_archive_or_active_embed
Portfolio assets/z_archive/MMS_RBC/_assets/2022 version/FLP_SOCIAL MEDIA/GettyImages-1364393604.jpg	997990	2022-12-13T05:18:48Z	dataless,compressed	no	creative_archive_or_active_embed
Portfolio assets/z_archive/MMS_RBC/_assets/2022 version/FLP_SOCIAL MEDIA/Instagram/.DS_Store	6148	2022-12-16T05:24:06Z	hidden	no	creative_archive_or_active_embed
Portfolio assets/z_archive/MMS_RBC/_assets/2022 version/FLP_SOCIAL MEDIA/Instagram/FLP social media-01.jpg	1613166	2022-12-16T05:23:26Z	dataless,compressed	no	creative_archive_or_active_embed
Portfolio assets/z_archive/MMS_RBC/_assets/2022 version/FLP_SOCIAL MEDIA/Instagram/FLP social media-02.jpg	10806592	2022-12-16T05:23:27Z	dataless,compressed	no	creative_archive_or_active_embed
Portfolio assets/z_archive/MMS_RBC/_assets/2022 version/FLP_SOCIAL MEDIA/Instagram/FLP social media-03.jpg	1843705	2022-12-16T05:23:28Z	dataless,compressed	no	creative_archive_or_active_embed
Portfolio assets/z_archive/MMS_RBC/_assets/2022 version/FLP_SOCIAL MEDIA/Instagram/FLP social media-04.jpg	3495657	2022-12-16T05:23:28Z	dataless,compressed	no	creative_archive_or_active_embed
Portfolio assets/z_archive/MMS_RBC/_assets/2022 version/FLP_SOCIAL MEDIA/Instagram/FLP social media-05.jpg	1470951	2022-12-16T05:23:29Z	dataless,compressed	no	creative_archive_or_active_embed
Portfolio assets/z_archive/MMS_RBC/_assets/2022 version/FLP_SOCIAL MEDIA/Instagram/FLP social media-06.jpg	1675123	2022-12-16T05:23:29Z	dataless,compressed	no	creative_archive_or_active_embed
Portfolio assets/z_archive/MMS_RBC/_assets/2022 version/FLP_SOCIAL MEDIA/Instagram/FLP social media-07.jpg	1562877	2022-12-16T05:23:30Z	dataless,compressed	no	creative_archive_or_active_embed
Portfolio assets/z_archive/MMS_RBC/_assets/2022 version/FLP_SOCIAL MEDIA/Instagram/FLP social media-08.jpg	1307789	2022-12-16T05:23:30Z	dataless,compressed	no	creative_archive_or_active_embed
Portfolio assets/z_archive/MMS_RBC/_assets/2022 version/FLP_SOCIAL MEDIA/Instagram/FLP social media-09.jpg	2615080	2022-12-16T05:23:31Z	dataless,compressed	no	creative_archive_or_active_embed
Portfolio assets/z_archive/MMS_RBC/_assets/2022 version/FLP_SOCIAL MEDIA/Instagram/FLP social media-10.jpg	4974443	2022-12-16T05:23:31Z	dataless,compressed	no	creative_archive_or_active_embed
Portfolio assets/z_archive/MMS_RBC/_assets/2022 version/FLP_SOCIAL MEDIA/Instagram/FLP social media-11.jpg	1373111	2022-12-16T05:23:32Z	dataless,compressed	no	creative_archive_or_active_embed
Portfolio assets/z_archive/MMS_RBC/_assets/2022 version/FLP_SOCIAL MEDIA/Instagram/FLP social media-12.jpg	1058713	2022-12-16T05:23:32Z	dataless,compressed	no	creative_archive_or_active_embed
Portfolio assets/z_archive/MMS_RBC/_assets/2022 version/FLP_SOCIAL MEDIA/gettyimages-1251268131.jpg	2389070	2022-12-13T05:27:38Z	dataless,compressed	no	creative_archive_or_active_embed
Portfolio assets/z_archive/MMS_RBC/_assets/2022 version/FLP_SOCIAL MEDIA/istockphoto-1328524339-612x612.jpg	31912	2022-12-13T05:22:00Z	dataless,compressed	no	creative_archive_or_active_embed
Portfolio assets/z_archive/MMS_RBC/_assets/2022 version/FLP_factsheet proposal copy.ai	1905203	2022-12-18T16:59:16Z	dataless,compressed	no	creative_archive_or_active_embed
Portfolio assets/z_archive/MMS_RBC/_assets/2022 version/FLP_factsheet proposal.ai	321691	2022-12-13T06:15:26Z	dataless,compressed	no	creative_archive_or_active_embed
Portfolio assets/z_archive/MMS_RBC/_assets/2022 version/mockups/.DS_Store	6148	2024-04-10T20:42:56Z	hidden	no	creative_archive_or_active_embed
Portfolio assets/z_archive/MMS_RBC/_assets/2022 version/mockups/BenditoMockup-D-Newspaper-01.jpg	2933092	2022-12-17T04:54:56Z	dataless,compressed	no	creative_archive_or_active_embed
Portfolio assets/z_archive/MMS_RBC/_assets/2022 version/mockups/FLP_conference backdrop.jpg	3124784	2022-12-18T04:56:10Z	dataless,compressed	no	creative_archive_or_active_embed
Portfolio assets/z_archive/MMS_RBC/_assets/2022 version/mockups/FLP_factsheet proposal.jpg	1344039	2022-12-17T04:52:36Z	dataless,compressed	no	creative_archive_or_active_embed
Portfolio assets/z_archive/MMS_RBC/_assets/2022 version/mockups/MacBook Pro _06.jpeg	4532110	2022-12-16T06:19:13Z	dataless,compressed	no	creative_archive_or_active_embed
Portfolio assets/z_archive/MMS_RBC/_assets/2022 version/mockups/Untitled-3.ai	1812633	2022-12-18T16:59:32Z	dataless,compressed	no	creative_archive_or_active_embed
Portfolio assets/z_archive/MMS_RBC/_assets/2022 version/mockups/Untitled-3.jpg	1884713	2022-12-18T04:55:31Z	dataless,compressed	no	creative_archive_or_active_embed
Portfolio assets/z_archive/MMS_RBC/_assets/2022 version/mockups/ezgif.com-gif-maker.gif	4414775	2022-12-16T05:47:29Z	dataless,compressed	no	creative_archive_or_active_embed
Portfolio assets/z_archive/MMS_RBC/_assets/2022 version/mockups/for macbook gif/.DS_Store	10244	2022-12-16T06:24:51Z	hidden	no	creative_archive_or_active_embed
Portfolio assets/z_archive/MMS_RBC/_assets/2022 version/mockups/for macbook gif/Deck_01.jpg	9380404	2022-12-16T04:38:38Z	dataless,compressed	no	creative_archive_or_active_embed
Portfolio assets/z_archive/MMS_RBC/_assets/2022 version/mockups/for macbook gif/Deck_01_compressed.jpeg	292445	2022-12-16T04:59:49Z	dataless,compressed	no	creative_archive_or_active_embed
Portfolio assets/z_archive/MMS_RBC/_assets/2022 version/mockups/for macbook gif/Deck_02.jpg	9498450	2022-12-16T04:39:01Z	dataless,compressed	no	creative_archive_or_active_embed
Portfolio assets/z_archive/MMS_RBC/_assets/2022 version/mockups/for macbook gif/Deck_02_compressed.jpeg	304205	2022-12-16T04:59:49Z	dataless,compressed	no	creative_archive_or_active_embed
Portfolio assets/z_archive/MMS_RBC/_assets/2022 version/mockups/for macbook gif/Deck_03.jpg	10189364	2022-12-16T04:41:14Z	dataless,compressed	no	creative_archive_or_active_embed
Portfolio assets/z_archive/MMS_RBC/_assets/2022 version/mockups/for macbook gif/Deck_03_compressed.jpeg	323344	2022-12-16T04:59:48Z	dataless,compressed	no	creative_archive_or_active_embed
Portfolio assets/z_archive/MMS_RBC/_assets/2022 version/mockups/for macbook gif/Deck_04.jpg	9359485	2022-12-16T04:41:38Z	dataless,compressed	no	creative_archive_or_active_embed
Portfolio assets/z_archive/MMS_RBC/_assets/2022 version/mockups/for macbook gif/Deck_04_compressed.jpeg	294946	2022-12-16T04:59:47Z	dataless,compressed	no	creative_archive_or_active_embed
Portfolio assets/z_archive/MMS_RBC/_assets/2022 version/mockups/for macbook gif/Deck_05.jpg	9326243	2022-12-16T04:42:04Z	dataless,compressed	no	creative_archive_or_active_embed
Portfolio assets/z_archive/MMS_RBC/_assets/2022 version/mockups/for macbook gif/Deck_05_compressed.jpeg	289825	2022-12-16T04:59:46Z	dataless,compressed	no	creative_archive_or_active_embed
Portfolio assets/z_archive/MMS_RBC/_assets/2022 version/mockups/for macbook gif/Deck_06.jpg	9366633	2022-12-16T04:42:46Z	dataless,compressed	no	creative_archive_or_active_embed
Portfolio assets/z_archive/MMS_RBC/_assets/2022 version/mockups/for macbook gif/Deck_06_compressed.jpeg	298801	2022-12-16T04:59:45Z	dataless,compressed	no	creative_archive_or_active_embed
Portfolio assets/z_archive/MMS_RBC/_assets/2022 version/mockups/for macbook gif/Deck_07.jpg	9692299	2022-12-16T04:43:06Z	dataless,compressed	no	creative_archive_or_active_embed
Portfolio assets/z_archive/MMS_RBC/_assets/2022 version/mockups/for macbook gif/Deck_07_compressed.jpeg	299130	2022-12-16T04:59:44Z	dataless,compressed	no	creative_archive_or_active_embed
Portfolio assets/z_archive/MMS_RBC/_assets/2022 version/mockups/iPhone 14 Pro daily scene (12).jpg	4451520	2022-12-16T06:24:31Z	dataless,compressed	no	creative_archive_or_active_embed
Portfolio assets/z_archive/MMS_RBC/_assets/2022 version/mockups/iPhone 14 Pro daily scene (8).jpg	4461177	2022-12-17T03:15:37Z	dataless,compressed	no	creative_archive_or_active_embed
Portfolio assets/z_archive/MMS_RBC/_assets/2022 version/mockups/iPhone14Pro_014.jpg	11531730	2022-12-17T18:05:38Z	dataless,compressed	no	creative_archive_or_active_embed
Portfolio assets/z_archive/MMS_RBC/_assets/2022 version/mockups/iPhone14Pro_016.jpg	4202959	2022-12-17T02:22:32Z	dataless,compressed	no	creative_archive_or_active_embed
Portfolio assets/z_archive/MMS_RBC/_assets/OC.WORK_RBC_Logo animation.mp4	1577925	2024-04-10T21:08:13Z	dataless,compressed	no	creative_archive_or_active_embed
Portfolio assets/z_archive/MMS_RBC/_assets/室内海报-2.jpg	2225357	2024-04-10T21:13:01Z	dataless,compressed	no	creative_archive_or_active_embed
Portfolio assets/z_archive/MMS_RBC/_assets/旗帜2.jpg	2551373	2024-04-10T21:13:11Z	dataless,compressed	no	creative_archive_or_active_embed
Portfolio assets/z_archive/MMS_RBC/_finals/6x images for MMS_RBC_Cover.jpg	6108645	2024-04-10T21:27:31Z	dataless,compressed	no	creative_archive_or_active_embed
Portfolio assets/z_archive/MMS_RBC/_finals/6x images for MMS_RBC_Image 1.jpg	9292417	2024-04-10T21:27:36Z	dataless,compressed	no	creative_archive_or_active_embed
Portfolio assets/z_archive/MMS_RBC/_finals/6x images for MMS_RBC_Image 2.gif	2650414	2024-04-10T21:10:48Z	dataless,compressed	no	creative_archive_or_active_embed
Portfolio assets/z_archive/MMS_RBC/_finals/6x images for MMS_RBC_Image 2.jpg	322440	2024-04-10T21:27:37Z	dataless,compressed	no	creative_archive_or_active_embed
Portfolio assets/z_archive/MMS_RBC/_finals/6x images for MMS_RBC_Image 3.jpg	3664727	2024-04-10T21:27:39Z	dataless,compressed	no	creative_archive_or_active_embed
Portfolio assets/z_archive/MMS_RBC/_finals/6x images for MMS_RBC_Image 4.jpg	11227409	2024-04-10T21:27:45Z	dataless,compressed	no	creative_archive_or_active_embed
Portfolio assets/z_archive/MMS_RBC/_finals/6x images for MMS_RBC_Image 5.jpg	5517547	2024-04-10T21:27:47Z	dataless,compressed	no	creative_archive_or_active_embed
Portfolio assets/z_archive/MMS_RBC/_finals/6x images for MMS_RBC_Image 6.gif	3223848	2024-04-10T21:23:06Z	dataless,compressed	no	creative_archive_or_active_embed
Portfolio assets/z_archive/MMS_RBC/_finals/6x images for MMS_RBC_Image 6.jpg	3393431	2024-04-10T21:27:49Z	dataless,compressed	no	creative_archive_or_active_embed
Portfolio assets/z_archive/MMS_WTW/.DS_Store	6148	2025-08-01T18:33:02Z	hidden	no	creative_archive_or_active_embed
Portfolio assets/z_archive/MMS_WTW/_assets/.DS_Store	8196	2024-04-24T19:42:31Z	hidden	no	creative_archive_or_active_embed
Portfolio assets/z_archive/MMS_WTW/_assets/169_mockup.gif	3771183	2023-07-06T00:03:58Z	dataless,compressed	no	creative_archive_or_active_embed
Portfolio assets/z_archive/MMS_WTW/_assets/Adobe After Effects Auto-Save/WTW wordmark animation_final auto-save 3.aep	230311	2024-04-11T21:31:35Z	dataless,compressed	no	creative_archive_or_active_embed
Portfolio assets/z_archive/MMS_WTW/_assets/Adobe After Effects Auto-Save/WTW wordmark animation_final auto-save 4.aep	230335	2024-04-11T21:52:37Z	dataless,compressed	no	creative_archive_or_active_embed
Portfolio assets/z_archive/MMS_WTW/_assets/Adobe After Effects Auto-Save/WTW wordmark animation_final auto-save 5.aep	391055	2024-04-23T15:49:02Z	dataless,compressed	no	creative_archive_or_active_embed
Portfolio assets/z_archive/MMS_WTW/_assets/Adobe After Effects Auto-Save/WTW wordmark animation_final auto-save 6.aep	391057	2024-04-23T15:51:28Z	dataless,compressed	no	creative_archive_or_active_embed
Portfolio assets/z_archive/MMS_WTW/_assets/Adobe After Effects Auto-Save/WTW wordmark animation_final auto-save 7.aep	391045	2024-04-23T16:13:43Z	dataless,compressed	no	creative_archive_or_active_embed
Portfolio assets/z_archive/MMS_WTW/_assets/Lanyard_wtw.png	4741403	2024-04-11T19:45:42Z	dataless,compressed	no	creative_archive_or_active_embed
Portfolio assets/z_archive/MMS_WTW/_assets/Poster gif/.DS_Store	6148	2024-04-12T01:47:33Z	hidden	no	creative_archive_or_active_embed
Portfolio assets/z_archive/MMS_WTW/_assets/Poster gif/Artboard 1.jpg	255741	2024-04-12T01:47:51Z	dataless,compressed	no	creative_archive_or_active_embed
Portfolio assets/z_archive/MMS_WTW/_assets/Poster gif/Artboard 2.jpg	149813	2024-04-12T01:47:51Z	dataless,compressed	no	creative_archive_or_active_embed
Portfolio assets/z_archive/MMS_WTW/_assets/Poster gif/Artboard 3.jpg	212295	2024-04-12T01:47:51Z	dataless,compressed	no	creative_archive_or_active_embed
Portfolio assets/z_archive/MMS_WTW/_assets/Poster gif/Artboard 4.jpg	109971	2024-04-12T01:47:51Z	dataless,compressed	no	creative_archive_or_active_embed
Portfolio assets/z_archive/MMS_WTW/_assets/Poster gif/Artboard 5.jpg	166578	2024-04-12T01:47:51Z	dataless,compressed	no	creative_archive_or_active_embed
Portfolio assets/z_archive/MMS_WTW/_assets/Poster_v4-07.jpg	1926157	2024-04-11T20:47:56Z	dataless,compressed	no	creative_archive_or_active_embed
Portfolio assets/z_archive/MMS_WTW/_assets/Poster_v4-08.jpg	2826781	2024-04-11T20:48:01Z	dataless,compressed	no	creative_archive_or_active_embed
Portfolio assets/z_archive/MMS_WTW/_assets/Poster_v4-09.jpg	2276652	2024-04-11T20:48:04Z	dataless,compressed	no	creative_archive_or_active_embed
Portfolio assets/z_archive/MMS_WTW/_assets/Poster_v4-10.jpg	5586800	2024-04-11T20:48:07Z	dataless,compressed	no	creative_archive_or_active_embed
Portfolio assets/z_archive/MMS_WTW/_assets/Poster_v4-11.jpg	1337494	2024-04-12T01:46:12Z	dataless,compressed	no	creative_archive_or_active_embed
Portfolio assets/z_archive/MMS_WTW/_assets/Poster_v4-12.jpg	5037074	2024-04-12T01:46:16Z	dataless,compressed	no	creative_archive_or_active_embed
Portfolio assets/z_archive/MMS_WTW/_assets/Screenshot 2024-04-11 at 15.35.06.png	854391	2024-04-11T19:35:12Z	dataless,compressed	no	creative_archive_or_active_embed
Portfolio assets/z_archive/MMS_WTW/_assets/T-shirt_wtw_mockup.jpg	2881596	2023-07-06T01:17:53Z	dataless,compressed	no	creative_archive_or_active_embed
Portfolio assets/z_archive/MMS_WTW/_assets/WTW poster for oc.psd	38375751	2024-04-12T14:53:04Z	dataless,compressed	no	creative_archive_or_active_embed
Portfolio assets/z_archive/MMS_WTW/_assets/WTW wordmark animation_final.aep	389937	2024-04-23T18:53:38Z	dataless,compressed	no	creative_archive_or_active_embed
Portfolio assets/z_archive/MMS_WTW/_assets/WTW wordmark frame animation.mp4	12149414	2024-04-11T21:25:49Z	dataless,compressed	no	creative_archive_or_active_embed
Portfolio assets/z_archive/MMS_WTW/_assets/WTW wordmark frame animation/WTW wordmark frame animation_00000.jpg	521362	2024-04-11T21:31:35Z	dataless,compressed	no	creative_archive_or_active_embed
Portfolio assets/z_archive/MMS_WTW/_assets/WTW wordmark frame animation/WTW wordmark frame animation_00001.jpg	520862	2024-04-11T21:31:36Z	dataless,compressed	no	creative_archive_or_active_embed
Portfolio assets/z_archive/MMS_WTW/_assets/WTW wordmark frame animation/WTW wordmark frame animation_00002.jpg	518150	2024-04-11T21:31:36Z	dataless,compressed	no	creative_archive_or_active_embed
Portfolio assets/z_archive/MMS_WTW/_assets/WTW wordmark frame animation/WTW wordmark frame animation_00003.jpg	518150	2024-04-11T21:31:36Z	dataless,compressed	no	creative_archive_or_active_embed
Portfolio assets/z_archive/MMS_WTW/_assets/WTW wordmark frame animation/WTW wordmark frame animation_00004.jpg	518150	2024-04-11T21:31:37Z	dataless,compressed	no	creative_archive_or_active_embed
Portfolio assets/z_archive/MMS_WTW/_assets/WTW wordmark frame animation/WTW wordmark frame animation_00005.jpg	522733	2024-04-11T21:31:37Z	dataless,compressed	no	creative_archive_or_active_embed
Portfolio assets/z_archive/MMS_WTW/_assets/WTW wordmark frame animation/WTW wordmark frame animation_00006.jpg	524189	2024-04-11T21:31:37Z	dataless,compressed	no	creative_archive_or_active_embed
Portfolio assets/z_archive/MMS_WTW/_assets/WTW wordmark frame animation/WTW wordmark frame animation_00007.jpg	519856	2024-04-11T21:31:37Z	dataless,compressed	no	creative_archive_or_active_embed
Portfolio assets/z_archive/MMS_WTW/_assets/WTW wordmark frame animation/WTW wordmark frame animation_00008.jpg	518272	2024-04-11T21:31:37Z	dataless,compressed	no	creative_archive_or_active_embed
Portfolio assets/z_archive/MMS_WTW/_assets/WTW wordmark frame animation/WTW wordmark frame animation_00009.jpg	518261	2024-04-11T21:31:38Z	dataless,compressed	no	creative_archive_or_active_embed
Portfolio assets/z_archive/MMS_WTW/_assets/WTW wordmark frame animation/WTW wordmark frame animation_00010.jpg	518169	2024-04-11T21:31:38Z	dataless,compressed	no	creative_archive_or_active_embed
Portfolio assets/z_archive/MMS_WTW/_assets/WTW wordmark frame animation/WTW wordmark frame animation_00011.jpg	518169	2024-04-11T21:31:38Z	dataless,compressed	no	creative_archive_or_active_embed
Portfolio assets/z_archive/MMS_WTW/_assets/WTW wordmark frame animation/WTW wordmark frame animation_00012.jpg	518141	2024-04-11T21:31:38Z	dataless,compressed	no	creative_archive_or_active_embed
Portfolio assets/z_archive/MMS_WTW/_assets/WTW wordmark frame animation/WTW wordmark frame animation_00013.jpg	518899	2024-04-11T21:31:39Z	dataless,compressed	no	creative_archive_or_active_embed
Portfolio assets/z_archive/MMS_WTW/_assets/WTW wordmark frame animation/WTW wordmark frame animation_00014.jpg	518914	2024-04-11T21:31:39Z	dataless,compressed	no	creative_archive_or_active_embed
Portfolio assets/z_archive/MMS_WTW/_assets/WTW wordmark frame animation/WTW wordmark frame animation_00015.jpg	518895	2024-04-11T21:31:39Z	dataless,compressed	no	creative_archive_or_active_embed
Portfolio assets/z_archive/MMS_WTW/_assets/WTW wordmark frame animation/WTW wordmark frame animation_00016.jpg	518903	2024-04-11T21:31:39Z	dataless,compressed	no	creative_archive_or_active_embed
Portfolio assets/z_archive/MMS_WTW/_assets/WTW wordmark frame animation/WTW wordmark frame animation_00017.jpg	518903	2024-04-11T21:31:39Z	dataless,compressed	no	creative_archive_or_active_embed
Portfolio assets/z_archive/MMS_WTW/_assets/WTW wordmark frame animation/WTW wordmark frame animation_00018.jpg	518892	2024-04-11T21:31:40Z	dataless,compressed	no	creative_archive_or_active_embed
Portfolio assets/z_archive/MMS_WTW/_assets/WTW wordmark frame animation/WTW wordmark frame animation_00019.jpg	523080	2024-04-11T21:31:40Z	dataless,compressed	no	creative_archive_or_active_embed
Portfolio assets/z_archive/MMS_WTW/_assets/WTW wordmark frame animation/WTW wordmark frame animation_00020.jpg	523146	2024-04-11T21:31:40Z	dataless,compressed	no	creative_archive_or_active_embed
Portfolio assets/z_archive/MMS_WTW/_assets/WTW wordmark frame animation/WTW wordmark frame animation_00021.jpg	523104	2024-04-11T21:31:40Z	dataless,compressed	no	creative_archive_or_active_embed
Portfolio assets/z_archive/MMS_WTW/_assets/WTW wordmark frame animation/WTW wordmark frame animation_00022.jpg	523045	2024-04-11T21:31:40Z	dataless,compressed	no	creative_archive_or_active_embed
Portfolio assets/z_archive/MMS_WTW/_assets/WTW wordmark frame animation/WTW wordmark frame animation_00023.jpg	523067	2024-04-11T21:31:41Z	dataless,compressed	no	creative_archive_or_active_embed
Portfolio assets/z_archive/MMS_WTW/_assets/WTW wordmark frame animation/WTW wordmark frame animation_00024.jpg	522699	2024-04-11T21:31:41Z	dataless,compressed	no	creative_archive_or_active_embed
Portfolio assets/z_archive/MMS_WTW/_assets/WTW wordmark frame animation/WTW wordmark frame animation_00025.jpg	522833	2024-04-11T21:31:41Z	dataless,compressed	no	creative_archive_or_active_embed
Portfolio assets/z_archive/MMS_WTW/_assets/WTW wordmark frame animation/WTW wordmark frame animation_00026.jpg	522947	2024-04-11T21:31:41Z	dataless,compressed	no	creative_archive_or_active_embed
Portfolio assets/z_archive/MMS_WTW/_assets/WTW wordmark frame animation/WTW wordmark frame animation_00027.jpg	522841	2024-04-11T21:31:42Z	dataless,compressed	no	creative_archive_or_active_embed
Portfolio assets/z_archive/MMS_WTW/_assets/WTW wordmark frame animation/WTW wordmark frame animation_00028.jpg	522163	2024-04-11T21:31:42Z	dataless,compressed	no	creative_archive_or_active_embed
Portfolio assets/z_archive/MMS_WTW/_assets/WTW wordmark frame animation/WTW wordmark frame animation_00029.jpg	522144	2024-04-11T21:31:42Z	dataless,compressed	no	creative_archive_or_active_embed
Portfolio assets/z_archive/MMS_WTW/_assets/WTW wordmark frame animation/WTW wordmark frame animation_00030.jpg	522761	2024-04-11T21:31:42Z	dataless,compressed	no	creative_archive_or_active_embed
Portfolio assets/z_archive/MMS_WTW/_assets/WTW wordmark frame animation/WTW wordmark frame animation_00031.jpg	522739	2024-04-11T21:31:42Z	dataless,compressed	no	creative_archive_or_active_embed
Portfolio assets/z_archive/MMS_WTW/_assets/WTW wordmark frame animation/WTW wordmark frame animation_00032.jpg	522499	2024-04-11T21:31:43Z	dataless,compressed	no	creative_archive_or_active_embed
Portfolio assets/z_archive/MMS_WTW/_assets/WTW wordmark frame animation/WTW wordmark frame animation_00033.jpg	522486	2024-04-11T21:31:43Z	dataless,compressed	no	creative_archive_or_active_embed
Portfolio assets/z_archive/MMS_WTW/_assets/WTW wordmark frame animation/WTW wordmark frame animation_00034.jpg	522725	2024-04-11T21:31:43Z	dataless,compressed	no	creative_archive_or_active_embed
Portfolio assets/z_archive/MMS_WTW/_assets/WTW wordmark frame animation/WTW wordmark frame animation_00035.jpg	522725	2024-04-11T21:31:43Z	dataless,compressed	no	creative_archive_or_active_embed
Portfolio assets/z_archive/MMS_WTW/_assets/WTW wordmark frame animation/WTW wordmark frame animation_00036.jpg	522805	2024-04-11T21:31:44Z	dataless,compressed	no	creative_archive_or_active_embed
Portfolio assets/z_archive/MMS_WTW/_assets/WTW wordmark frame animation/WTW wordmark frame animation_00037.jpg	523138	2024-04-11T21:31:44Z	dataless,compressed	no	creative_archive_or_active_embed
Portfolio assets/z_archive/MMS_WTW/_assets/WTW wordmark frame animation/WTW wordmark frame animation_00038.jpg	523186	2024-04-11T21:31:44Z	dataless,compressed	no	creative_archive_or_active_embed
Portfolio assets/z_archive/MMS_WTW/_assets/WTW wordmark frame animation/WTW wordmark frame animation_00039.jpg	523345	2024-04-11T21:31:44Z	dataless,compressed	no	creative_archive_or_active_embed
Portfolio assets/z_archive/MMS_WTW/_assets/WTW wordmark frame animation/WTW wordmark frame animation_00040.jpg	523416	2024-04-11T21:31:44Z	dataless,compressed	no	creative_archive_or_active_embed
Portfolio assets/z_archive/MMS_WTW/_assets/WTW wordmark frame animation/WTW wordmark frame animation_00041.jpg	523416	2024-04-11T21:31:45Z	dataless,compressed	no	creative_archive_or_active_embed
Portfolio assets/z_archive/MMS_WTW/_assets/WTW wordmark frame animation/WTW wordmark frame animation_00042.jpg	523351	2024-04-11T21:31:45Z	dataless,compressed	no	creative_archive_or_active_embed
Portfolio assets/z_archive/MMS_WTW/_assets/WTW wordmark frame animation/WTW wordmark frame animation_00043.jpg	523344	2024-04-11T21:31:45Z	dataless,compressed	no	creative_archive_or_active_embed
Portfolio assets/z_archive/MMS_WTW/_assets/WTW wordmark frame animation/WTW wordmark frame animation_00044.jpg	523322	2024-04-11T21:31:45Z	dataless,compressed	no	creative_archive_or_active_embed
Portfolio assets/z_archive/MMS_WTW/_assets/WTW wordmark frame animation/WTW wordmark frame animation_00045.jpg	523116	2024-04-11T21:31:46Z	dataless,compressed	no	creative_archive_or_active_embed
Portfolio assets/z_archive/MMS_WTW/_assets/WTW wordmark frame animation/WTW wordmark frame animation_00046.jpg	523204	2024-04-11T21:31:46Z	dataless,compressed	no	creative_archive_or_active_embed
Portfolio assets/z_archive/MMS_WTW/_assets/WTW wordmark frame animation/WTW wordmark frame animation_00047.jpg	523427	2024-04-11T21:31:46Z	dataless,compressed	no	creative_archive_or_active_embed
Portfolio assets/z_archive/MMS_WTW/_assets/WTW wordmark frame animation/WTW wordmark frame animation_00048.jpg	522555	2024-04-11T21:31:46Z	dataless,compressed	no	creative_archive_or_active_embed
Portfolio assets/z_archive/MMS_WTW/_assets/WTW wordmark frame animation/WTW wordmark frame animation_00049.jpg	523115	2024-04-11T21:31:47Z	dataless,compressed	no	creative_archive_or_active_embed
Portfolio assets/z_archive/MMS_WTW/_assets/WTW wordmark frame animation/WTW wordmark frame animation_00050.jpg	525136	2024-04-11T21:31:47Z	dataless,compressed	no	creative_archive_or_active_embed
Portfolio assets/z_archive/MMS_WTW/_assets/WTW wordmark frame animation/WTW wordmark frame animation_00051.jpg	527411	2024-04-11T21:31:47Z	dataless,compressed	no	creative_archive_or_active_embed
Portfolio assets/z_archive/MMS_WTW/_assets/WTW wordmark frame animation/WTW wordmark frame animation_00052.jpg	528537	2024-04-11T21:31:47Z	dataless,compressed	no	creative_archive_or_active_embed
Portfolio assets/z_archive/MMS_WTW/_assets/WTW wordmark frame animation/WTW wordmark frame animation_00053.jpg	529531	2024-04-11T21:31:47Z	dataless,compressed	no	creative_archive_or_active_embed
Portfolio assets/z_archive/MMS_WTW/_assets/WTW wordmark frame animation/WTW wordmark frame animation_00054.jpg	530070	2024-04-11T21:31:48Z	dataless,compressed	no	creative_archive_or_active_embed
Portfolio assets/z_archive/MMS_WTW/_assets/WTW wordmark frame animation/WTW wordmark frame animation_00055.jpg	530265	2024-04-11T21:31:48Z	dataless,compressed	no	creative_archive_or_active_embed
Portfolio assets/z_archive/MMS_WTW/_assets/WTW wordmark frame animation/WTW wordmark frame animation_00056.jpg	530489	2024-04-11T21:31:48Z	dataless,compressed	no	creative_archive_or_active_embed
Portfolio assets/z_archive/MMS_WTW/_assets/WTW wordmark frame animation/WTW wordmark frame animation_00057.jpg	531016	2024-04-11T21:31:48Z	dataless,compressed	no	creative_archive_or_active_embed
Portfolio assets/z_archive/MMS_WTW/_assets/WTW wordmark frame animation/WTW wordmark frame animation_00058.jpg	531084	2024-04-11T21:31:49Z	dataless,compressed	no	creative_archive_or_active_embed
Portfolio assets/z_archive/MMS_WTW/_assets/WTW wordmark frame animation/WTW wordmark frame animation_00059.jpg	531586	2024-04-11T21:31:49Z	dataless,compressed	no	creative_archive_or_active_embed
Portfolio assets/z_archive/MMS_WTW/_assets/WTW wordmark frame animation/WTW wordmark frame animation_00060.jpg	531643	2024-04-11T21:31:49Z	dataless,compressed	no	creative_archive_or_active_embed
Portfolio assets/z_archive/MMS_WTW/_assets/WTW wordmark frame animation/WTW wordmark frame animation_00061.jpg	531413	2024-04-11T21:31:49Z	dataless,compressed	no	creative_archive_or_active_embed
Portfolio assets/z_archive/MMS_WTW/_assets/WTW wordmark frame animation/WTW wordmark frame animation_00062.jpg	531766	2024-04-11T21:31:49Z	dataless,compressed	no	creative_archive_or_active_embed
Portfolio assets/z_archive/MMS_WTW/_assets/WTW wordmark frame animation/WTW wordmark frame animation_00063.jpg	532844	2024-04-11T21:31:50Z	dataless,compressed	no	creative_archive_or_active_embed
Portfolio assets/z_archive/MMS_WTW/_assets/WTW wordmark frame animation/WTW wordmark frame animation_00064.jpg	533309	2024-04-11T21:31:50Z	dataless,compressed	no	creative_archive_or_active_embed
Portfolio assets/z_archive/MMS_WTW/_assets/WTW wordmark frame animation/WTW wordmark frame animation_00065.jpg	532763	2024-04-11T21:31:50Z	dataless,compressed	no	creative_archive_or_active_embed
Portfolio assets/z_archive/MMS_WTW/_assets/WTW wordmark frame animation/WTW wordmark frame animation_00066.jpg	532560	2024-04-11T21:31:51Z	dataless,compressed	no	creative_archive_or_active_embed
Portfolio assets/z_archive/MMS_WTW/_assets/WTW wordmark frame animation/WTW wordmark frame animation_00067.jpg	532602	2024-04-11T21:31:51Z	dataless,compressed	no	creative_archive_or_active_embed
Portfolio assets/z_archive/MMS_WTW/_assets/WTW wordmark frame animation/WTW wordmark frame animation_00068.jpg	532576	2024-04-11T21:31:51Z	dataless,compressed	no	creative_archive_or_active_embed
Portfolio assets/z_archive/MMS_WTW/_assets/WTW wordmark frame animation/WTW wordmark frame animation_00069.jpg	534643	2024-04-11T21:31:51Z	dataless,compressed	no	creative_archive_or_active_embed
Portfolio assets/z_archive/MMS_WTW/_assets/WTW wordmark frame animation/WTW wordmark frame animation_00070.jpg	534695	2024-04-11T21:31:52Z	dataless,compressed	no	creative_archive_or_active_embed
Portfolio assets/z_archive/MMS_WTW/_assets/WTW wordmark frame animation/WTW wordmark frame animation_00071.jpg	534618	2024-04-11T21:31:52Z	dataless,compressed	no	creative_archive_or_active_embed
Portfolio assets/z_archive/MMS_WTW/_assets/WTW wordmark frame animation/WTW wordmark frame animation_00072.jpg	550410	2024-04-11T21:31:52Z	dataless,compressed	no	creative_archive_or_active_embed
Portfolio assets/z_archive/MMS_WTW/_assets/WTW wordmark frame animation/WTW wordmark frame animation_00073.jpg	550447	2024-04-11T21:31:52Z	dataless,compressed	no	creative_archive_or_active_embed
Portfolio assets/z_archive/MMS_WTW/_assets/WTW wordmark frame animation/WTW wordmark frame animation_00074.jpg	550542	2024-04-11T21:31:52Z	dataless,compressed	no	creative_archive_or_active_embed
Portfolio assets/z_archive/MMS_WTW/_assets/WTW wordmark frame animation/WTW wordmark frame animation_00075.jpg	550529	2024-04-11T21:31:53Z	dataless,compressed	no	creative_archive_or_active_embed
Portfolio assets/z_archive/MMS_WTW/_assets/WTW wordmark frame animation/WTW wordmark frame animation_00076.jpg	534562	2024-04-11T21:31:53Z	dataless,compressed	no	creative_archive_or_active_embed
Portfolio assets/z_archive/MMS_WTW/_assets/WTW wordmark frame animation/WTW wordmark frame animation_00077.jpg	534267	2024-04-11T21:31:53Z	dataless,compressed	no	creative_archive_or_active_embed
Portfolio assets/z_archive/MMS_WTW/_assets/WTW wordmark frame animation/WTW wordmark frame animation_00078.jpg	533581	2024-04-11T21:31:53Z	dataless,compressed	no	creative_archive_or_active_embed
Portfolio assets/z_archive/MMS_WTW/_assets/WTW wordmark frame animation/WTW wordmark frame animation_00079.jpg	535388	2024-04-11T21:31:54Z	dataless,compressed	no	creative_archive_or_active_embed
Portfolio assets/z_archive/MMS_WTW/_assets/WTW wordmark frame animation/WTW wordmark frame animation_00080.jpg	535909	2024-04-11T21:31:54Z	dataless,compressed	no	creative_archive_or_active_embed
Portfolio assets/z_archive/MMS_WTW/_assets/WTW wordmark frame animation/WTW wordmark frame animation_00081.jpg	544210	2024-04-11T21:31:54Z	dataless,compressed	no	creative_archive_or_active_embed
Portfolio assets/z_archive/MMS_WTW/_assets/WTW wordmark frame animation/WTW wordmark frame animation_00082.jpg	549579	2024-04-11T21:31:54Z	dataless,compressed	no	creative_archive_or_active_embed
Portfolio assets/z_archive/MMS_WTW/_assets/WTW wordmark frame animation/WTW wordmark frame animation_00083.jpg	533168	2024-04-11T21:31:54Z	dataless,compressed	no	creative_archive_or_active_embed
Portfolio assets/z_archive/MMS_WTW/_assets/WTW wordmark frame animation/WTW wordmark frame animation_00084.jpg	536260	2024-04-11T21:31:55Z	dataless,compressed	no	creative_archive_or_active_embed
Portfolio assets/z_archive/MMS_WTW/_assets/WTW wordmark frame animation/WTW wordmark frame animation_00085.jpg	541015	2024-04-11T21:31:55Z	dataless,compressed	no	creative_archive_or_active_embed
Portfolio assets/z_archive/MMS_WTW/_assets/WTW wordmark frame animation/WTW wordmark frame animation_00086.jpg	547078	2024-04-11T21:31:55Z	dataless,compressed	no	creative_archive_or_active_embed
Portfolio assets/z_archive/MMS_WTW/_assets/WTW wordmark frame animation/WTW wordmark frame animation_00087.jpg	659042	2024-04-11T21:31:55Z	dataless,compressed	no	creative_archive_or_active_embed
Portfolio assets/z_archive/MMS_WTW/_assets/WTW wordmark frame animation/WTW wordmark frame animation_00088.jpg	747581	2024-04-11T21:31:55Z	dataless,compressed	no	creative_archive_or_active_embed
Portfolio assets/z_archive/MMS_WTW/_assets/WTW wordmark frame animation/WTW wordmark frame animation_00089.jpg	607234	2024-04-11T21:31:56Z	dataless,compressed	no	creative_archive_or_active_embed
Portfolio assets/z_archive/MMS_WTW/_assets/WTW wordmark frame animation/WTW wordmark frame animation_00090.jpg	601149	2024-04-11T21:31:56Z	dataless,compressed	no	creative_archive_or_active_embed
Portfolio assets/z_archive/MMS_WTW/_assets/WTW wordmark frame animation/WTW wordmark frame animation_00091.jpg	606095	2024-04-11T21:31:56Z	dataless,compressed	no	creative_archive_or_active_embed
Portfolio assets/z_archive/MMS_WTW/_assets/WTW wordmark frame animation/WTW wordmark frame animation_00092.jpg	609547	2024-04-11T21:31:57Z	dataless,compressed	no	creative_archive_or_active_embed
Portfolio assets/z_archive/MMS_WTW/_assets/WTW wordmark frame animation/WTW wordmark frame animation_00093.jpg	612573	2024-04-11T21:31:57Z	dataless,compressed	no	creative_archive_or_active_embed
Portfolio assets/z_archive/MMS_WTW/_assets/WTW wordmark frame animation/WTW wordmark frame animation_00094.jpg	609075	2024-04-11T21:31:57Z	dataless,compressed	no	creative_archive_or_active_embed
Portfolio assets/z_archive/MMS_WTW/_assets/WTW wordmark frame animation/WTW wordmark frame animation_00095.jpg	611488	2024-04-11T21:31:57Z	dataless,compressed	no	creative_archive_or_active_embed
Portfolio assets/z_archive/MMS_WTW/_assets/WTW wordmark frame animation/WTW wordmark frame animation_00096.jpg	578453	2024-04-11T21:31:58Z	dataless,compressed	no	creative_archive_or_active_embed
Portfolio assets/z_archive/MMS_WTW/_assets/WTW wordmark frame animation/WTW wordmark frame animation_00097.jpg	574687	2024-04-11T21:31:58Z	dataless,compressed	no	creative_archive_or_active_embed
Portfolio assets/z_archive/MMS_WTW/_assets/WTW wordmark frame animation/WTW wordmark frame animation_00098.jpg	570653	2024-04-11T21:31:58Z	dataless,compressed	no	creative_archive_or_active_embed
Portfolio assets/z_archive/MMS_WTW/_assets/WTW wordmark frame animation/WTW wordmark frame animation_00099.jpg	567848	2024-04-11T21:31:58Z	dataless,compressed	no	creative_archive_or_active_embed
Portfolio assets/z_archive/MMS_WTW/_assets/WTW wordmark frame animation/WTW wordmark frame animation_00100.jpg	565451	2024-04-11T21:31:58Z	dataless,compressed	no	creative_archive_or_active_embed
Portfolio assets/z_archive/MMS_WTW/_assets/WTW wordmark frame animation/WTW wordmark frame animation_00101.jpg	564930	2024-04-11T21:31:59Z	dataless,compressed	no	creative_archive_or_active_embed
Portfolio assets/z_archive/MMS_WTW/_assets/WTW wordmark frame animation/WTW wordmark frame animation_00102.jpg	565671	2024-04-11T21:31:59Z	dataless,compressed	no	creative_archive_or_active_embed
Portfolio assets/z_archive/MMS_WTW/_assets/WTW wordmark frame animation/WTW wordmark frame animation_00103.jpg	565757	2024-04-11T21:31:59Z	dataless,compressed	no	creative_archive_or_active_embed
Portfolio assets/z_archive/MMS_WTW/_assets/WTW wordmark frame animation/WTW wordmark frame animation_00104.jpg	732784	2024-04-11T21:31:59Z	dataless,compressed	no	creative_archive_or_active_embed
Portfolio assets/z_archive/MMS_WTW/_assets/WTW wordmark frame animation/WTW wordmark frame animation_00105.jpg	726505	2024-04-11T21:31:59Z	dataless,compressed	no	creative_archive_or_active_embed
Portfolio assets/z_archive/MMS_WTW/_assets/WTW wordmark frame animation/WTW wordmark frame animation_00106.jpg	701145	2024-04-11T21:32:00Z	dataless,compressed	no	creative_archive_or_active_embed
Portfolio assets/z_archive/MMS_WTW/_assets/WTW wordmark frame animation/WTW wordmark frame animation_00107.jpg	696285	2024-04-11T21:32:00Z	dataless,compressed	no	creative_archive_or_active_embed
Portfolio assets/z_archive/MMS_WTW/_assets/WTW wordmark frame animation/WTW wordmark frame animation_00108.jpg	565566	2024-04-11T21:32:00Z	dataless,compressed	no	creative_archive_or_active_embed
Portfolio assets/z_archive/MMS_WTW/_assets/WTW wordmark frame animation/WTW wordmark frame animation_00109.jpg	566187	2024-04-11T21:32:01Z	dataless,compressed	no	creative_archive_or_active_embed
Portfolio assets/z_archive/MMS_WTW/_assets/WTW wordmark frame animation/WTW wordmark frame animation_00110.jpg	744680	2024-04-11T21:32:01Z	dataless,compressed	no	creative_archive_or_active_embed
Portfolio assets/z_archive/MMS_WTW/_assets/WTW wordmark frame animation/WTW wordmark frame animation_00111.jpg	567166	2024-04-11T21:32:01Z	dataless,compressed	no	creative_archive_or_active_embed
Portfolio assets/z_archive/MMS_WTW/_assets/WTW wordmark frame animation/WTW wordmark frame animation_00112.jpg	809666	2024-04-11T21:32:01Z	dataless,compressed	no	creative_archive_or_active_embed
Portfolio assets/z_archive/MMS_WTW/_assets/WTW wordmark frame animation/WTW wordmark frame animation_00113.jpg	793553	2024-04-11T21:32:01Z	dataless,compressed	no	creative_archive_or_active_embed
Portfolio assets/z_archive/MMS_WTW/_assets/WTW wordmark frame animation/WTW wordmark frame animation_00114.jpg	799956	2024-04-11T21:32:02Z	dataless,compressed	no	creative_archive_or_active_embed
Portfolio assets/z_archive/MMS_WTW/_assets/WTW wordmark frame animation/WTW wordmark frame animation_00115.jpg	800386	2024-04-11T21:32:02Z	dataless,compressed	no	creative_archive_or_active_embed
Portfolio assets/z_archive/MMS_WTW/_assets/WTW wordmark frame animation/WTW wordmark frame animation_00116.jpg	812351	2024-04-11T21:32:02Z	dataless,compressed	no	creative_archive_or_active_embed
Portfolio assets/z_archive/MMS_WTW/_assets/WTW wordmark frame animation/WTW wordmark frame animation_00117.jpg	862584	2024-04-11T21:32:03Z	dataless,compressed	no	creative_archive_or_active_embed
Portfolio assets/z_archive/MMS_WTW/_assets/WTW wordmark frame animation/WTW wordmark frame animation_00118.jpg	592382	2024-04-11T21:32:03Z	dataless,compressed	no	creative_archive_or_active_embed
Portfolio assets/z_archive/MMS_WTW/_assets/WTW wordmark frame animation/WTW wordmark frame animation_00119.jpg	593770	2024-04-11T21:32:03Z	dataless,compressed	no	creative_archive_or_active_embed
Portfolio assets/z_archive/MMS_WTW/_assets/WTW wordmark frame animation/WTW wordmark frame animation_00120.jpg	594025	2024-04-11T21:32:04Z	dataless,compressed	no	creative_archive_or_active_embed
Portfolio assets/z_archive/MMS_WTW/_assets/WTW wordmark frame animation/WTW wordmark frame animation_00121.jpg	593995	2024-04-11T21:32:04Z	dataless,compressed	no	creative_archive_or_active_embed
Portfolio assets/z_archive/MMS_WTW/_assets/WTW wordmark frame animation/WTW wordmark frame animation_00122.jpg	644849	2024-04-11T21:32:04Z	dataless,compressed	no	creative_archive_or_active_embed
Portfolio assets/z_archive/MMS_WTW/_assets/WTW wordmark frame animation/WTW wordmark frame animation_00123.jpg	646099	2024-04-11T21:32:04Z	dataless,compressed	no	creative_archive_or_active_embed
Portfolio assets/z_archive/MMS_WTW/_assets/WTW wordmark frame animation/WTW wordmark frame animation_00124.jpg	663509	2024-04-11T21:32:05Z	dataless,compressed	no	creative_archive_or_active_embed
Portfolio assets/z_archive/MMS_WTW/_assets/WTW wordmark frame animation/WTW wordmark frame animation_00125.jpg	663428	2024-04-11T21:32:05Z	dataless,compressed	no	creative_archive_or_active_embed
Portfolio assets/z_archive/MMS_WTW/_assets/WTW wordmark frame animation/WTW wordmark frame animation_00126.jpg	664617	2024-04-11T21:32:05Z	dataless,compressed	no	creative_archive_or_active_embed
Portfolio assets/z_archive/MMS_WTW/_assets/WTW wordmark frame animation/WTW wordmark frame animation_00127.jpg	664635	2024-04-11T21:32:05Z	dataless,compressed	no	creative_archive_or_active_embed
Portfolio assets/z_archive/MMS_WTW/_assets/WTW wordmark frame animation/WTW wordmark frame animation_00128.jpg	704136	2024-04-11T21:32:06Z	dataless,compressed	no	creative_archive_or_active_embed
Portfolio assets/z_archive/MMS_WTW/_assets/WTW wordmark frame animation/WTW wordmark frame animation_00129.jpg	703719	2024-04-11T21:32:06Z	dataless,compressed	no	creative_archive_or_active_embed
Portfolio assets/z_archive/MMS_WTW/_assets/WTW wordmark frame animation/WTW wordmark frame animation_00130.jpg	703841	2024-04-11T21:32:06Z	dataless,compressed	no	creative_archive_or_active_embed
Portfolio assets/z_archive/MMS_WTW/_assets/WTW wordmark frame animation/WTW wordmark frame animation_00131.jpg	705132	2024-04-11T21:32:06Z	dataless,compressed	no	creative_archive_or_active_embed
Portfolio assets/z_archive/MMS_WTW/_assets/WTW wordmark frame animation/WTW wordmark frame animation_00132.jpg	706923	2024-04-11T21:32:07Z	dataless,compressed	no	creative_archive_or_active_embed
Portfolio assets/z_archive/MMS_WTW/_assets/WTW wordmark frame animation/WTW wordmark frame animation_00133.jpg	706933	2024-04-11T21:32:07Z	dataless,compressed	no	creative_archive_or_active_embed
Portfolio assets/z_archive/MMS_WTW/_assets/WTW wordmark frame animation/WTW wordmark frame animation_00134.jpg	705339	2024-04-11T21:32:07Z	dataless,compressed	no	creative_archive_or_active_embed
Portfolio assets/z_archive/MMS_WTW/_assets/WTW wordmark frame animation/WTW wordmark frame animation_00135.jpg	706767	2024-04-11T21:32:07Z	dataless,compressed	no	creative_archive_or_active_embed
Portfolio assets/z_archive/MMS_WTW/_assets/WTW wordmark frame animation/WTW wordmark frame animation_00136.jpg	689775	2024-04-11T21:32:07Z	dataless,compressed	no	creative_archive_or_active_embed
Portfolio assets/z_archive/MMS_WTW/_assets/WTW wordmark frame animation/WTW wordmark frame animation_00137.jpg	695465	2024-04-11T21:32:07Z	dataless,compressed	no	creative_archive_or_active_embed
Portfolio assets/z_archive/MMS_WTW/_assets/WTW wordmark frame animation/WTW wordmark frame animation_00138.jpg	702073	2024-04-11T21:32:08Z	dataless,compressed	no	creative_archive_or_active_embed
Portfolio assets/z_archive/MMS_WTW/_assets/WTW wordmark frame animation/WTW wordmark frame animation_00139.jpg	702076	2024-04-11T21:32:08Z	dataless,compressed	no	creative_archive_or_active_embed
Portfolio assets/z_archive/MMS_WTW/_assets/WTW wordmark frame animation/WTW wordmark frame animation_00140.jpg	705740	2024-04-11T21:32:08Z	dataless,compressed	no	creative_archive_or_active_embed
Portfolio assets/z_archive/MMS_WTW/_assets/WTW wordmark frame animation/WTW wordmark frame animation_00141.jpg	699170	2024-04-11T21:32:08Z	dataless,compressed	no	creative_archive_or_active_embed
Portfolio assets/z_archive/MMS_WTW/_assets/WTW wordmark frame animation/WTW wordmark frame animation_00142.jpg	703379	2024-04-11T21:32:08Z	dataless,compressed	no	creative_archive_or_active_embed
Portfolio assets/z_archive/MMS_WTW/_assets/WTW wordmark frame animation/WTW wordmark frame animation_00143.jpg	719925	2024-04-11T21:32:09Z	dataless,compressed	no	creative_archive_or_active_embed
Portfolio assets/z_archive/MMS_WTW/_assets/WTW wordmark frame animation/WTW wordmark frame animation_00144.jpg	728248	2024-04-11T21:32:09Z	dataless,compressed	no	creative_archive_or_active_embed
Portfolio assets/z_archive/MMS_WTW/_assets/WTW wordmark frame animation/WTW wordmark frame animation_00145.jpg	728291	2024-04-11T21:32:10Z	dataless,compressed	no	creative_archive_or_active_embed
Portfolio assets/z_archive/MMS_WTW/_assets/WTW wordmark frame animation/WTW wordmark frame animation_00146.jpg	730011	2024-04-11T21:32:10Z	dataless,compressed	no	creative_archive_or_active_embed
Portfolio assets/z_archive/MMS_WTW/_assets/WTW wordmark frame animation/WTW wordmark frame animation_00147.jpg	737985	2024-04-11T21:32:10Z	dataless,compressed	no	creative_archive_or_active_embed
Portfolio assets/z_archive/MMS_WTW/_assets/WTW wordmark frame animation/WTW wordmark frame animation_00148.jpg	738116	2024-04-11T21:32:10Z	dataless,compressed	no	creative_archive_or_active_embed
Portfolio assets/z_archive/MMS_WTW/_assets/WTW wordmark frame animation/WTW wordmark frame animation_00149.jpg	738049	2024-04-11T21:32:11Z	dataless,compressed	no	creative_archive_or_active_embed
Portfolio assets/z_archive/MMS_WTW/_assets/WTW wordmark frame animation/WTW wordmark frame animation_00150.jpg	747857	2024-04-11T21:32:11Z	dataless,compressed	no	creative_archive_or_active_embed
Portfolio assets/z_archive/MMS_WTW/_assets/WTW wordmark frame animation/WTW wordmark frame animation_00151.jpg	748516	2024-04-11T21:32:11Z	dataless,compressed	no	creative_archive_or_active_embed
Portfolio assets/z_archive/MMS_WTW/_assets/WTW wordmark frame animation/WTW wordmark frame animation_00152.jpg	749257	2024-04-11T21:32:11Z	dataless,compressed	no	creative_archive_or_active_embed
Portfolio assets/z_archive/MMS_WTW/_assets/WTW wordmark frame animation/WTW wordmark frame animation_00153.jpg	749562	2024-04-11T21:32:11Z	dataless,compressed	no	creative_archive_or_active_embed
Portfolio assets/z_archive/MMS_WTW/_assets/WTW wordmark frame animation/WTW wordmark frame animation_00154.jpg	749841	2024-04-11T21:32:12Z	dataless,compressed	no	creative_archive_or_active_embed
Portfolio assets/z_archive/MMS_WTW/_assets/WTW wordmark frame animation/WTW wordmark frame animation_00155.jpg	749879	2024-04-11T21:32:12Z	dataless,compressed	no	creative_archive_or_active_embed
Portfolio assets/z_archive/MMS_WTW/_assets/WTW wordmark frame animation/WTW wordmark frame animation_00156.jpg	749925	2024-04-11T21:32:12Z	dataless,compressed	no	creative_archive_or_active_embed
Portfolio assets/z_archive/MMS_WTW/_assets/WTW wordmark frame animation/WTW wordmark frame animation_00157.jpg	722755	2024-04-11T21:32:12Z	dataless,compressed	no	creative_archive_or_active_embed
Portfolio assets/z_archive/MMS_WTW/_assets/WTW wordmark frame animation/WTW wordmark frame animation_00158.jpg	723900	2024-04-11T21:32:12Z	dataless,compressed	no	creative_archive_or_active_embed
Portfolio assets/z_archive/MMS_WTW/_assets/WTW wordmark frame animation/WTW wordmark frame animation_00159.jpg	656721	2024-04-11T21:32:12Z	dataless,compressed	no	creative_archive_or_active_embed
Portfolio assets/z_archive/MMS_WTW/_assets/WTW wordmark frame animation/WTW wordmark frame animation_00160.jpg	657277	2024-04-11T21:32:13Z	dataless,compressed	no	creative_archive_or_active_embed
Portfolio assets/z_archive/MMS_WTW/_assets/WTW wordmark frame animation/WTW wordmark frame animation_00161.jpg	657274	2024-04-11T21:32:13Z	dataless,compressed	no	creative_archive_or_active_embed
Portfolio assets/z_archive/MMS_WTW/_assets/WTW wordmark frame animation/WTW wordmark frame animation_00162.jpg	630394	2024-04-11T21:32:13Z	dataless,compressed	no	creative_archive_or_active_embed
Portfolio assets/z_archive/MMS_WTW/_assets/WTW wordmark frame animation/WTW wordmark frame animation_00163.jpg	630508	2024-04-11T21:32:13Z	dataless,compressed	no	creative_archive_or_active_embed
Portfolio assets/z_archive/MMS_WTW/_assets/WTW wordmark frame animation/WTW wordmark frame animation_00164.jpg	630622	2024-04-11T21:32:13Z	dataless,compressed	no	creative_archive_or_active_embed
Portfolio assets/z_archive/MMS_WTW/_assets/WTW wordmark frame animation/WTW wordmark frame animation_00165.jpg	586790	2024-04-11T21:32:14Z	dataless,compressed	no	creative_archive_or_active_embed
Portfolio assets/z_archive/MMS_WTW/_assets/WTW wordmark frame animation/WTW wordmark frame animation_00166.jpg	587682	2024-04-11T21:32:14Z	dataless,compressed	no	creative_archive_or_active_embed
Portfolio assets/z_archive/MMS_WTW/_assets/WTW wordmark frame animation/WTW wordmark frame animation_00167.jpg	587647	2024-04-11T21:32:14Z	dataless,compressed	no	creative_archive_or_active_embed
Portfolio assets/z_archive/MMS_WTW/_assets/WTW wordmark frame animation/WTW wordmark frame animation_00168.jpg	587614	2024-04-11T21:32:14Z	dataless,compressed	no	creative_archive_or_active_embed
Portfolio assets/z_archive/MMS_WTW/_assets/WTW wordmark frame animation/WTW wordmark frame animation_00169.jpg	756900	2024-04-11T21:32:15Z	dataless,compressed	no	creative_archive_or_active_embed
Portfolio assets/z_archive/MMS_WTW/_assets/WTW wordmark frame animation/WTW wordmark frame animation_00170.jpg	758403	2024-04-11T21:32:15Z	dataless,compressed	no	creative_archive_or_active_embed
Portfolio assets/z_archive/MMS_WTW/_assets/WTW wordmark frame animation/WTW wordmark frame animation_00171.jpg	826036	2024-04-11T21:32:15Z	dataless,compressed	no	creative_archive_or_active_embed
Portfolio assets/z_archive/MMS_WTW/_assets/WTW wordmark frame animation/WTW wordmark frame animation_00172.jpg	824442	2024-04-11T21:32:15Z	dataless,compressed	no	creative_archive_or_active_embed
Portfolio assets/z_archive/MMS_WTW/_assets/WTW wordmark frame animation/WTW wordmark frame animation_00173.jpg	821843	2024-04-11T21:32:15Z	dataless,compressed	no	creative_archive_or_active_embed
Portfolio assets/z_archive/MMS_WTW/_assets/WTW wordmark frame animation/WTW wordmark frame animation_00174.jpg	814975	2024-04-11T21:32:16Z	dataless,compressed	no	creative_archive_or_active_embed
Portfolio assets/z_archive/MMS_WTW/_assets/WTW wordmark frame animation/WTW wordmark frame animation_00175.jpg	581489	2024-04-11T21:32:16Z	dataless,compressed	no	creative_archive_or_active_embed
Portfolio assets/z_archive/MMS_WTW/_assets/WTW wordmark frame animation/WTW wordmark frame animation_00176.jpg	582444	2024-04-11T21:32:16Z	dataless,compressed	no	creative_archive_or_active_embed
Portfolio assets/z_archive/MMS_WTW/_assets/WTW wordmark frame animation/WTW wordmark frame animation_00177.jpg	575823	2024-04-11T21:32:16Z	dataless,compressed	no	creative_archive_or_active_embed
Portfolio assets/z_archive/MMS_WTW/_assets/WTW wordmark frame animation/WTW wordmark frame animation_00178.jpg	568282	2024-04-11T21:32:17Z	dataless,compressed	no	creative_archive_or_active_embed
Portfolio assets/z_archive/MMS_WTW/_assets/WTW wordmark frame animation/WTW wordmark frame animation_00179.jpg	557796	2024-04-11T21:32:17Z	dataless,compressed	no	creative_archive_or_active_embed
Portfolio assets/z_archive/MMS_WTW/_assets/WTW wordmark frame animation/WTW wordmark frame animation_00180.jpg	544048	2024-04-11T21:32:17Z	dataless,compressed	no	creative_archive_or_active_embed
Portfolio assets/z_archive/MMS_WTW/_assets/WTW wordmark frame animation/WTW wordmark frame animation_00181.jpg	535378	2024-04-11T21:32:17Z	dataless,compressed	no	creative_archive_or_active_embed
Portfolio assets/z_archive/MMS_WTW/_assets/WTW wordmark frame animation/WTW wordmark frame animation_00182.jpg	530658	2024-04-11T21:32:17Z	dataless,compressed	no	creative_archive_or_active_embed
Portfolio assets/z_archive/MMS_WTW/_assets/WTW wordmark frame animation/WTW wordmark frame animation_00183.jpg	529291	2024-04-11T21:32:18Z	dataless,compressed	no	creative_archive_or_active_embed
Portfolio assets/z_archive/MMS_WTW/_assets/WTW wordmark frame animation/WTW wordmark frame animation_00184.jpg	526463	2024-04-11T21:32:18Z	dataless,compressed	no	creative_archive_or_active_embed
Portfolio assets/z_archive/MMS_WTW/_assets/WTW wordmark frame animation/WTW wordmark frame animation_00185.jpg	525206	2024-04-11T21:32:18Z	dataless,compressed	no	creative_archive_or_active_embed
Portfolio assets/z_archive/MMS_WTW/_assets/WTW wordmark frame animation/WTW wordmark frame animation_00186.jpg	523642	2024-04-11T21:32:19Z	dataless,compressed	no	creative_archive_or_active_embed
Portfolio assets/z_archive/MMS_WTW/_assets/WTW wordmark frame animation/WTW wordmark frame animation_00187.jpg	523476	2024-04-11T21:32:19Z	dataless,compressed	no	creative_archive_or_active_embed
Portfolio assets/z_archive/MMS_WTW/_assets/WTW wordmark frame animation/WTW wordmark frame animation_00188.jpg	524335	2024-04-11T21:32:19Z	dataless,compressed	no	creative_archive_or_active_embed
Portfolio assets/z_archive/MMS_WTW/_assets/WTW wordmark frame animation/WTW wordmark frame animation_00189.jpg	527861	2024-04-11T21:32:19Z	dataless,compressed	no	creative_archive_or_active_embed
Portfolio assets/z_archive/MMS_WTW/_assets/WTW wordmark frame animation/WTW wordmark frame animation_00190.jpg	527113	2024-04-11T21:32:19Z	dataless,compressed	no	creative_archive_or_active_embed
Portfolio assets/z_archive/MMS_WTW/_assets/WTW wordmark frame animation/WTW wordmark frame animation_00191.jpg	524108	2024-04-11T21:32:20Z	dataless,compressed	no	creative_archive_or_active_embed
Portfolio assets/z_archive/MMS_WTW/_assets/WTW wordmark frame animation/WTW wordmark frame animation_00192.jpg	523914	2024-04-11T21:32:20Z	dataless,compressed	no	creative_archive_or_active_embed
Portfolio assets/z_archive/MMS_WTW/_assets/WTW wordmark frame animation/WTW wordmark frame animation_00193.jpg	525793	2024-04-11T21:32:20Z	dataless,compressed	no	creative_archive_or_active_embed
Portfolio assets/z_archive/MMS_WTW/_assets/WTW wordmark frame animation/WTW wordmark frame animation_00194.jpg	525734	2024-04-11T21:32:20Z	dataless,compressed	no	creative_archive_or_active_embed
Portfolio assets/z_archive/MMS_WTW/_assets/WTW wordmark frame animation/WTW wordmark frame animation_00195.jpg	525722	2024-04-11T21:32:20Z	dataless,compressed	no	creative_archive_or_active_embed
Portfolio assets/z_archive/MMS_WTW/_assets/WTW wordmark frame animation/WTW wordmark frame animation_00196.jpg	524809	2024-04-11T21:32:21Z	dataless,compressed	no	creative_archive_or_active_embed
Portfolio assets/z_archive/MMS_WTW/_assets/WTW wordmark frame animation/WTW wordmark frame animation_00197.jpg	524978	2024-04-11T21:32:21Z	dataless,compressed	no	creative_archive_or_active_embed
Portfolio assets/z_archive/MMS_WTW/_assets/WTW wordmark frame animation/WTW wordmark frame animation_00198.jpg	525109	2024-04-11T21:32:21Z	dataless,compressed	no	creative_archive_or_active_embed
Portfolio assets/z_archive/MMS_WTW/_assets/WTW wordmark frame animation/WTW wordmark frame animation_00199.jpg	524951	2024-04-11T21:32:21Z	dataless,compressed	no	creative_archive_or_active_embed
Portfolio assets/z_archive/MMS_WTW/_assets/WTW wordmark frame animation/WTW wordmark frame animation_00200.jpg	524941	2024-04-11T21:32:22Z	dataless,compressed	no	creative_archive_or_active_embed
Portfolio assets/z_archive/MMS_WTW/_assets/WTW wordmark frame animation/WTW wordmark frame animation_00201.jpg	525055	2024-04-11T21:32:22Z	dataless,compressed	no	creative_archive_or_active_embed
Portfolio assets/z_archive/MMS_WTW/_assets/WTW wordmark frame animation/WTW wordmark frame animation_00202.jpg	525029	2024-04-11T21:32:22Z	dataless,compressed	no	creative_archive_or_active_embed
Portfolio assets/z_archive/MMS_WTW/_assets/WTW wordmark frame animation/WTW wordmark frame animation_00203.jpg	525181	2024-04-11T21:32:22Z	dataless,compressed	no	creative_archive_or_active_embed
Portfolio assets/z_archive/MMS_WTW/_assets/WTW wordmark frame animation/WTW wordmark frame animation_00204.jpg	525161	2024-04-11T21:32:23Z	dataless,compressed	no	creative_archive_or_active_embed
Portfolio assets/z_archive/MMS_WTW/_assets/WTW wordmark frame animation/WTW wordmark frame animation_00205.jpg	522204	2024-04-11T21:32:23Z	dataless,compressed	no	creative_archive_or_active_embed
Portfolio assets/z_archive/MMS_WTW/_assets/WTW wordmark frame animation/WTW wordmark frame animation_00206.jpg	522036	2024-04-11T21:32:23Z	dataless,compressed	no	creative_archive_or_active_embed
Portfolio assets/z_archive/MMS_WTW/_assets/WTW wordmark frame animation/WTW wordmark frame animation_00207.jpg	522048	2024-04-11T21:32:23Z	dataless,compressed	no	creative_archive_or_active_embed
Portfolio assets/z_archive/MMS_WTW/_assets/WTW wordmark frame animation/WTW wordmark frame animation_00208.jpg	522335	2024-04-11T21:32:23Z	dataless,compressed	no	creative_archive_or_active_embed
Portfolio assets/z_archive/MMS_WTW/_assets/WTW wordmark frame animation/WTW wordmark frame animation_00209.jpg	522386	2024-04-11T21:32:24Z	dataless,compressed	no	creative_archive_or_active_embed
Portfolio assets/z_archive/MMS_WTW/_assets/WTW wordmark frame animation/WTW wordmark frame animation_00210.jpg	522020	2024-04-11T21:32:24Z	dataless,compressed	no	creative_archive_or_active_embed
Portfolio assets/z_archive/MMS_WTW/_assets/WTW wordmark frame animation/WTW wordmark frame animation_00211.jpg	521947	2024-04-11T21:32:24Z	dataless,compressed	no	creative_archive_or_active_embed
Portfolio assets/z_archive/MMS_WTW/_assets/WTW wordmark frame animation/WTW wordmark frame animation_00212.jpg	521440	2024-04-11T21:32:24Z	dataless,compressed	no	creative_archive_or_active_embed
Portfolio assets/z_archive/MMS_WTW/_assets/WTW wordmark frame animation/WTW wordmark frame animation_00213.jpg	521245	2024-04-11T21:32:25Z	dataless,compressed	no	creative_archive_or_active_embed
Portfolio assets/z_archive/MMS_WTW/_assets/WTW wordmark frame animation/WTW wordmark frame animation_00214.jpg	520476	2024-04-11T21:32:25Z	dataless,compressed	no	creative_archive_or_active_embed
Portfolio assets/z_archive/MMS_WTW/_assets/WTW wordmark frame animation/WTW wordmark frame animation_00215.jpg	519971	2024-04-11T21:32:25Z	dataless,compressed	no	creative_archive_or_active_embed
Portfolio assets/z_archive/MMS_WTW/_assets/WTW wordmark frame animation/WTW wordmark frame animation_00216.jpg	519463	2024-04-11T21:32:25Z	dataless,compressed	no	creative_archive_or_active_embed
Portfolio assets/z_archive/MMS_WTW/_assets/WTW wordmark frame animation/WTW wordmark frame animation_00217.jpg	521781	2024-04-11T21:32:25Z	dataless,compressed	no	creative_archive_or_active_embed
Portfolio assets/z_archive/MMS_WTW/_assets/WTW wordmark frame animation/WTW wordmark frame animation_00218.jpg	521479	2024-04-11T21:32:26Z	dataless,compressed	no	creative_archive_or_active_embed
Portfolio assets/z_archive/MMS_WTW/_assets/WTW wordmark frame animation/WTW wordmark frame animation_00219.jpg	525639	2024-04-11T21:32:26Z	dataless,compressed	no	creative_archive_or_active_embed
Portfolio assets/z_archive/MMS_WTW/_assets/WTW wordmark frame animation/WTW wordmark frame animation_00220.jpg	523785	2024-04-11T21:32:26Z	dataless,compressed	no	creative_archive_or_active_embed
Portfolio assets/z_archive/MMS_WTW/_assets/WTW wordmark frame animation/WTW wordmark frame animation_00221.jpg	522646	2024-04-11T21:32:26Z	dataless,compressed	no	creative_archive_or_active_embed
Portfolio assets/z_archive/MMS_WTW/_assets/WTW wordmark frame animation/WTW wordmark frame animation_00222.jpg	521313	2024-04-11T21:32:27Z	dataless,compressed	no	creative_archive_or_active_embed
Portfolio assets/z_archive/MMS_WTW/_assets/WTW wordmark frame animation/WTW wordmark frame animation_00223.jpg	521465	2024-04-11T21:32:27Z	dataless,compressed	no	creative_archive_or_active_embed
Portfolio assets/z_archive/MMS_WTW/_assets/WTW wordmark frame animation/WTW wordmark frame animation_00224.jpg	521444	2024-04-11T21:32:27Z	dataless,compressed	no	creative_archive_or_active_embed
Portfolio assets/z_archive/MMS_WTW/_assets/WTW wordmark frame animation/WTW wordmark frame animation_00225.jpg	522236	2024-04-11T21:32:27Z	dataless,compressed	no	creative_archive_or_active_embed
Portfolio assets/z_archive/MMS_WTW/_assets/WTW wordmark frame animation/WTW wordmark frame animation_00226.jpg	522910	2024-04-11T21:32:27Z	dataless,compressed	no	creative_archive_or_active_embed
Portfolio assets/z_archive/MMS_WTW/_assets/WTW wordmark frame animation/WTW wordmark frame animation_00227.jpg	523544	2024-04-11T21:32:28Z	dataless,compressed	no	creative_archive_or_active_embed
Portfolio assets/z_archive/MMS_WTW/_assets/WTW wordmark frame animation/WTW wordmark frame animation_00228.jpg	523640	2024-04-11T21:32:28Z	dataless,compressed	no	creative_archive_or_active_embed
Portfolio assets/z_archive/MMS_WTW/_assets/WTW wordmark frame animation/WTW wordmark frame animation_00229.jpg	523320	2024-04-11T21:32:28Z	dataless,compressed	no	creative_archive_or_active_embed
Portfolio assets/z_archive/MMS_WTW/_assets/WTW wordmark frame animation/WTW wordmark frame animation_00230.jpg	523331	2024-04-11T21:32:28Z	dataless,compressed	no	creative_archive_or_active_embed
Portfolio assets/z_archive/MMS_WTW/_assets/WTW wordmark frame animation/WTW wordmark frame animation_00231.jpg	523618	2024-04-11T21:32:28Z	dataless,compressed	no	creative_archive_or_active_embed
Portfolio assets/z_archive/MMS_WTW/_assets/WTW wordmark frame animation/WTW wordmark frame animation_00232.jpg	524721	2024-04-11T21:32:29Z	dataless,compressed	no	creative_archive_or_active_embed
Portfolio assets/z_archive/MMS_WTW/_assets/WTW wordmark frame animation/WTW wordmark frame animation_00233.jpg	525359	2024-04-11T21:32:29Z	dataless,compressed	no	creative_archive_or_active_embed
Portfolio assets/z_archive/MMS_WTW/_assets/WTW wordmark frame animation/WTW wordmark frame animation_00234.jpg	524638	2024-04-11T21:32:29Z	dataless,compressed	no	creative_archive_or_active_embed
Portfolio assets/z_archive/MMS_WTW/_assets/WTW wordmark frame animation/WTW wordmark frame animation_00235.jpg	524659	2024-04-11T21:32:29Z	dataless,compressed	no	creative_archive_or_active_embed
Portfolio assets/z_archive/MMS_WTW/_assets/WTW wordmark frame animation/WTW wordmark frame animation_00236.jpg	524692	2024-04-11T21:32:29Z	dataless,compressed	no	creative_archive_or_active_embed
Portfolio assets/z_archive/MMS_WTW/_assets/WTW wordmark frame animation/WTW wordmark frame animation_00237.jpg	520628	2024-04-11T21:32:29Z	dataless,compressed	no	creative_archive_or_active_embed
Portfolio assets/z_archive/MMS_WTW/_assets/WTW wordmark frame animation/WTW wordmark frame animation_00238.jpg	520631	2024-04-11T21:32:30Z	dataless,compressed	no	creative_archive_or_active_embed
Portfolio assets/z_archive/MMS_WTW/_assets/WTW wordmark frame animation/WTW wordmark frame animation_00239.jpg	472843	2024-04-11T21:32:30Z	dataless,compressed	no	creative_archive_or_active_embed
Portfolio assets/z_archive/MMS_WTW/_assets/WTW wordmark frame animation/WTW wordmark frame animation_00240.jpg	472843	2024-04-11T21:32:30Z	dataless,compressed	no	creative_archive_or_active_embed
Portfolio assets/z_archive/MMS_WTW/_assets/WTW wordmark frame animation/WTW wordmark frame animation_00241.jpg	472843	2024-04-11T21:32:30Z	dataless,compressed	no	creative_archive_or_active_embed
Portfolio assets/z_archive/MMS_WTW/_assets/WTW wordmark frame animation/WTW wordmark frame animation_00242.jpg	472843	2024-04-11T21:32:30Z	dataless,compressed	no	creative_archive_or_active_embed
Portfolio assets/z_archive/MMS_WTW/_assets/WTW wordmark frame animation/WTW wordmark frame animation_00243.jpg	472843	2024-04-11T21:32:31Z	dataless,compressed	no	creative_archive_or_active_embed
Portfolio assets/z_archive/MMS_WTW/_assets/WTW wordmark frame animation/WTW wordmark frame animation_00244.jpg	472843	2024-04-11T21:32:31Z	dataless,compressed	no	creative_archive_or_active_embed
Portfolio assets/z_archive/MMS_WTW/_assets/WTW wordmark frame animation/WTW wordmark frame animation_00245.jpg	472843	2024-04-11T21:32:31Z	dataless,compressed	no	creative_archive_or_active_embed
Portfolio assets/z_archive/MMS_WTW/_assets/WTW wordmark frame animation/WTW wordmark frame animation_00246.jpg	472843	2024-04-11T21:32:31Z	dataless,compressed	no	creative_archive_or_active_embed
Portfolio assets/z_archive/MMS_WTW/_assets/WTW wordmark frame animation/WTW wordmark frame animation_00247.jpg	472843	2024-04-11T21:32:31Z	dataless,compressed	no	creative_archive_or_active_embed
Portfolio assets/z_archive/MMS_WTW/_assets/WTW wordmark frame animation/WTW wordmark frame animation_00248.jpg	472843	2024-04-11T21:32:32Z	dataless,compressed	no	creative_archive_or_active_embed
Portfolio assets/z_archive/MMS_WTW/_assets/WTW wordmark frame animation/WTW wordmark frame animation_00249.jpg	472843	2024-04-11T21:32:32Z	dataless,compressed	no	creative_archive_or_active_embed
Portfolio assets/z_archive/MMS_WTW/_assets/WTW wordmark frame animation/WTW wordmark frame animation_00250.jpg	472843	2024-04-11T21:32:32Z	dataless,compressed	no	creative_archive_or_active_embed
Portfolio assets/z_archive/MMS_WTW/_assets/WTW wordmark frame animation/WTW wordmark frame animation_00251.jpg	472843	2024-04-11T21:32:32Z	dataless,compressed	no	creative_archive_or_active_embed
Portfolio assets/z_archive/MMS_WTW/_assets/WTW wordmark frame animation/WTW wordmark frame animation_00252.jpg	472843	2024-04-11T21:32:32Z	dataless,compressed	no	creative_archive_or_active_embed
Portfolio assets/z_archive/MMS_WTW/_assets/WTW wordmark frame animation/WTW wordmark frame animation_00253.jpg	472843	2024-04-11T21:32:33Z	dataless,compressed	no	creative_archive_or_active_embed
Portfolio assets/z_archive/MMS_WTW/_assets/WTW wordmark frame animation/WTW wordmark frame animation_00254.jpg	472843	2024-04-11T21:32:33Z	dataless,compressed	no	creative_archive_or_active_embed
Portfolio assets/z_archive/MMS_WTW/_assets/WTW wordmark frame animation/WTW wordmark frame animation_00255.jpg	472843	2024-04-11T21:32:33Z	dataless,compressed	no	creative_archive_or_active_embed
Portfolio assets/z_archive/MMS_WTW/_assets/WTW wordmark frame animation/WTW wordmark frame animation_00256.jpg	472843	2024-04-11T21:32:33Z	dataless,compressed	no	creative_archive_or_active_embed
Portfolio assets/z_archive/MMS_WTW/_assets/WTW wordmark frame animation/WTW wordmark frame animation_00257.jpg	472843	2024-04-11T21:32:33Z	dataless,compressed	no	creative_archive_or_active_embed
Portfolio assets/z_archive/MMS_WTW/_assets/WTW wordmark frame animation/WTW wordmark frame animation_00258.jpg	472843	2024-04-11T21:32:34Z	dataless,compressed	no	creative_archive_or_active_embed
Portfolio assets/z_archive/MMS_WTW/_assets/WTW wordmark frame animation/WTW wordmark frame animation_00259.jpg	472843	2024-04-11T21:32:34Z	dataless,compressed	no	creative_archive_or_active_embed
Portfolio assets/z_archive/MMS_WTW/_assets/WTW wordmark frame animation/WTW wordmark frame animation_00260.jpg	472843	2024-04-11T21:32:34Z	dataless,compressed	no	creative_archive_or_active_embed
Portfolio assets/z_archive/MMS_WTW/_assets/WTW wordmark frame animation/WTW wordmark frame animation_00261.jpg	472843	2024-04-11T21:32:34Z	dataless,compressed	no	creative_archive_or_active_embed
Portfolio assets/z_archive/MMS_WTW/_assets/WTW wordmark frame animation/WTW wordmark frame animation_00262.jpg	472843	2024-04-11T21:32:34Z	dataless,compressed	no	creative_archive_or_active_embed
Portfolio assets/z_archive/MMS_WTW/_assets/WTW wordmark frame animation/WTW wordmark frame animation_00263.jpg	472843	2024-04-11T21:32:35Z	dataless,compressed	no	creative_archive_or_active_embed
Portfolio assets/z_archive/MMS_WTW/_assets/WTW wordmark frame animation/WTW wordmark frame animation_00264.jpg	472843	2024-04-11T21:32:35Z	dataless,compressed	no	creative_archive_or_active_embed
Portfolio assets/z_archive/MMS_WTW/_assets/WTW wordmark frame animation/WTW wordmark frame animation_00265.jpg	472843	2024-04-11T21:32:35Z	dataless,compressed	no	creative_archive_or_active_embed
Portfolio assets/z_archive/MMS_WTW/_assets/WTW wordmark frame animation/WTW wordmark frame animation_00266.jpg	472843	2024-04-11T21:32:35Z	dataless,compressed	no	creative_archive_or_active_embed
Portfolio assets/z_archive/MMS_WTW/_assets/WTW wordmark frame animation/WTW wordmark frame animation_00267.jpg	472843	2024-04-11T21:32:35Z	dataless,compressed	no	creative_archive_or_active_embed
Portfolio assets/z_archive/MMS_WTW/_assets/WTW wordmark frame animation/WTW wordmark frame animation_00268.jpg	472843	2024-04-11T21:32:36Z	dataless,compressed	no	creative_archive_or_active_embed
Portfolio assets/z_archive/MMS_WTW/_assets/WTW wordmark frame animation/WTW wordmark frame animation_00269.jpg	472843	2024-04-11T21:32:36Z	dataless,compressed	no	creative_archive_or_active_embed
Portfolio assets/z_archive/MMS_WTW/_assets/WTW wordmark frame animation/WTW wordmark frame animation_00270.jpg	472843	2024-04-11T21:32:36Z	dataless,compressed	no	creative_archive_or_active_embed
Portfolio assets/z_archive/MMS_WTW/_assets/WTW wordmark frame animation_award.mp4	19191017	2024-04-23T15:53:42Z	dataless,compressed	no	creative_archive_or_active_embed
Portfolio assets/z_archive/MMS_WTW/_assets/WTW_grid_image_text (for brandpad)_v2.gif	5973529	2023-07-04T03:46:19Z	dataless,compressed	no	creative_archive_or_active_embed
Portfolio assets/z_archive/MMS_WTW/_assets/WTW_wordmark.gif	22692656	2023-06-19T05:04:49Z	dataless,compressed	no	creative_archive_or_active_embed
Portfolio assets/z_archive/MMS_WTW/_assets/WTWwordmarkframeanimation-ezgif.com-video-to-gif-converter.gif	8588952	2024-04-11T21:28:06Z	dataless,compressed	no	creative_archive_or_active_embed
Portfolio assets/z_archive/MMS_WTW/_assets/ezgif.com-animated-gif-maker.gif	1316463	2024-04-12T01:48:53Z	dataless,compressed	no	creative_archive_or_active_embed
Portfolio assets/z_archive/MMS_WTW/_finals/.DS_Store	6148	2024-04-12T01:49:39Z	hidden	no	creative_archive_or_active_embed
Portfolio assets/z_archive/MMS_WTW/_finals/6x images for MMS_WTW_Cover.gif	8588952	2024-04-11T21:28:06Z	dataless,compressed	no	creative_archive_or_active_embed
Portfolio assets/z_archive/MMS_WTW/_finals/6x images for MMS_WTW_Cover.jpg	384050	2024-04-11T22:15:32Z	dataless,compressed	no	creative_archive_or_active_embed
Portfolio assets/z_archive/MMS_WTW/_finals/6x images for MMS_WTW_Image 1.gif	3771183	2023-07-06T00:03:58Z	dataless,compressed	no	creative_archive_or_active_embed
Portfolio assets/z_archive/MMS_WTW/_finals/6x images for MMS_WTW_Image 1.jpg	11335684	2024-04-11T22:15:36Z	dataless,compressed	no	creative_archive_or_active_embed
Portfolio assets/z_archive/MMS_WTW/_finals/6x images for MMS_WTW_Image 2.jpg	2819207	2024-04-11T22:15:38Z	dataless,compressed	no	creative_archive_or_active_embed
Portfolio assets/z_archive/MMS_WTW/_finals/6x images for MMS_WTW_Image 3.jpg	1195945	2024-04-11T22:15:39Z	dataless,compressed	no	creative_archive_or_active_embed
Portfolio assets/z_archive/MMS_WTW/_finals/6x images for MMS_WTW_Image 4.gif	5973529	2023-07-04T03:46:19Z	dataless,compressed	no	creative_archive_or_active_embed
Portfolio assets/z_archive/MMS_WTW/_finals/6x images for MMS_WTW_Image 4.jpg	1800982	2024-04-11T22:15:43Z	dataless,compressed	no	creative_archive_or_active_embed
Portfolio assets/z_archive/MMS_WTW/_finals/6x images for MMS_WTW_Image 5.jpg	1279676	2024-04-11T22:15:45Z	dataless,compressed	no	creative_archive_or_active_embed
Portfolio assets/z_archive/MMS_WTW/_finals/6x images for MMS_WTW_Image 6.gif	1316463	2024-04-12T01:48:53Z	dataless,compressed	no	creative_archive_or_active_embed
Portfolio assets/z_archive/MMS_WTW/_finals/6x images for MMS_WTW_Image 6.jpg	1947171	2024-04-11T22:15:47Z	dataless,compressed	no	creative_archive_or_active_embed
Portfolio assets/z_archive/MMS_WTW/_finals/_compressed/6x images for MMS_WTW_Cover.webm	3415136	2025-09-21T20:07:31Z	dataless,compressed	no	creative_archive_or_active_embed
Portfolio assets/z_archive/MMS_WTW/_finals/_compressed/6x images for MMS_WTW_Image 2.webp	1034916	2025-09-21T20:02:19Z	dataless,compressed	no	creative_archive_or_active_embed
Portfolio assets/z_archive/MMS_WTW/_finals/_compressed/6x images for MMS_WTW_Image 3.webp	319208	2025-09-21T20:02:18Z	dataless,compressed	no	creative_archive_or_active_embed
Portfolio assets/z_archive/MMS_WTW/_finals/_compressed/6x images for MMS_WTW_Image 5.webp	392134	2025-09-21T20:02:16Z	dataless,compressed	no	creative_archive_or_active_embed
Portfolio assets/z_archive/Whims/.DS_Store	6148	2024-04-15T23:39:35Z	hidden	no	creative_archive_or_active_embed
Portfolio assets/z_archive/Whims/OC/.DS_Store	10244	2026-07-06T17:13:15Z	hidden	no	creative_archive_or_active_embed
Portfolio assets/z_archive/Whims/OC/Daydreaming/Daydreaming_030220242171.jpg	430497	2024-02-15T04:33:57Z	dataless,compressed	no	creative_archive_or_active_embed
Portfolio assets/z_archive/Whims/OC/Daydreaming/Daydreaming_030220242287.jpg	493657	2024-02-15T04:33:58Z	dataless,compressed	no	creative_archive_or_active_embed
Portfolio assets/z_archive/Whims/OC/Daydreaming/Daydreaming_030220242359.jpg	463534	2024-02-15T04:33:59Z	dataless,compressed	no	creative_archive_or_active_embed
Portfolio assets/z_archive/Whims/OC/Daydreaming/Daydreaming_030220242424.jpg	347740	2024-02-15T04:34:01Z	dataless,compressed	no	creative_archive_or_active_embed
Portfolio assets/z_archive/Whims/OC/Daydreaming/Daydreaming_030220242457.jpg	325290	2024-02-15T04:34:04Z	dataless,compressed	no	creative_archive_or_active_embed
Portfolio assets/z_archive/Whims/OC/Daydreaming/Daydreaming_030220242479.jpg	341818	2024-02-15T04:34:05Z	dataless,compressed	no	creative_archive_or_active_embed
Portfolio assets/z_archive/Whims/OC/Rain and Tears/1_Amy_portrait_130120241675.jpg	497002	2024-01-31T20:26:03Z	dataless,compressed	no	creative_archive_or_active_embed
Portfolio assets/z_archive/Whims/OC/Rain and Tears/3_Amy_portrait_130120241867.jpg	500910	2024-01-31T20:26:05Z	dataless,compressed	no	creative_archive_or_active_embed
Portfolio assets/z_archive/Whims/OC/Rain and Tears/4_Amy_portrait_130120241138.jpg	615171	2024-01-31T20:26:07Z	dataless,compressed	no	creative_archive_or_active_embed
Portfolio assets/z_archive/Whims/OC/Rain and Tears/5_Amy_portrait_130120241371.jpg	622031	2024-01-31T20:26:07Z	dataless,compressed	no	creative_archive_or_active_embed
Portfolio assets/z_archive/Whims/OC/Rain and Tears/7_Amy_portrait_130120241954.jpg	414521	2024-01-31T20:26:09Z	dataless,compressed	no	creative_archive_or_active_embed
Portfolio assets/z_archive/Whims/OC/Rain and Tears/8_Amy_portrait_130120241636.jpg	498237	2024-01-31T20:26:11Z	dataless,compressed	no	creative_archive_or_active_embed
Portfolio assets/z_archive/Whims/OC/oceament/.DS_Store	6148	2024-04-17T05:26:04Z	hidden	no	creative_archive_or_active_embed
Portfolio assets/z_archive/Whims/OC/oceament/2CF77A52-AA06-4AF2-AF3D-B189B3832948-677-0000009CA5AB5A29.JPG	1003640	2020-11-07T03:02:25Z	dataless,compressed	no	creative_archive_or_active_embed
Portfolio assets/z_archive/Whims/OC/oceament/637578BE-661E-4B80-8703-8168EA19B34A-440-000000AB3E1A7DAC.jpg	431795	2020-08-21T09:49:48Z	dataless,compressed	no	creative_archive_or_active_embed
Portfolio assets/z_archive/Whims/OC/oceament/CleanShot2024-04-15at18.58.10-ezgif.com-optimize.gif	13162242	2024-04-15T23:03:30Z	dataless,compressed	no	creative_archive_or_active_embed
Portfolio assets/z_archive/Whims/OC/oceament/D91D2F05-3F9D-4847-A654-ABC65495B1ED-1407-000000BA63378FCA.jpg	486964	2024-04-15T23:39:21Z	dataless,compressed	no	creative_archive_or_active_embed
Portfolio assets/z_archive/Whims/OC/oceament/Screenshot 2024-04-15 at 18.43.59.png	1625194	2024-04-15T22:44:05Z	dataless,compressed	no	creative_archive_or_active_embed
Portfolio assets/z_archive/Whims/OC/oceament/Screenshot 2024-04-15 at 18.45.42.png	2053136	2024-04-15T22:45:47Z	dataless,compressed	no	creative_archive_or_active_embed
Portfolio assets/z_archive/Whims/OC/oceament/available for all iphone models.jpg	576397	2020-09-23T03:38:25Z	dataless,compressed	no	creative_archive_or_active_embed
Portfolio assets/z_archive/Whims/OC/touchbaes/.DS_Store	6148	2024-04-15T20:07:50Z	hidden	no	creative_archive_or_active_embed
Portfolio assets/z_archive/Whims/OC/touchbaes/BenditoMockup-D-Business_Card-08.jpg	18442392	2022-12-18T17:05:19Z	dataless,compressed	no	creative_archive_or_active_embed
Portfolio assets/z_archive/Whims/OC/touchbaes/BenditoMockup-D-Poster-12_freen.jpg	14663782	2022-12-18T21:45:52Z	dataless,compressed	no	creative_archive_or_active_embed
Portfolio assets/z_archive/Whims/OC/touchbaes/Dec discount_revised-01.jpg	4117416	2024-04-15T20:05:52Z	dataless,compressed	no	creative_archive_or_active_embed
Portfolio assets/z_archive/Whims/OC/touchbaes/MM_Phone_PH-G-10_3000x.jpg	1004748	2022-12-18T22:16:54Z	dataless,compressed	no	creative_archive_or_active_embed
Portfolio assets/z_archive/Whims/OC/touchbaes/ScreenRecording2022-11-09at11.28.06PM-ezgif.com-optimize.gif	15658145	2024-04-15T20:07:56Z	dataless,compressed	no	creative_archive_or_active_embed
Portfolio assets/z_archive/Whims/OC/touchbaes/Wall Poster Mockup.jpg	6375326	2022-12-18T20:59:00Z	dataless,compressed	no	creative_archive_or_active_embed
Portfolio assets/z_archive/Whims/WWW/.DS_Store	6148	2024-04-15T23:19:46Z	hidden	no	creative_archive_or_active_embed
Portfolio assets/z_archive/Whims/WWW/interior/.DS_Store	6148	2024-04-15T23:14:33Z	hidden	no	creative_archive_or_active_embed
Portfolio assets/z_archive/Whims/WWW/interior/6cf4b765c8c272c05ecc958a646f75bc.jpg	71983	2024-04-15T23:10:49Z	dataless,compressed	no	creative_archive_or_active_embed
Portfolio assets/z_archive/Whims/WWW/interior/7699e236031e09c07b0e44296512eba1.jpg	36971	2024-04-15T23:10:05Z	dataless,compressed	no	creative_archive_or_active_embed
Portfolio assets/z_archive/Whims/WWW/interior/9bdb083af0b003d350cd8abf4bd5a774.jpg	81441	2024-04-15T23:14:01Z	dataless,compressed	no	creative_archive_or_active_embed
Portfolio assets/z_archive/Whims/WWW/interior/a915d65a54db4e96fcda48c9aaac8b9e.jpg	73955	2024-04-15T23:11:23Z	dataless,compressed	no	creative_archive_or_active_embed
Portfolio assets/z_archive/Whims/WWW/interior/d5b4d3043416c6ed2831043624d8a6a6.jpg	58602	2024-04-15T23:09:50Z	dataless,compressed	no	creative_archive_or_active_embed
Portfolio assets/z_archive/Whims/WWW/interior/fa0ec0201b3ed364adb5c5834d7c164b.jpg	84545	2024-04-15T23:10:12Z	dataless,compressed	no	creative_archive_or_active_embed
README.md	500	2026-07-20T21:38:05Z	dataless,compressed	yes	project_support
VERSIONING.md	4687	2026-07-20T21:49:51Z	-	yes	project_support
Working Files/Hotel Technology Report_Individual Pages/Asset 2.png	943196	2026-07-08T22:25:15Z	dataless,compressed	no	project_support
Working Files/Hotel Technology Report_Individual Pages/Asset 3.png	582776	2026-07-08T22:25:15Z	dataless,compressed	no	project_support
Working Files/Hotel Technology Report_Individual Pages/Asset 4.png	809096	2026-07-08T22:25:15Z	dataless,compressed	no	project_support
Working Files/Hotel Technology Report_Individual Pages/Asset 5.png	619240	2026-07-08T22:25:15Z	dataless,compressed	no	project_support
Working Files/Hotel Technology Report_Individual Pages/Asset 6.png	711614	2026-07-08T22:25:15Z	dataless,compressed	no	project_support
Working Files/Hotel Technology Report_Individual Pages/Asset 7.png	403063	2026-07-08T22:25:16Z	dataless,compressed	no	project_support
Working Files/Hotel Technology Report_Individual Pages/Asset 8.png	381591	2026-07-08T22:25:16Z	dataless,compressed	no	project_support
Working Files/XTM_Hotel Report.prproj	22115	2026-07-08T22:37:50Z	dataless,compressed	no	project_support
cargo/.DS_Store	6148	2026-07-08T14:47:03Z	hidden	no	cargo_working_tree
cargo/.playwright-cli/console-2026-07-11T14-23-05-138Z.log	143	2026-07-11T14:23:05Z	dataless,compressed,hidden	no	generated_or_test_residue
cargo/.playwright-cli/console-2026-07-11T14-37-50-951Z.log	835	2026-07-11T14:38:59Z	dataless,compressed,hidden	no	generated_or_test_residue
cargo/.playwright-cli/console-2026-07-12T05-39-02-018Z.log	5467	2026-07-12T05:44:29Z	dataless,compressed,hidden	no	generated_or_test_residue
cargo/.playwright-cli/console-2026-07-12T05-40-29-668Z.log	853	2026-07-12T05:42:45Z	dataless,compressed,hidden	no	generated_or_test_residue
cargo/.playwright-cli/console-2026-07-12T05-45-59-466Z.log	335	2026-07-12T05:46:00Z	dataless,compressed,hidden	no	generated_or_test_residue
cargo/.playwright-cli/console-2026-07-12T13-57-55-598Z.log	335	2026-07-12T13:57:58Z	dataless,compressed,hidden	no	generated_or_test_residue
cargo/.playwright-cli/console-2026-07-12T13-58-05-456Z.log	246	2026-07-12T13:58:11Z	dataless,compressed,hidden	no	generated_or_test_residue
cargo/.playwright-cli/console-2026-07-13T13-18-34-862Z.log	8111	2026-07-13T15:52:13Z	dataless,compressed,hidden	no	generated_or_test_residue
cargo/.playwright-cli/page-2026-07-11T14-23-05-333Z.yml	4230	2026-07-11T14:23:05Z	dataless,compressed,hidden	no	generated_or_test_residue
cargo/.playwright-cli/page-2026-07-11T14-25-31-471Z.yml	4447	2026-07-11T14:25:31Z	dataless,compressed,hidden	no	generated_or_test_residue
cargo/.playwright-cli/page-2026-07-11T14-26-04-738Z.yml	4447	2026-07-11T14:26:04Z	dataless,compressed,hidden	no	generated_or_test_residue
cargo/.playwright-cli/page-2026-07-11T14-28-22-541Z.yml	3469	2026-07-11T14:28:22Z	dataless,compressed,hidden	no	generated_or_test_residue
cargo/.playwright-cli/page-2026-07-11T14-28-34-561Z.png	53424	2026-07-11T14:28:34Z	dataless,compressed,hidden	no	generated_or_test_residue
cargo/.playwright-cli/page-2026-07-11T14-28-35-511Z.png	215046	2026-07-11T14:28:35Z	dataless,compressed,hidden	no	generated_or_test_residue
cargo/.playwright-cli/page-2026-07-11T14-28-36-567Z.png	175964	2026-07-11T14:28:36Z	dataless,compressed,hidden	no	generated_or_test_residue
cargo/.playwright-cli/page-2026-07-11T14-28-37-593Z.png	187578	2026-07-11T14:28:37Z	dataless,compressed,hidden	no	generated_or_test_residue
cargo/.playwright-cli/page-2026-07-11T14-28-38-696Z.png	371640	2026-07-11T14:28:38Z	dataless,compressed,hidden	no	generated_or_test_residue
cargo/.playwright-cli/page-2026-07-11T14-30-27-354Z.yml	3469	2026-07-11T14:30:27Z	dataless,compressed,hidden	no	generated_or_test_residue
cargo/.playwright-cli/page-2026-07-11T14-37-52-339Z.yml	8897	2026-07-11T14:37:52Z	dataless,compressed,hidden	no	generated_or_test_residue
cargo/.playwright-cli/page-2026-07-11T14-39-00-337Z.yml	8807	2026-07-11T14:39:00Z	dataless,compressed,hidden	no	generated_or_test_residue
cargo/.playwright-cli/page-2026-07-12T05-39-02-557Z.yml	9641	2026-07-12T05:39:02Z	dataless,compressed,hidden	no	generated_or_test_residue
cargo/.playwright-cli/page-2026-07-12T05-39-12-163Z.yml	9871	2026-07-12T05:39:12Z	dataless,compressed,hidden	no	generated_or_test_residue
cargo/.playwright-cli/page-2026-07-12T05-39-29-977Z.yml	9014	2026-07-12T05:39:29Z	dataless,compressed,hidden	no	generated_or_test_residue
cargo/.playwright-cli/page-2026-07-12T05-40-06-164Z.yml	9987	2026-07-12T05:40:06Z	dataless,compressed,hidden	no	generated_or_test_residue
cargo/.playwright-cli/page-2026-07-12T05-40-29-763Z.yml	57	2026-07-12T05:40:29Z	dataless,compressed,hidden	no	generated_or_test_residue
cargo/.playwright-cli/page-2026-07-12T05-42-13-956Z.yml	59	2026-07-12T05:42:13Z	dataless,compressed,hidden	no	generated_or_test_residue
cargo/.playwright-cli/page-2026-07-12T05-42-45-108Z.yml	59	2026-07-12T05:42:45Z	dataless,compressed,hidden	no	generated_or_test_residue
cargo/.playwright-cli/page-2026-07-12T05-43-36-276Z.yml	59	2026-07-12T05:43:36Z	dataless,compressed,hidden	no	generated_or_test_residue
cargo/.playwright-cli/page-2026-07-12T05-45-59-645Z.yml	9944	2026-07-12T05:45:59Z	dataless,compressed,hidden	no	generated_or_test_residue
cargo/.playwright-cli/page-2026-07-12T05-46-28-735Z.yml	35	2026-07-12T05:46:28Z	dataless,compressed,hidden	no	generated_or_test_residue
cargo/.playwright-cli/page-2026-07-12T05-47-13-334Z.yml	17	2026-07-12T05:47:13Z	dataless,compressed,hidden	no	generated_or_test_residue
cargo/.playwright-cli/page-2026-07-13T13-18-36-051Z.yml	9871	2026-07-13T13:18:36Z	dataless,compressed,hidden	no	generated_or_test_residue
cargo/.playwright-cli/page-2026-07-13T13-20-57-277Z.yml	9213	2026-07-13T13:20:57Z	dataless,compressed,hidden	no	generated_or_test_residue
cargo/.playwright-cli/page-2026-07-13T13-21-49-842Z.png	109783	2026-07-13T13:21:49Z	dataless,compressed,hidden	no	generated_or_test_residue
cargo/.playwright-cli/page-2026-07-13T13-22-02-581Z.png	55746	2026-07-13T13:22:02Z	dataless,compressed,hidden	no	generated_or_test_residue
cargo/DEPLOY.md	291397	2026-07-20T18:42:41Z	-	yes	cargo_working_tree
cargo/GAME-VIDEO-STATUS.md	4361	2026-07-07T14:14:58Z	-	yes	cargo_working_tree
cargo/GOLD-BASELINE.md	4506	2026-07-16T15:51:32Z	-	yes	cargo_working_tree
cargo/PLAYBOOK.md	40246	2026-07-20T18:08:14Z	-	yes	cargo_working_tree
cargo/__pycache__/upload-cargo-assets.cpython-312.pyc	5338	2026-07-14T20:44:45Z	dataless,compressed	no	generated_or_test_residue
cargo/assemble-named-pages.sh	221	2026-07-14T17:55:31Z	-	yes	cargo_working_tree
cargo/assemble-pages.py	7438	2026-07-14T18:47:34Z	-	yes	cargo_working_tree
cargo/assemble-test.sh	1229	2026-07-14T18:43:16Z	-	yes	cargo_working_tree
cargo/assets/eviive-1.jpg	175930	2026-07-06T12:07:28Z	-	yes	cargo_working_tree
cargo/assets/eviive-2.jpg	118730	2026-07-06T12:07:28Z	-	yes	cargo_working_tree
cargo/assets/eviive-3.jpg	1207007	2026-07-06T12:07:28Z	-	yes	cargo_working_tree
cargo/assets/eviive-4.jpg	95259	2026-07-06T12:07:28Z	-	yes	cargo_working_tree
cargo/assets/eviive-5.jpg	477744	2026-07-06T12:07:28Z	-	yes	cargo_working_tree
cargo/assets/eviive-6.jpg	294789	2026-07-06T12:07:28Z	-	yes	cargo_working_tree
cargo/assets/eviive-7.jpg	57836	2026-07-06T12:07:28Z	-	yes	cargo_working_tree
cargo/assets/montran-map-v3.png	251326	2026-07-10T05:13:25Z	-	yes	cargo_working_tree
cargo/assets/montran-map-v4.png	252377	2026-07-10T06:02:17Z	-	yes	cargo_working_tree
cargo/assets/raw1.png	477563	2026-07-10T06:00:44Z	-	yes	cargo_working_tree
cargo/assets/raw2.png	62021	2026-07-10T06:00:44Z	-	yes	cargo_working_tree
cargo/build-motion-posters.sh	1830	2026-07-12T20:50:49Z	-	yes	cargo_working_tree
cargo/compose-css-bundle.sh	1276	2026-07-14T03:40:08Z	-	yes	cargo_working_tree
cargo/compose-persisted-css.py	1981	2026-07-14T18:19:03Z	-	yes	cargo_working_tree
cargo/extract-alpha-poster.swift	1743	2026-07-12T20:55:04Z	-	yes	cargo_working_tree
cargo/gold/round-69/GOLD-BASELINE.md	4506	2026-07-16T15:51:32Z	dataless,compressed	yes	cargo_working_tree
cargo/gold/round-69/assemble-named-pages.sh	221	2026-07-14T17:55:31Z	dataless,compressed	yes	cargo_working_tree
cargo/gold/round-69/assemble-pages.py	7438	2026-07-14T18:47:34Z	dataless,compressed	yes	cargo_working_tree
cargo/gold/round-69/assemble-test.sh	1229	2026-07-14T18:43:16Z	dataless,compressed	yes	cargo_working_tree
cargo/gold/round-69/compose-css-bundle.sh	1276	2026-07-14T03:40:08Z	dataless,compressed	yes	cargo_working_tree
cargo/gold/round-69/home-extras.html	7817	2026-07-16T00:22:20Z	dataless,compressed	yes	cargo_working_tree
cargo/gold/round-69/home.template.html	52811	2026-07-16T07:21:03Z	dataless,compressed	yes	cargo_working_tree
cargo/gold/round-69/panel.js	32696	2026-07-16T07:58:51Z	dataless,compressed	yes	cargo_working_tree
cargo/gold/round-69/shared-compact-nav.html	57	2026-07-14T17:53:14Z	dataless,compressed	yes	cargo_working_tree
cargo/gold/round-69/shared-desktop-clock.html	62	2026-07-14T18:40:57Z	dataless,compressed	yes	cargo_working_tree
cargo/gold/round-69/shared-desktop-nav.html	132	2026-07-14T18:41:13Z	dataless,compressed	yes	cargo_working_tree
cargo/gold/round-69/shared-early-init.html	15723	2026-07-16T07:20:45Z	dataless,compressed	yes	cargo_working_tree
cargo/gold/round-69/shared-mobile-header.html	583	2026-07-14T17:53:14Z	dataless,compressed	yes	cargo_working_tree
cargo/gold/round-69/shared-nav-items.html	331	2026-07-14T17:53:14Z	dataless,compressed	yes	cargo_working_tree
cargo/gold/round-69/shared-panel.html	2683	2026-07-15T04:53:14Z	dataless,compressed	yes	cargo_working_tree
cargo/gold/round-69/site-head.html	1310	2026-07-15T12:49:15Z	dataless,compressed	yes	cargo_working_tree
cargo/gold/round-69/site.css	63809	2026-07-16T07:26:43Z	dataless,compressed	yes	cargo_working_tree
cargo/gold/round-69/test.html	189370	2026-07-16T14:11:01Z	dataless,compressed	yes	cargo_working_tree
cargo/gold/round-69/tokens.css	12333	2026-07-14T23:31:08Z	dataless,compressed	yes	cargo_working_tree
cargo/gold/round-69/validate-cargo-payload.sh	5167	2026-07-14T18:19:03Z	dataless,compressed	yes	cargo_working_tree
cargo/gold/round-69/validate-shared-components.py	5127	2026-07-15T04:53:14Z	dataless,compressed	yes	cargo_working_tree
cargo/gold/round-69/validate-test-mirrors.py	1891	2026-07-14T18:45:24Z	dataless,compressed	yes	cargo_working_tree
cargo/gold/round-69/who-intro.html	319	2026-07-14T17:53:14Z	dataless,compressed	yes	cargo_working_tree
cargo/gold/round-69/who-test.html	132399	2026-07-16T14:11:01Z	dataless,compressed	yes	cargo_working_tree
cargo/gold/round-69/who.template.html	3040	2026-07-14T18:41:13Z	dataless,compressed	yes	cargo_working_tree
cargo/gold/round-69/write-test.html	131842	2026-07-16T14:11:01Z	dataless,compressed	yes	cargo_working_tree
cargo/gold/round-69/write.template.html	3075	2026-07-14T18:41:13Z	dataless,compressed	yes	cargo_working_tree
cargo/home 2.html	108059	2026-07-15T16:44:18Z	dataless,compressed	no	cargo_working_tree
cargo/home-extras.html	8026	2026-07-16T23:20:01Z	-	yes	cargo_working_tree
cargo/home.html	125655	2026-07-20T18:45:12Z	-	yes	cargo_working_tree
cargo/home.template.html	52887	2026-07-20T15:07:38Z	-	yes	cargo_working_tree
cargo/index.html	21507	2026-07-06T04:55:56Z	-	yes	cargo_working_tree
cargo/panel.js	45079	2026-07-20T18:14:21Z	-	yes	cargo_working_tree
cargo/shared-compact-nav.html	57	2026-07-14T17:53:14Z	-	yes	cargo_working_tree
cargo/shared-desktop-clock.html	62	2026-07-14T18:40:57Z	-	yes	cargo_working_tree
cargo/shared-desktop-nav.html	160	2026-07-16T16:20:40Z	-	yes	cargo_working_tree
cargo/shared-early-init.html	15723	2026-07-16T07:20:45Z	-	yes	cargo_working_tree
cargo/shared-mobile-header.html	609	2026-07-16T16:20:40Z	-	yes	cargo_working_tree
cargo/shared-nav-items.html	331	2026-07-14T17:53:14Z	-	yes	cargo_working_tree
cargo/shared-panel.html	2683	2026-07-15T04:53:14Z	-	yes	cargo_working_tree
cargo/site-head.html	1880	2026-07-20T18:36:19Z	-	yes	cargo_working_tree
cargo/site.css	66224	2026-07-20T14:27:26Z	-	yes	cargo_working_tree
cargo/test.html	204559	2026-07-20T18:45:00Z	-	yes	cargo_working_tree
cargo/tokens.css	12385	2026-07-20T12:27:05Z	-	yes	cargo_working_tree
cargo/upload-cargo-assets.py	3352	2026-07-12T21:23:16Z	-	yes	cargo_working_tree
cargo/validate-cargo-payload.sh	5167	2026-07-14T18:19:03Z	-	yes	cargo_working_tree
cargo/validate-shared-components.py	5127	2026-07-15T04:53:14Z	-	yes	cargo_working_tree
cargo/validate-test-mirrors.py	1891	2026-07-14T18:45:24Z	-	yes	cargo_working_tree
cargo/variant-black.html	21507	2026-07-06T04:55:56Z	dataless,compressed	no	cargo_working_tree
cargo/variant-gothic.html	21508	2026-07-06T04:55:56Z	dataless,compressed	no	cargo_working_tree
cargo/variant-navy.html	21506	2026-07-06T04:55:56Z	dataless,compressed	no	cargo_working_tree
cargo/variant-oval.html	21503	2026-07-06T04:55:56Z	dataless,compressed	no	cargo_working_tree
cargo/variant-sans.html	21506	2026-07-06T04:55:56Z	dataless,compressed	no	cargo_working_tree
cargo/variant-xl.html	21508	2026-07-06T04:55:56Z	dataless,compressed	no	cargo_working_tree
cargo/variant-yellow.html	21508	2026-07-06T04:55:56Z	dataless,compressed	no	cargo_working_tree
cargo/who 2.html	51647	2026-07-15T16:44:18Z	dataless,compressed	no	cargo_working_tree
cargo/who-intro.html	319	2026-07-14T17:53:14Z	-	yes	cargo_working_tree
cargo/who-test.html	147303	2026-07-20T18:45:02Z	-	yes	cargo_working_tree
cargo/who.html	68399	2026-07-20T18:45:12Z	-	yes	cargo_working_tree
cargo/who.template.html	3040	2026-07-14T18:41:13Z	-	yes	cargo_working_tree
cargo/write 2.html	51090	2026-07-15T16:44:18Z	dataless,compressed	no	cargo_working_tree
cargo/write-test.html	146808	2026-07-20T18:45:13Z	-	yes	cargo_working_tree
cargo/write.html	67904	2026-07-20T18:45:12Z	-	yes	cargo_working_tree
cargo/write.template.html	3137	2026-07-16T16:20:40Z	-	yes	cargo_working_tree
docs/plans/2026-07-10-cargo-round13.md	10824	2026-07-10T23:07:38Z	dataless,compressed	yes	project_support
docs/plans/2026-07-10-cargo-round15.md	6108	2026-07-11T04:17:48Z	dataless,compressed	yes	project_support
docs/plans/2026-07-10-type-scale-v2.md	9519	2026-07-10T05:56:23Z	dataless,compressed	yes	project_support
docs/plans/2026-07-11-horizontal-scroll-rebuild.md	1617	2026-07-11T05:29:30Z	dataless,compressed	yes	project_support
docs/plans/2026-07-11-montran-direct-pdf-v9.md	1161	2026-07-11T05:47:03Z	dataless,compressed	yes	project_support
docs/plans/2026-07-12-mobile-panel-bounds-typography.md	2722	2026-07-12T16:04:34Z	dataless,compressed	yes	project_support
docs/plans/2026-07-13-mobile-type-system-panel-full-bleed.md	2607	2026-07-13T13:41:28Z	dataless,compressed	yes	project_support
docs/versioning/ROUND-69-SCOPE.md	935	2026-07-20T20:57:39Z	-	yes	project_support
docs/versioning/ROUND-80-STABLE.md	2010	2026-07-20T20:56:32Z	dataless,compressed	yes	project_support
output/playwright/kelly-320-sans-xl-fixed.png	69678	2026-07-15T04:06:25Z	dataless,compressed	no	generated_or_test_residue
output/playwright/kelly-public-webkit-xl.png	240090	2026-07-15T03:45:47Z	dataless,compressed	no	generated_or_test_residue
output/playwright/kelly-webkit-xl-before.png	250833	2026-07-15T03:44:32Z	dataless,compressed	no	generated_or_test_residue
output/playwright/live-home-full-desktop.png	1214251	2026-07-20T13:31:41Z	dataless,compressed	no	generated_or_test_residue
output/playwright/montran-clean-repro/.playwright-cli/console-2026-07-20T14-45-45-777Z.log	2851	2026-07-20T14:45:47Z	dataless,compressed,hidden	no	generated_or_test_residue
output/playwright/montran-clean-repro/.playwright-cli/console-2026-07-20T14-46-49-596Z.log	3996	2026-07-20T14:46:51Z	dataless,compressed,hidden	no	generated_or_test_residue
output/playwright/montran-clean-repro/.playwright-cli/console-2026-07-20T14-50-29-400Z.log	945	2026-07-20T14:50:30Z	dataless,compressed,hidden	no	generated_or_test_residue
output/playwright/montran-clean-repro/.playwright-cli/console-2026-07-20T14-51-11-685Z.log	945	2026-07-20T14:51:12Z	dataless,compressed,hidden	no	generated_or_test_residue
output/playwright/montran-clean-repro/.playwright-cli/console-2026-07-20T14-51-37-492Z.log	945	2026-07-20T14:52:10Z	dataless,compressed,hidden	no	generated_or_test_residue
output/playwright/montran-clean-repro/.playwright-cli/page-2026-07-20T14-43-53-410Z.yml	57	2026-07-20T14:43:53Z	dataless,compressed,hidden	no	generated_or_test_residue
output/playwright/montran-clean-repro/.playwright-cli/page-2026-07-20T14-44-51-686Z.png	501734	2026-07-20T14:44:51Z	dataless,compressed,hidden	no	generated_or_test_residue
output/playwright/montran-clean-repro/.playwright-cli/page-2026-07-20T14-45-46-853Z.yml	11168	2026-07-20T14:45:46Z	dataless,compressed,hidden	no	generated_or_test_residue
output/playwright/montran-clean-repro/.playwright-cli/page-2026-07-20T14-46-50-469Z.yml	11168	2026-07-20T14:46:50Z	dataless,compressed,hidden	no	generated_or_test_residue
output/playwright/montran-clean-repro/.playwright-cli/page-2026-07-20T14-49-15-075Z.yml	0	2026-07-20T14:49:15Z	dataless,compressed,hidden	no	generated_or_test_residue
output/playwright/montran-clean-repro/.playwright-cli/page-2026-07-20T14-50-29-446Z.yml	0	2026-07-20T14:50:29Z	dataless,compressed,hidden	no	generated_or_test_residue
output/playwright/montran-clean-repro/.playwright-cli/page-2026-07-20T14-50-55-770Z.png	326188	2026-07-20T14:50:55Z	dataless,compressed,hidden	no	generated_or_test_residue
output/playwright/montran-clean-repro/.playwright-cli/page-2026-07-20T14-51-11-739Z.yml	0	2026-07-20T14:51:11Z	dataless,compressed,hidden	no	generated_or_test_residue
output/playwright/montran-clean-repro/.playwright-cli/page-2026-07-20T14-51-37-536Z.yml	0	2026-07-20T14:51:37Z	dataless,compressed,hidden	no	generated_or_test_residue
output/playwright/panel-short-landscape-settled.png	34791	2026-07-12T16:10:44Z	dataless,compressed	no	generated_or_test_residue
output/playwright/panel-short-landscape.png	31140	2026-07-12T16:08:43Z	dataless,compressed	no	generated_or_test_residue
output/playwright/panel-wide-compact-settled.png	363992	2026-07-12T16:10:41Z	dataless,compressed	no	generated_or_test_residue
output/playwright/panel-wide-compact.png	460711	2026-07-12T16:08:43Z	dataless,compressed	no	generated_or_test_residue
output/playwright/purelove-scrubber-jump-immediate-webkit.png	1358339	2026-07-20T13:36:33Z	dataless,compressed	no	generated_or_test_residue
output/playwright/purelove-scrubber-jump-settled-webkit.png	1455784	2026-07-20T13:36:34Z	dataless,compressed	no	generated_or_test_residue
output/playwright/responsive-51-compact-xl.png	212778	2026-07-14T00:00:11Z	dataless,compressed	no	generated_or_test_residue
output/playwright/responsive-51-inline-plus.png	106053	2026-07-14T00:00:29Z	dataless,compressed	no	generated_or_test_residue
output/playwright/round-80-baseline/home-desktop-1440x900.png	385705	2026-07-20T22:26:00Z	dataless,compressed	no	generated_or_test_residue
output/playwright/round-80-baseline/home-mobile-390x844.png	136923	2026-07-20T22:26:26Z	dataless,compressed	no	generated_or_test_residue
output/playwright/round-80-baseline/who-desktop-1440x900.png	262763	2026-07-20T22:26:38Z	dataless,compressed	no	generated_or_test_residue
output/playwright/round-80-baseline/who-mobile-390x844.png	92075	2026-07-20T22:26:40Z	dataless,compressed	no	generated_or_test_residue
output/playwright/round-80-baseline/write-desktop-1440x900.png	130030	2026-07-20T22:26:32Z	dataless,compressed	no	generated_or_test_residue
output/playwright/round-80-baseline/write-mobile-390x844.png	54660	2026-07-20T22:26:34Z	dataless,compressed	no	generated_or_test_residue
output/playwright/round65-startup-cut.png	271353	2026-07-15T19:14:45Z	dataless,compressed	no	generated_or_test_residue
output/playwright/touchbaes-live-current.png	131533	2026-07-16T00:05:56Z	dataless,compressed	no	generated_or_test_residue
output/playwright/write-1440-body-role.png	139871	2026-07-15T03:34:09Z	dataless,compressed	no	generated_or_test_residue
output/playwright/write-390-body-role.png	53511	2026-07-15T03:34:10Z	dataless,compressed	no	generated_or_test_residue
tools/figma-restore-times-new-roman/code.js	1898	2026-07-14T18:37:08Z	dataless,compressed	yes	project_support
tools/figma-restore-times-new-roman/manifest.json	252	2026-07-14T18:37:08Z	dataless,compressed	yes	project_support
work/montran-direct-pdf-v10-src/assets/montran_sustainability-report_2025_v4-web.pdf	13634937	2026-07-11T05:51:41Z	-	no	embedded_working_tree
work/montran-direct-pdf-v10-src/booklet-bundle.html	2368580	2026-07-11T05:51:41Z	-	no	embedded_working_tree
work/montran-direct-pdf-v10-src/booklet.config.json	4875	2026-07-11T05:52:13Z	-	yes	embedded_working_tree
work/montran-direct-pdf-v10-src/build-bundle.py	2758	2026-07-11T05:52:13Z	-	yes	embedded_working_tree
work/montran-direct-pdf-v10-src/cargo-embed.html	453	2026-07-11T05:51:41Z	-	yes	embedded_working_tree
work/montran-direct-pdf-v10-src/index.html	41529	2026-07-11T06:11:32Z	-	yes	embedded_working_tree
work/montran-direct-pdf-v10-src/loading-poster.jpg	97671	2026-07-11T05:51:41Z	-	yes	embedded_working_tree
work/montran-direct-pdf-v10-src/montran-booklet-bundle.html	1926763	2026-07-11T06:11:42Z	-	no	embedded_working_tree
work/montran-direct-pdf-v10-src/montran-booklet-direct-pdf-v10.html	1929619	2026-07-11T05:52:23Z	-	no	embedded_working_tree
work/montran-direct-pdf-v10-src/montran-booklet-direct-pdf-v11.html	1926763	2026-07-11T06:11:42Z	-	no	embedded_working_tree
work/montran-direct-pdf-v10-src/montran-booklet-direct-pdf-v12.html	1931858	2026-07-11T20:47:36Z	-	no	embedded_working_tree
work/montran-direct-pdf-v10-src/montran-booklet-direct-pdf-v14.html	1936683	2026-07-13T02:50:48Z	-	no	embedded_working_tree
work/montran-direct-pdf-v10-src/montran-booklet-direct-pdf-v16.html	1937766	2026-07-13T04:51:18Z	-	no	embedded_working_tree
work/montran-direct-pdf-v10-src/montran-booklet-direct-pdf-v17.html	1936356	2026-07-14T20:30:16Z	-	no	embedded_working_tree
work/montran-direct-pdf-v10-src/montran-booklet-direct-pdf-v9.html	2368580	2026-07-11T05:51:41Z	-	no	embedded_working_tree
work/montran-direct-pdf-v10-src/rendered/cover-01.png	341899	2026-07-11T05:51:41Z	-	no	embedded_working_tree
work/montran-direct-pdf-v10-src/rendered/page20-20.png	553681	2026-07-11T05:51:41Z	-	no	embedded_working_tree
work/montran-direct-pdf-v10-src/vendor/page-flip.browser.js	44058	2026-07-11T05:51:41Z	-	yes	embedded_working_tree
work/montran-direct-pdf-v10-src/vendor/pdf.min.mjs	452296	2026-07-11T05:51:41Z	-	yes	embedded_working_tree
work/montran-direct-pdf-v10-src/vendor/pdf.worker.min.mjs	1255067	2026-07-11T05:51:41Z	-	yes	embedded_working_tree
work/montran-flippable-v2/assets/montran_sustainability-report_2025_v4-web.pdf	13634937	2026-07-11T09:30:18Z	dataless,compressed	no	embedded_working_tree
work/montran-flippable-v2/booklet-bundle.html	2368580	2026-07-11T09:30:18Z	dataless,compressed	no	embedded_working_tree
work/montran-flippable-v2/booklet.config.json	4805	2026-07-11T09:30:18Z	dataless,compressed	no	embedded_working_tree
work/montran-flippable-v2/cargo-embed.html	453	2026-07-11T09:30:18Z	dataless,compressed	no	embedded_working_tree
work/montran-flippable-v2/index.html	44279	2026-07-11T09:30:18Z	dataless,compressed	no	embedded_working_tree
work/montran-flippable-v2/montran-booklet-direct-pdf-v9.html	2368580	2026-07-11T05:38:58Z	dataless,compressed	no	embedded_working_tree
work/montran-flippable-v2/rendered/cover-01.png	341899	2026-07-11T05:33:50Z	dataless,compressed	no	embedded_working_tree
work/montran-flippable-v2/rendered/page20-20.png	553681	2026-07-11T05:33:51Z	dataless,compressed	no	embedded_working_tree
work/montran-flippable-v2/vendor/page-flip.browser.js	44058	2026-07-11T09:30:18Z	dataless,compressed	no	embedded_working_tree
work/montran-flippable-v2/vendor/pdf.min.mjs	452296	2026-07-11T09:30:18Z	dataless,compressed	no	embedded_working_tree
work/montran-flippable-v2/vendor/pdf.worker.min.mjs	1255067	2026-07-11T09:30:18Z	dataless,compressed	no	embedded_working_tree
work/round19/loop-last-source	2210047	2026-07-11T18:18:32Z	dataless,compressed	no	embedded_working_tree
work/round19/loop-sequence-last-retina.jpg	479961	2026-07-11T18:25:12Z	dataless,compressed	no	embedded_working_tree
work/round19/montran-2-figma-source	17501561	2026-07-11T18:18:32Z	dataless,compressed	no	embedded_working_tree
work/round19/montran-sequence-2-retina-resized.png	8337549	2026-07-11T18:25:12Z	dataless,compressed	no	embedded_working_tree
work/round19/montran-sequence-2-retina.jpg	1396152	2026-07-11T18:25:12Z	dataless,compressed	no	embedded_working_tree
work/round19/montran-sequence-2-retina.png	32423733	2026-07-11T18:25:12Z	dataless,compressed	no	embedded_working_tree
work/round19/touchbaes-live-v3.html	919	2026-07-11T18:23:42Z	dataless,compressed	no	embedded_working_tree
work/round19/touchbaes-sticker-game-v4.html	41536	2026-07-11T18:25:12Z	dataless,compressed	no	embedded_working_tree
work/round19/touchbaes-sticker-game-v5.html	42278	2026-07-11T18:34:57Z	dataless,compressed	no	embedded_working_tree
work/round21/mms-tweezer-overlay-v2.js	3328	2026-07-11T20:01:34Z	dataless,compressed	no	embedded_working_tree
work/round21/touchbaes-sticker-game-v6.html	43756	2026-07-11T20:01:05Z	dataless,compressed	no	embedded_working_tree
work/round21/touchbaes-v6-harness.html	1835	2026-07-11T20:02:48Z	dataless,compressed	no	embedded_working_tree
