record_id,record_type,page,owning_showcase,media_id,source_file,cargo_freight_url,canonical_base_url,url_evidence,freight_id,filename,rendition,rendition_width_request_px,natural_width_px,natural_height_px,design_width_1440_css_px,design_height_1440_css_px,rendered_max_width_css_px,rendered_max_height_css_px,dpr_coverage,format,mime_type,transparency,poster_fallback,loading_priority,referenced,referenced_by,source_provenance_evidence,source_provenance_confidence,delivery_evidence_source,delivery_evidence_confidence,notes
e21d16a721ea10e25e12,email-link,home,site-shell,,cargo/home.html,"mailto:ocean@mmmmm.studio,alvis@mmmmm.studio","mailto:ocean@mmmmm.studio,alvis@mmmmm.studio",observed verbatim in the frozen Cargo draft bodycopy,,"ocean@mmmmm.studio,alvis@mmmmm.studio",not applicable,,unknown,unknown,unknown,unknown,unknown,unknown,unknown,URI,not applicable,not applicable,not applicable,user navigation,true,home:a[href],exact canonical path captured in docs/audits/2026-07-20T175853-0400-round-80/local/source-manifest.tsv; delivered bodycopy in docs/audits/2026-07-20T175853-0400-round-80/cargo-draft/home.bodycopy.html,medium,docs/audits/2026-07-20T175853-0400-round-80/cargo-draft/home.bodycopy.html,high,
1d31e70f224bbe76121f,email-link,who,site-shell,,cargo/who.html,mailto:alvis@mmmmm.studio,mailto:alvis@mmmmm.studio,observed verbatim in the frozen Cargo draft bodycopy,,alvis@mmmmm.studio,not applicable,,unknown,unknown,unknown,unknown,unknown,unknown,unknown,URI,not applicable,not applicable,not applicable,user navigation,true,who:a[href],exact canonical path captured in docs/audits/2026-07-20T175853-0400-round-80/local/source-manifest.tsv; delivered bodycopy in docs/audits/2026-07-20T175853-0400-round-80/cargo-draft/who.bodycopy.html,medium,docs/audits/2026-07-20T175853-0400-round-80/cargo-draft/who.bodycopy.html,high,
291c0a8f296847509b13,email-link,who,site-shell,,cargo/who.html,mailto:ocean@mmmmm.studio,mailto:ocean@mmmmm.studio,observed verbatim in the frozen Cargo draft bodycopy,,ocean@mmmmm.studio,not applicable,,unknown,unknown,unknown,unknown,unknown,unknown,unknown,URI,not applicable,not applicable,not applicable,user navigation,true,who:a[href],exact canonical path captured in docs/audits/2026-07-20T175853-0400-round-80/local/source-manifest.tsv; delivered bodycopy in docs/audits/2026-07-20T175853-0400-round-80/cargo-draft/who.bodycopy.html,medium,docs/audits/2026-07-20T175853-0400-round-80/cargo-draft/who.bodycopy.html,high,
089d20eb8785dabf1ab4,email-link,who,site-shell,,cargo/who.html,"mailto:ocean@mmmmm.studio,alvis@mmmmm.studio","mailto:ocean@mmmmm.studio,alvis@mmmmm.studio",observed verbatim in the frozen Cargo draft bodycopy,,"ocean@mmmmm.studio,alvis@mmmmm.studio",not applicable,,unknown,unknown,unknown,unknown,unknown,unknown,unknown,URI,not applicable,not applicable,not applicable,user navigation,true,who:a[href],exact canonical path captured in docs/audits/2026-07-20T175853-0400-round-80/local/source-manifest.tsv; delivered bodycopy in docs/audits/2026-07-20T175853-0400-round-80/cargo-draft/who.bodycopy.html,medium,docs/audits/2026-07-20T175853-0400-round-80/cargo-draft/who.bodycopy.html,high,
0889ab1fb6c019f9eb73,email-link,write,site-shell,,cargo/write.html,"mailto:ocean@mmmmm.studio,alvis@mmmmm.studio","mailto:ocean@mmmmm.studio,alvis@mmmmm.studio",observed verbatim in the frozen Cargo draft bodycopy,,"ocean@mmmmm.studio,alvis@mmmmm.studio",not applicable,,unknown,unknown,unknown,unknown,unknown,unknown,unknown,URI,not applicable,not applicable,not applicable,user navigation,true,write:a[href],exact canonical path captured in docs/audits/2026-07-20T175853-0400-round-80/local/source-manifest.tsv; delivered bodycopy in docs/audits/2026-07-20T175853-0400-round-80/cargo-draft/write.bodycopy.html,medium,docs/audits/2026-07-20T175853-0400-round-80/cargo-draft/write.bodycopy.html,high,
c82dc8e544aa9282b00e,embed,home,montran,montran-01,work/montran-direct-pdf-v10-src/montran-booklet-direct-pdf-v17.html,https://freight.cargo.site/m/U3034412351395654863674388559673/montran-booklet-direct-pdf-v17.html?pdf=https%3A%2F%2Ffreight.cargo.site%2Ft%2Foriginal%2Fi%2FP3028590574867085520722012452665%2Fmontran_sustainability-report_2025_v4-web.pdf,https://freight.cargo.site/m/U3034412351395654863674388559673/montran-booklet-direct-pdf-v17.html,observed verbatim in the captured bodycopy dependency table,U3034412351395654863674388559673,montran-booklet-direct-pdf-v17.html,embed,,unknown,unknown,1176,504,2090.656,896,unknown (rendered maximum measured; decoded source size unavailable),html,text/html,not applicable,none,lazy,true,home:iframe[data-src]; home:iframe[data-src]/embed,docs/audits/2026-07-20T175853-0400-round-80/local/embed-manifest.json: embed source path matched remote SHA-256 in frozen Phase 1 evidence,high,docs/audits/2026-07-20T175853-0400-round-80/public/public-bodycopy-dependencies.tsv; docs/audits/2026-07-20T175853-0400-round-80/freight/asset-manifest.csv,high,embed source path matched remote SHA-256 in frozen Phase 1 evidence; rendered maxima imported from audit/assets/rendered-media-measurements.json
1ff8ceb83af97c4de78f,embed,home,touchbaes,touchbaes-05,Portfolio assets/_for cargo deployment/touchbaes/sticker game/touchbaes-sticker-game/touchbaes-sticker-game-v10.html,https://freight.cargo.site/m/E3031754669080377521238157342521/touchbaes-sticker-game-v10.html,https://freight.cargo.site/m/E3031754669080377521238157342521/touchbaes-sticker-game-v10.html,observed verbatim in the captured bodycopy dependency table,E3031754669080377521238157342521,touchbaes-sticker-game-v10.html,embed,,unknown,unknown,unknown,unknown,1457.766,1230,unknown (rendered maximum measured; decoded source size unavailable),html,text/html,not applicable,none,near,true,home:iframe[data-src]; home:iframe[data-src]/embed,docs/audits/2026-07-20T175853-0400-round-80/local/embed-manifest.json: embed source path matched remote SHA-256 in frozen Phase 1 evidence,high,docs/audits/2026-07-20T175853-0400-round-80/public/public-bodycopy-dependencies.tsv; docs/audits/2026-07-20T175853-0400-round-80/freight/asset-manifest.csv,high,embed source path matched remote SHA-256 in frozen Phase 1 evidence; rendered maxima imported from audit/assets/rendered-media-measurements.json
1f65fd342cdfbd8155d0,embed,home,v7,v7-01,Portfolio assets/_for cargo deployment/V7/coffee cup 3d/coffee-cup-bundle.html,https://freight.cargo.site/m/Z3031274916472238420423367767865/coffee-cup-bundle.html,https://freight.cargo.site/m/Z3031274916472238420423367767865/coffee-cup-bundle.html,observed verbatim in the captured bodycopy dependency table,Z3031274916472238420423367767865,coffee-cup-bundle.html,embed,,unknown,unknown,307,307,593.906,593.906,unknown (rendered maximum measured; decoded source size unavailable),html,text/html,not applicable,poster=https://freight.cargo.site/t/original/i/F3031232775678612026122211735353/v7-cup-poster.png,critical,true,home:iframe[data-src]; home:iframe[data-src]/embed,docs/audits/2026-07-20T175853-0400-round-80/local/embed-manifest.json: embed source path matched remote SHA-256 in frozen Phase 1 evidence,high,docs/audits/2026-07-20T175853-0400-round-80/public/public-bodycopy-dependencies.tsv; docs/audits/2026-07-20T175853-0400-round-80/freight/asset-manifest.csv,high,embed source path matched remote SHA-256 in frozen Phase 1 evidence; rendered maxima imported from audit/assets/rendered-media-measurements.json
ebe92f9ced351e4d5507,embed-inline-image,home,v7,v7-01 (inline cup texture),Portfolio assets/_for cargo deployment/V7/coffee cup 3d/assets/cup-wrap.png,inline://Z3031274916472238420423367767865/cup-wrap.png#sha256=1c584551776b366770de2a51c2beaa7a79fcd5c015e40a913ce2cafc23826ecf,inline://Z3031274916472238420423367767865/cup-wrap.png#sha256=1c584551776b366770de2a51c2beaa7a79fcd5c015e40a913ce2cafc23826ecf,SHA-addressed identity for a data URI decoded from the active hashed embed bundle,,cup-wrap.png,inline data URI,,2110,1244,unknown,unknown,unknown,unknown,unknown,png,image/png,no,none,embed-critical,true,home:v7-01 iframe inline/cup texture,audit/assets/frozen-embed-dependencies.json: one-time exact decoded-byte match to the inline data URI,high,audit/assets/frozen-embed-dependencies.json; parent bundle SHA-256 ee09e9c282d928f8968b91e1301bc0ba2639102a27c1bf1cd40483ab1b609d0a from docs/audits/2026-07-20T175853-0400-round-80/local/embed-manifest.json,high,decoded bytes=72593; decoded SHA-256=1c584551776b366770de2a51c2beaa7a79fcd5c015e40a913ce2cafc23826ecf; one-time exact decoded-byte match to the inline data URI
bbe9d137e6b022ee2858,external-link,home,eviive,,cargo/home.html,https://eviive.ch,https://eviive.ch,observed verbatim in the frozen Cargo draft bodycopy,,eviive.ch,not applicable,,unknown,unknown,unknown,unknown,unknown,unknown,unknown,URI,not applicable,not applicable,not applicable,user navigation,true,home:a[href],exact canonical path captured in docs/audits/2026-07-20T175853-0400-round-80/local/source-manifest.tsv; delivered bodycopy in docs/audits/2026-07-20T175853-0400-round-80/cargo-draft/home.bodycopy.html,medium,docs/audits/2026-07-20T175853-0400-round-80/cargo-draft/home.bodycopy.html,high,
a3596018ccac36b12605,external-link,home,purelove,,cargo/home.html,https://www.travisleung.com,https://www.travisleung.com,observed verbatim in the frozen Cargo draft bodycopy,,www.travisleung.com,not applicable,,unknown,unknown,unknown,unknown,unknown,unknown,unknown,URI,not applicable,not applicable,not applicable,user navigation,true,home:a[href],exact canonical path captured in docs/audits/2026-07-20T175853-0400-round-80/local/source-manifest.tsv; delivered bodycopy in docs/audits/2026-07-20T175853-0400-round-80/cargo-draft/home.bodycopy.html,medium,docs/audits/2026-07-20T175853-0400-round-80/cargo-draft/home.bodycopy.html,high,
8ef0a14ee3c664ec9562,external-link,home,site-shell,,cargo/home.html,https://www.linkedin.com/company/mmmmmstudio/,https://www.linkedin.com/company/mmmmmstudio/,observed verbatim in the frozen Cargo draft bodycopy,,www.linkedin.com,not applicable,,unknown,unknown,unknown,unknown,unknown,unknown,unknown,URI,not applicable,not applicable,not applicable,user navigation,true,home:a[href],exact canonical path captured in docs/audits/2026-07-20T175853-0400-round-80/local/source-manifest.tsv; delivered bodycopy in docs/audits/2026-07-20T175853-0400-round-80/cargo-draft/home.bodycopy.html,medium,docs/audits/2026-07-20T175853-0400-round-80/cargo-draft/home.bodycopy.html,high,
a328b0b93b32eb4fed03,external-link,home,touchbaes,,cargo/home.html,https://ellacportfolio.com,https://ellacportfolio.com,observed verbatim in the frozen Cargo draft bodycopy,,ellacportfolio.com,not applicable,,unknown,unknown,unknown,unknown,unknown,unknown,unknown,URI,not applicable,not applicable,not applicable,user navigation,true,home:a[href],exact canonical path captured in docs/audits/2026-07-20T175853-0400-round-80/local/source-manifest.tsv; delivered bodycopy in docs/audits/2026-07-20T175853-0400-round-80/cargo-draft/home.bodycopy.html,medium,docs/audits/2026-07-20T175853-0400-round-80/cargo-draft/home.bodycopy.html,high,
f6eeed15df47cf0d9476,external-link,home,touchbaes,,cargo/home.html,https://www.touchbaes.ca,https://www.touchbaes.ca,observed verbatim in the frozen Cargo draft bodycopy,,www.touchbaes.ca,not applicable,,unknown,unknown,unknown,unknown,unknown,unknown,unknown,URI,not applicable,not applicable,not applicable,user navigation,true,home:a[href],exact canonical path captured in docs/audits/2026-07-20T175853-0400-round-80/local/source-manifest.tsv; delivered bodycopy in docs/audits/2026-07-20T175853-0400-round-80/cargo-draft/home.bodycopy.html,medium,docs/audits/2026-07-20T175853-0400-round-80/cargo-draft/home.bodycopy.html,high,
5dc02edae0f06325f602,external-link,who,site-shell,,cargo/who.html,https://www.linkedin.com/company/mmmmmstudio/,https://www.linkedin.com/company/mmmmmstudio/,observed verbatim in the frozen Cargo draft bodycopy,,www.linkedin.com,not applicable,,unknown,unknown,unknown,unknown,unknown,unknown,unknown,URI,not applicable,not applicable,not applicable,user navigation,true,who:a[href],exact canonical path captured in docs/audits/2026-07-20T175853-0400-round-80/local/source-manifest.tsv; delivered bodycopy in docs/audits/2026-07-20T175853-0400-round-80/cargo-draft/who.bodycopy.html,medium,docs/audits/2026-07-20T175853-0400-round-80/cargo-draft/who.bodycopy.html,high,
9646359a63743f5f2126,external-link,write,site-shell,,cargo/write.html,https://www.linkedin.com/company/mmmmmstudio/,https://www.linkedin.com/company/mmmmmstudio/,observed verbatim in the frozen Cargo draft bodycopy,,www.linkedin.com,not applicable,,unknown,unknown,unknown,unknown,unknown,unknown,unknown,URI,not applicable,not applicable,not applicable,user navigation,true,write:a[href],exact canonical path captured in docs/audits/2026-07-20T175853-0400-round-80/local/source-manifest.tsv; delivered bodycopy in docs/audits/2026-07-20T175853-0400-round-80/cargo-draft/write.bodycopy.html,medium,docs/audits/2026-07-20T175853-0400-round-80/cargo-draft/write.bodycopy.html,high,
af3ee84d0041d54e5d5b,font-file,site,Cargo shell,,Cargo-managed font block (no local source file),https://type.cargo.site/files/Cargo-DiatypePlusVariable-Italic.woff2,https://type.cargo.site/files/Cargo-DiatypePlusVariable-Italic.woff2,observed verbatim in a captured public @font-face rule,,Cargo-DiatypePlusVariable-Italic.woff2,Cargo font delivery,,unknown,unknown,unknown,unknown,unknown,unknown,unknown,woff2,font/woff2,not applicable,system fallback stack in cargo/tokens.css,browser font selection,true,Diatype Mono Variable; Diatype Semi-Mono Variable; Diatype Variable,Cargo-managed binary; no local source file captured,unknown,docs/audits/2026-07-20T175853-0400-round-80/public/home.html @font-face,high,
9fd0a052d27caec1f5e2,font-file,site,Cargo shell,,Cargo-managed font block (no local source file),https://type.cargo.site/files/Cargo-DiatypePlusVariable.woff2,https://type.cargo.site/files/Cargo-DiatypePlusVariable.woff2,observed verbatim in a captured public @font-face rule,,Cargo-DiatypePlusVariable.woff2,Cargo font delivery,,unknown,unknown,unknown,unknown,unknown,unknown,unknown,woff2,font/woff2,not applicable,system fallback stack in cargo/tokens.css,browser font selection,true,Diatype Mono Variable; Diatype Semi-Mono Variable; Diatype Variable,Cargo-managed binary; no local source file captured,unknown,docs/audits/2026-07-20T175853-0400-round-80/public/home.html @font-face,high,
35ac016ed0e75f5ba928,font-file,site,Cargo shell,,Cargo-managed font block (no local source file),https://type.cargo.site/files/CargoGaisyrSemi-Mono-Black.woff2,https://type.cargo.site/files/CargoGaisyrSemi-Mono-Black.woff2,observed verbatim in a captured public @font-face rule,,CargoGaisyrSemi-Mono-Black.woff2,Cargo font delivery,,unknown,unknown,unknown,unknown,unknown,unknown,unknown,woff2,font/woff2,not applicable,system fallback stack in cargo/tokens.css,browser font selection,true,Gaisyr Semi-Mono,Cargo-managed binary; no local source file captured,unknown,docs/audits/2026-07-20T175853-0400-round-80/public/home.html @font-face,high,
605adf3f822ec20eab90,font-file,site,Cargo shell,,Cargo-managed font block (no local source file),https://type.cargo.site/files/CargoGaisyrSemi-Mono-Bold.woff2,https://type.cargo.site/files/CargoGaisyrSemi-Mono-Bold.woff2,observed verbatim in a captured public @font-face rule,,CargoGaisyrSemi-Mono-Bold.woff2,Cargo font delivery,,unknown,unknown,unknown,unknown,unknown,unknown,unknown,woff2,font/woff2,not applicable,system fallback stack in cargo/tokens.css,browser font selection,true,Gaisyr Semi-Mono,Cargo-managed binary; no local source file captured,unknown,docs/audits/2026-07-20T175853-0400-round-80/public/home.html @font-face,high,
0ce0cff75cc068892fb6,font-file,site,Cargo shell,,Cargo-managed font block (no local source file),https://type.cargo.site/files/CargoGaisyrSemi-Mono-Book.woff2,https://type.cargo.site/files/CargoGaisyrSemi-Mono-Book.woff2,observed verbatim in a captured public @font-face rule,,CargoGaisyrSemi-Mono-Book.woff2,Cargo font delivery,,unknown,unknown,unknown,unknown,unknown,unknown,unknown,woff2,font/woff2,not applicable,system fallback stack in cargo/tokens.css,browser font selection,true,Gaisyr Semi-Mono,Cargo-managed binary; no local source file captured,unknown,docs/audits/2026-07-20T175853-0400-round-80/public/home.html @font-face,high,
4f21aba071624d9c729e,font-file,site,Cargo shell,,Cargo-managed font block (no local source file),https://type.cargo.site/files/CargoGaisyrSemi-Mono-Light.woff2,https://type.cargo.site/files/CargoGaisyrSemi-Mono-Light.woff2,observed verbatim in a captured public @font-face rule,,CargoGaisyrSemi-Mono-Light.woff2,Cargo font delivery,,unknown,unknown,unknown,unknown,unknown,unknown,unknown,woff2,font/woff2,not applicable,system fallback stack in cargo/tokens.css,browser font selection,true,Gaisyr Semi-Mono,Cargo-managed binary; no local source file captured,unknown,docs/audits/2026-07-20T175853-0400-round-80/public/home.html @font-face,high,
f7f4885576ba925557fa,font-file,site,Cargo shell,,Cargo-managed font block (no local source file),https://type.cargo.site/files/CargoGaisyrSemi-Mono-Medium.woff2,https://type.cargo.site/files/CargoGaisyrSemi-Mono-Medium.woff2,observed verbatim in a captured public @font-face rule,,CargoGaisyrSemi-Mono-Medium.woff2,Cargo font delivery,,unknown,unknown,unknown,unknown,unknown,unknown,unknown,woff2,font/woff2,not applicable,system fallback stack in cargo/tokens.css,browser font selection,true,Gaisyr Semi-Mono,Cargo-managed binary; no local source file captured,unknown,docs/audits/2026-07-20T175853-0400-round-80/public/home.html @font-face,high,
becc9e49fd5281e33e8c,font-file,site,Cargo shell,,Cargo-managed font block (no local source file),https://type.cargo.site/files/CargoGaisyrSemi-Mono-Regular.woff2,https://type.cargo.site/files/CargoGaisyrSemi-Mono-Regular.woff2,observed verbatim in a captured public @font-face rule,,CargoGaisyrSemi-Mono-Regular.woff2,Cargo font delivery,,unknown,unknown,unknown,unknown,unknown,unknown,unknown,woff2,font/woff2,not applicable,system fallback stack in cargo/tokens.css,browser font selection,true,Gaisyr Semi-Mono,Cargo-managed binary; no local source file captured,unknown,docs/audits/2026-07-20T175853-0400-round-80/public/home.html @font-face,high,
6858cb266b87fb1644bc,font-file,site,Cargo shell,,Cargo-managed font block (no local source file),https://type.cargo.site/files/CargoGaisyrSemi-Mono-Thin.woff2,https://type.cargo.site/files/CargoGaisyrSemi-Mono-Thin.woff2,observed verbatim in a captured public @font-face rule,,CargoGaisyrSemi-Mono-Thin.woff2,Cargo font delivery,,unknown,unknown,unknown,unknown,unknown,unknown,unknown,woff2,font/woff2,not applicable,system fallback stack in cargo/tokens.css,browser font selection,true,Gaisyr Semi-Mono,Cargo-managed binary; no local source file captured,unknown,docs/audits/2026-07-20T175853-0400-round-80/public/home.html @font-face,high,
4b04401062a2e0b24ab5,font-file,site,Cargo shell,,Cargo-managed font block (no local source file),https://type.cargo.site/files/CargoMaristItalicVariable.woff2,https://type.cargo.site/files/CargoMaristItalicVariable.woff2,observed verbatim in a captured public @font-face rule,,CargoMaristItalicVariable.woff2,Cargo font delivery,,unknown,unknown,unknown,unknown,unknown,unknown,unknown,woff2,font/woff2,not applicable,system fallback stack in cargo/tokens.css,browser font selection,true,Marist Variable,Cargo-managed binary; no local source file captured,unknown,docs/audits/2026-07-20T175853-0400-round-80/public/home.html @font-face,high,
641a6ccaa6bb64114511,font-file,site,Cargo shell,,Cargo-managed font block (no local source file),https://type.cargo.site/files/CargoMaristVariable.woff2,https://type.cargo.site/files/CargoMaristVariable.woff2,observed verbatim in a captured public @font-face rule,,CargoMaristVariable.woff2,Cargo font delivery,,unknown,unknown,unknown,unknown,unknown,unknown,unknown,woff2,font/woff2,not applicable,system fallback stack in cargo/tokens.css,browser font selection,true,Marist Variable,Cargo-managed binary; no local source file captured,unknown,docs/audits/2026-07-20T175853-0400-round-80/public/home.html @font-face,high,
2abf82029a231a469ce2,font-file,site,Cargo shell,,Cargo-managed font block (no local source file),https://type.cargo.site/files/TeXGyreHerosCondensed-Bold.woff,https://type.cargo.site/files/TeXGyreHerosCondensed-Bold.woff,observed verbatim in a captured public @font-face rule,,TeXGyreHerosCondensed-Bold.woff,Cargo font delivery,,unknown,unknown,unknown,unknown,unknown,unknown,unknown,woff,font/woff,not applicable,system fallback stack in cargo/tokens.css,browser font selection,true,TeX Gyre Heros Condensed,Cargo-managed binary; no local source file captured,unknown,docs/audits/2026-07-20T175853-0400-round-80/public/home.html @font-face,high,
8c1d203ca679589d6ca0,font-file,site,Cargo shell,,Cargo-managed font block (no local source file),https://type.cargo.site/files/TeXGyreHerosCondensed-BoldItalic.woff,https://type.cargo.site/files/TeXGyreHerosCondensed-BoldItalic.woff,observed verbatim in a captured public @font-face rule,,TeXGyreHerosCondensed-BoldItalic.woff,Cargo font delivery,,unknown,unknown,unknown,unknown,unknown,unknown,unknown,woff,font/woff,not applicable,system fallback stack in cargo/tokens.css,browser font selection,true,TeX Gyre Heros Condensed,Cargo-managed binary; no local source file captured,unknown,docs/audits/2026-07-20T175853-0400-round-80/public/home.html @font-face,high,
b66225161b4d3fb5a7c8,font-file,site,Cargo shell,,Cargo-managed font block (no local source file),https://type.cargo.site/files/TeXGyreHerosCondensed-Italic.woff,https://type.cargo.site/files/TeXGyreHerosCondensed-Italic.woff,observed verbatim in a captured public @font-face rule,,TeXGyreHerosCondensed-Italic.woff,Cargo font delivery,,unknown,unknown,unknown,unknown,unknown,unknown,unknown,woff,font/woff,not applicable,system fallback stack in cargo/tokens.css,browser font selection,true,TeX Gyre Heros Condensed,Cargo-managed binary; no local source file captured,unknown,docs/audits/2026-07-20T175853-0400-round-80/public/home.html @font-face,high,
3179a9f0316e9d9b8d12,font-file,site,Cargo shell,,Cargo-managed font block (no local source file),https://type.cargo.site/files/TeXGyreHerosCondensed-Regular.woff,https://type.cargo.site/files/TeXGyreHerosCondensed-Regular.woff,observed verbatim in a captured public @font-face rule,,TeXGyreHerosCondensed-Regular.woff,Cargo font delivery,,unknown,unknown,unknown,unknown,unknown,unknown,unknown,woff,font/woff,not applicable,system fallback stack in cargo/tokens.css,browser font selection,true,TeX Gyre Heros Condensed,Cargo-managed binary; no local source file captured,unknown,docs/audits/2026-07-20T175853-0400-round-80/public/home.html @font-face,high,
d9d40235c39e77aa2d0a,font-provider,site,site typography,,cargo/tokens.css,not captured,not captured,no binary delivery URL was captured,,UnifrakturMaguntia,Google Fonts provider; resolved binary URL not captured,,unknown,unknown,unknown,unknown,unknown,unknown,unknown,font,not captured,not applicable,Times New Roman,browser font selection,true,font-family: UnifrakturMaguntia,exact CSS contract path captured in docs/audits/2026-07-20T175853-0400-round-80/local/source-manifest.tsv,medium,docs/audits/2026-07-20T175853-0400-round-80/public/home.html preloaded site font settings,medium for provider contract; unknown for resolved binary,Phase 2 network harness must capture the resolved font request
7466f80bb63f8b3aeb4d,image,Cargo library,unknown,,unknown,https://freight.cargo.site/t/original/i/X3027048316880121049939763050297/anyday-hotel-report.jpg,https://freight.cargo.site/t/original/i/X3027048316880121049939763050297/anyday-hotel-report.jpg,derived from Cargo media hash and filename; not observed in Phase 1 delivery,X3027048316880121049939763050297,anyday-hotel-report.jpg,original,,1008,1008,unknown,unknown,unknown,unknown,unknown,jpg,image/jpeg,no,none,none (unreferenced),false,none,docs/audits/2026-07-20T175853-0400-round-80/local/source-manifest.tsv: no unambiguous source match exists in the frozen Phase 1 source manifest,unknown,docs/audits/2026-07-20T175853-0400-round-80/cargo-draft/media-inventory.tsv,medium,no unambiguous source match exists in the frozen Phase 1 source manifest; JPEG has no alpha channel; Cargo library in_use=False; bodycopy reference is authoritative
663e75b0fe46a975f32e,image,Cargo library,unknown,,unknown,https://freight.cargo.site/t/original/i/U3027048271519577372687975626553/anyday-logo-slideshow.jpg,https://freight.cargo.site/t/original/i/U3027048271519577372687975626553/anyday-logo-slideshow.jpg,derived from Cargo media hash and filename; not observed in Phase 1 delivery,U3027048271519577372687975626553,anyday-logo-slideshow.jpg,original,,1130,753,unknown,unknown,unknown,unknown,unknown,jpg,image/jpeg,no,none,none (unreferenced),false,none,docs/audits/2026-07-20T175853-0400-round-80/local/source-manifest.tsv: no unambiguous source match exists in the frozen Phase 1 source manifest,unknown,docs/audits/2026-07-20T175853-0400-round-80/cargo-draft/media-inventory.tsv,medium,no unambiguous source match exists in the frozen Phase 1 source manifest; JPEG has no alpha channel; Cargo library in_use=False; bodycopy reference is authoritative
e3db88f6a26c1b4f9c8a,image,Cargo library,unknown,,unknown,https://freight.cargo.site/t/original/i/Q3027048332393832815929495959353/anyday-money-moments.jpg,https://freight.cargo.site/t/original/i/Q3027048332393832815929495959353/anyday-money-moments.jpg,derived from Cargo media hash and filename; not observed in Phase 1 delivery,Q3027048332393832815929495959353,anyday-money-moments.jpg,original,,504,504,unknown,unknown,unknown,unknown,unknown,jpg,image/jpeg,no,none,none (unreferenced),false,none,docs/audits/2026-07-20T175853-0400-round-80/local/source-manifest.tsv: no unambiguous source match exists in the frozen Phase 1 source manifest,unknown,docs/audits/2026-07-20T175853-0400-round-80/cargo-draft/media-inventory.tsv,medium,no unambiguous source match exists in the frozen Phase 1 source manifest; JPEG has no alpha channel; Cargo library in_use=False; bodycopy reference is authoritative
b757a0d8b0625dd520f3,image,Cargo library,unknown,,unknown,https://freight.cargo.site/t/original/i/H3027048687604336699280621877049/anyday-scroller.jpg,https://freight.cargo.site/t/original/i/H3027048687604336699280621877049/anyday-scroller.jpg,derived from Cargo media hash and filename; not observed in Phase 1 delivery,H3027048687604336699280621877049,anyday-scroller.jpg,original,,622,830,unknown,unknown,unknown,unknown,unknown,jpg,image/jpeg,no,none,none (unreferenced),false,none,docs/audits/2026-07-20T175853-0400-round-80/local/source-manifest.tsv: no unambiguous source match exists in the frozen Phase 1 source manifest,unknown,docs/audits/2026-07-20T175853-0400-round-80/cargo-draft/media-inventory.tsv,medium,no unambiguous source match exists in the frozen Phase 1 source manifest; JPEG has no alpha channel; Cargo library in_use=False; bodycopy reference is authoritative
b0c63fee4f76bec6efcc,image,Cargo library,unknown,,unknown,https://freight.cargo.site/t/original/i/T3027050637849460404075547375417/curate-image1.jpg,https://freight.cargo.site/t/original/i/T3027050637849460404075547375417/curate-image1.jpg,derived from Cargo media hash and filename; not observed in Phase 1 delivery,T3027050637849460404075547375417,curate-image1.jpg,original,,1789,1008,unknown,unknown,unknown,unknown,unknown,jpg,image/jpeg,no,none,none (unreferenced),false,none,docs/audits/2026-07-20T175853-0400-round-80/local/source-manifest.tsv: no unambiguous source match exists in the frozen Phase 1 source manifest,unknown,docs/audits/2026-07-20T175853-0400-round-80/cargo-draft/media-inventory.tsv,medium,no unambiguous source match exists in the frozen Phase 1 source manifest; JPEG has no alpha channel; Cargo library in_use=False; bodycopy reference is authoritative
5162c11fa1d07658993f,image,Cargo library,unknown,,unknown,https://freight.cargo.site/t/original/i/L3028473484767820203775545095993/curate-image2-v2.jpg,https://freight.cargo.site/t/original/i/L3028473484767820203775545095993/curate-image2-v2.jpg,derived from Cargo media hash and filename; not observed in Phase 1 delivery,L3028473484767820203775545095993,curate-image2-v2.jpg,original,,750,652,unknown,unknown,unknown,unknown,unknown,jpg,image/jpeg,no,none,none (unreferenced),false,none,docs/audits/2026-07-20T175853-0400-round-80/local/source-manifest.tsv: no unambiguous source match exists in the frozen Phase 1 source manifest,unknown,docs/audits/2026-07-20T175853-0400-round-80/cargo-draft/media-inventory.tsv,medium,no unambiguous source match exists in the frozen Phase 1 source manifest; JPEG has no alpha channel; Cargo library in_use=False; bodycopy reference is authoritative
92fe00e5fca4aa8e4de3,image,Cargo library,unknown,,unknown,https://freight.cargo.site/t/original/i/R3028474672867265759186636027705/curate-image2-v2.jpg,https://freight.cargo.site/t/original/i/R3028474672867265759186636027705/curate-image2-v2.jpg,derived from Cargo media hash and filename; not observed in Phase 1 delivery,R3028474672867265759186636027705,curate-image2-v2.jpg,original,,750,652,unknown,unknown,unknown,unknown,unknown,jpg,image/jpeg,no,none,none (unreferenced),false,none,docs/audits/2026-07-20T175853-0400-round-80/local/source-manifest.tsv: no unambiguous source match exists in the frozen Phase 1 source manifest,unknown,docs/audits/2026-07-20T175853-0400-round-80/cargo-draft/media-inventory.tsv,medium,no unambiguous source match exists in the frozen Phase 1 source manifest; JPEG has no alpha channel; Cargo library in_use=False; bodycopy reference is authoritative
918a02d8d0c43107ac3e,image,Cargo library,unknown,,unknown,https://freight.cargo.site/t/original/i/B3027050613241503809747005519673/curate-image2.jpg,https://freight.cargo.site/t/original/i/B3027050613241503809747005519673/curate-image2.jpg,derived from Cargo media hash and filename; not observed in Phase 1 delivery,B3027050613241503809747005519673,curate-image2.jpg,original,,753,655,unknown,unknown,unknown,unknown,unknown,jpg,image/jpeg,no,none,none (unreferenced),false,none,docs/audits/2026-07-20T175853-0400-round-80/local/source-manifest.tsv: no unambiguous source match exists in the frozen Phase 1 source manifest,unknown,docs/audits/2026-07-20T175853-0400-round-80/cargo-draft/media-inventory.tsv,medium,no unambiguous source match exists in the frozen Phase 1 source manifest; JPEG has no alpha channel; Cargo library in_use=False; bodycopy reference is authoritative
a4a82dd0933e50de61d2,image,Cargo library,unknown,,unknown,https://freight.cargo.site/t/original/i/N3027050975055942071486150915897/curate-image6.jpg,https://freight.cargo.site/t/original/i/N3027050975055942071486150915897/curate-image6.jpg,derived from Cargo media hash and filename; not observed in Phase 1 delivery,N3027050975055942071486150915897,curate-image6.jpg,original,,923,804,unknown,unknown,unknown,unknown,unknown,jpg,image/jpeg,no,none,none (unreferenced),false,none,docs/audits/2026-07-20T175853-0400-round-80/local/source-manifest.tsv: no unambiguous source match exists in the frozen Phase 1 source manifest,unknown,docs/audits/2026-07-20T175853-0400-round-80/cargo-draft/media-inventory.tsv,medium,no unambiguous source match exists in the frozen Phase 1 source manifest; JPEG has no alpha channel; Cargo library in_use=False; bodycopy reference is authoritative
2889f983632e79a7d4e0,image,Cargo library,unknown,,unknown,https://freight.cargo.site/t/original/i/J3028473484786266947849254647609/dg-image3-v2.jpg,https://freight.cargo.site/t/original/i/J3028473484786266947849254647609/dg-image3-v2.jpg,derived from Cargo media hash and filename; not observed in Phase 1 delivery,J3028473484786266947849254647609,dg-image3-v2.jpg,original,,820,716,unknown,unknown,unknown,unknown,unknown,jpg,image/jpeg,no,none,none (unreferenced),false,none,docs/audits/2026-07-20T175853-0400-round-80/local/source-manifest.tsv: no unambiguous source match exists in the frozen Phase 1 source manifest,unknown,docs/audits/2026-07-20T175853-0400-round-80/cargo-draft/media-inventory.tsv,medium,no unambiguous source match exists in the frozen Phase 1 source manifest; JPEG has no alpha channel; Cargo library in_use=False; bodycopy reference is authoritative
5b6628d2c373a690e0c6,image,Cargo library,unknown,,unknown,https://freight.cargo.site/t/original/i/J3028474672885712503260345579321/dg-image3-v2.jpg,https://freight.cargo.site/t/original/i/J3028474672885712503260345579321/dg-image3-v2.jpg,derived from Cargo media hash and filename; not observed in Phase 1 delivery,J3028474672885712503260345579321,dg-image3-v2.jpg,original,,820,716,unknown,unknown,unknown,unknown,unknown,jpg,image/jpeg,no,none,none (unreferenced),false,none,docs/audits/2026-07-20T175853-0400-round-80/local/source-manifest.tsv: no unambiguous source match exists in the frozen Phase 1 source manifest,unknown,docs/audits/2026-07-20T175853-0400-round-80/cargo-draft/media-inventory.tsv,medium,no unambiguous source match exists in the frozen Phase 1 source manifest; JPEG has no alpha channel; Cargo library in_use=False; bodycopy reference is authoritative
6d04458dbf1e0dc716b7,image,Cargo library,unknown,,unknown,https://freight.cargo.site/t/original/i/X3028247330895209993498194917177/dg-image3.jpg,https://freight.cargo.site/t/original/i/X3028247330895209993498194917177/dg-image3.jpg,derived from Cargo media hash and filename; not observed in Phase 1 delivery,X3028247330895209993498194917177,dg-image3.jpg,original,,823,716,unknown,unknown,unknown,unknown,unknown,jpg,image/jpeg,no,none,none (unreferenced),false,none,docs/audits/2026-07-20T175853-0400-round-80/local/source-manifest.tsv: no unambiguous source match exists in the frozen Phase 1 source manifest,unknown,docs/audits/2026-07-20T175853-0400-round-80/cargo-draft/media-inventory.tsv,medium,no unambiguous source match exists in the frozen Phase 1 source manifest; JPEG has no alpha channel; Cargo library in_use=False; bodycopy reference is authoritative
2c9671cd16c7448dadf6,image,Cargo library,unknown,,cargo/assets/eviive-1.jpg,https://freight.cargo.site/t/original/i/R3028246196180641787402546362169/eviive-1.jpg,https://freight.cargo.site/t/original/i/R3028246196180641787402546362169/eviive-1.jpg,derived from Cargo media hash and filename; not observed in Phase 1 delivery,R3028246196180641787402546362169,eviive-1.jpg,original,,864,744,unknown,unknown,unknown,unknown,unknown,jpg,image/jpeg,no,none,none (unreferenced),false,none,docs/audits/2026-07-20T175853-0400-round-80/local/source-manifest.tsv: captured local source matched exact basename,medium,docs/audits/2026-07-20T175853-0400-round-80/cargo-draft/media-inventory.tsv,medium,captured local source matched exact basename; JPEG has no alpha channel; Cargo library in_use=False; bodycopy reference is authoritative
50128ec756488aab9be4,image,Cargo library,unknown,,cargo/assets/eviive-2.jpg,https://freight.cargo.site/t/original/i/Y3028246221046852798763021940537/eviive-2.jpg,https://freight.cargo.site/t/original/i/Y3028246221046852798763021940537/eviive-2.jpg,derived from Cargo media hash and filename; not observed in Phase 1 delivery,Y3028246221046852798763021940537,eviive-2.jpg,original,,558,480,unknown,unknown,unknown,unknown,unknown,jpg,image/jpeg,no,none,none (unreferenced),false,none,docs/audits/2026-07-20T175853-0400-round-80/local/source-manifest.tsv: captured local source matched exact basename,medium,docs/audits/2026-07-20T175853-0400-round-80/cargo-draft/media-inventory.tsv,medium,captured local source matched exact basename; JPEG has no alpha channel; Cargo library in_use=False; bodycopy reference is authoritative
34bd82df171ab8ae92c4,image,Cargo library,unknown,,cargo/assets/eviive-3.jpg,https://freight.cargo.site/t/original/i/A3028246238423685716197419562809/eviive-3.jpg,https://freight.cargo.site/t/original/i/A3028246238423685716197419562809/eviive-3.jpg,derived from Cargo media hash and filename; not observed in Phase 1 delivery,A3028246238423685716197419562809,eviive-3.jpg,original,,1792,1008,unknown,unknown,unknown,unknown,unknown,jpg,image/jpeg,no,none,none (unreferenced),false,none,docs/audits/2026-07-20T175853-0400-round-80/local/source-manifest.tsv: captured local source matched exact basename,medium,docs/audits/2026-07-20T175853-0400-round-80/cargo-draft/media-inventory.tsv,medium,captured local source matched exact basename; JPEG has no alpha channel; Cargo library in_use=False; bodycopy reference is authoritative
5d33f584b2fabd836e7c,image,Cargo library,unknown,,cargo/assets/eviive-3.jpg,https://freight.cargo.site/t/original/i/T3021061337325266132272427874105/eviive-3.jpg,https://freight.cargo.site/t/original/i/T3021061337325266132272427874105/eviive-3.jpg,derived from Cargo media hash and filename; not observed in Phase 1 delivery,T3021061337325266132272427874105,eviive-3.jpg,original,,1792,1008,unknown,unknown,unknown,unknown,unknown,jpg,image/jpeg,no,none,none (unreferenced),false,none,docs/audits/2026-07-20T175853-0400-round-80/local/source-manifest.tsv: captured local source matched exact basename,medium,docs/audits/2026-07-20T175853-0400-round-80/cargo-draft/media-inventory.tsv,medium,captured local source matched exact basename; JPEG has no alpha channel; Cargo library in_use=True; bodycopy reference is authoritative
1e3f5de9d24178194f38,image,Cargo library,unknown,,unknown,https://freight.cargo.site/t/original/i/J3022889216322646112287762986809/eviive-3.png,https://freight.cargo.site/t/original/i/J3022889216322646112287762986809/eviive-3.png,derived from Cargo media hash and filename; not observed in Phase 1 delivery,J3022889216322646112287762986809,eviive-3.png,original,,1792,1008,unknown,unknown,unknown,unknown,unknown,png,image/png,unknown,none,none (unreferenced),false,none,docs/audits/2026-07-20T175853-0400-round-80/local/source-manifest.tsv: no unambiguous source match exists in the frozen Phase 1 source manifest,unknown,docs/audits/2026-07-20T175853-0400-round-80/cargo-draft/media-inventory.tsv,medium,no unambiguous source match exists in the frozen Phase 1 source manifest; alpha channel was not decoded in Phase 1; Cargo library in_use=False; bodycopy reference is authoritative
d5c87ee4f88bb928952d,image,Cargo library,unknown,,unknown,https://freight.cargo.site/t/original/i/I3022888864063621280730165327673/eviive-4.png,https://freight.cargo.site/t/original/i/I3022888864063621280730165327673/eviive-4.png,derived from Cargo media hash and filename; not observed in Phase 1 delivery,I3022888864063621280730165327673,eviive-4.png,original,,864,480,unknown,unknown,unknown,unknown,unknown,png,image/png,unknown,none,none (unreferenced),false,none,docs/audits/2026-07-20T175853-0400-round-80/local/source-manifest.tsv: no unambiguous source match exists in the frozen Phase 1 source manifest,unknown,docs/audits/2026-07-20T175853-0400-round-80/cargo-draft/media-inventory.tsv,medium,no unambiguous source match exists in the frozen Phase 1 source manifest; alpha channel was not decoded in Phase 1; Cargo library in_use=False; bodycopy reference is authoritative
daeaf81369fe5718ac95,image,Cargo library,unknown,,cargo/assets/eviive-6.jpg,https://freight.cargo.site/t/original/i/P3028246582510802923101685856057/eviive-6.jpg,https://freight.cargo.site/t/original/i/P3028246582510802923101685856057/eviive-6.jpg,derived from Cargo media hash and filename; not observed in Phase 1 delivery,P3028246582510802923101685856057,eviive-6.jpg,original,,1340,744,unknown,unknown,unknown,unknown,unknown,jpg,image/jpeg,no,none,none (unreferenced),false,none,docs/audits/2026-07-20T175853-0400-round-80/local/source-manifest.tsv: captured local source matched exact basename,medium,docs/audits/2026-07-20T175853-0400-round-80/cargo-draft/media-inventory.tsv,medium,captured local source matched exact basename; JPEG has no alpha channel; Cargo library in_use=False; bodycopy reference is authoritative
31a3c4841990986f9f5d,image,Cargo library,unknown,,unknown,https://freight.cargo.site/t/original/i/O3023101186161696653964103694137/eviive-7-hires.png,https://freight.cargo.site/t/original/i/O3023101186161696653964103694137/eviive-7-hires.png,derived from Cargo media hash and filename; not observed in Phase 1 delivery,O3023101186161696653964103694137,eviive-7-hires.png,original,,886,744,unknown,unknown,unknown,unknown,unknown,png,image/png,unknown,none,none (unreferenced),false,none,docs/audits/2026-07-20T175853-0400-round-80/local/source-manifest.tsv: no unambiguous source match exists in the frozen Phase 1 source manifest,unknown,docs/audits/2026-07-20T175853-0400-round-80/cargo-draft/media-inventory.tsv,medium,no unambiguous source match exists in the frozen Phase 1 source manifest; alpha channel was not decoded in Phase 1; Cargo library in_use=False; bodycopy reference is authoritative
ba4a4edb6bdc2b289b9a,image,Cargo library,unknown,,unknown,https://freight.cargo.site/t/original/i/Q3028246567827194640428882769721/eviive-card.jpg,https://freight.cargo.site/t/original/i/Q3028246567827194640428882769721/eviive-card.jpg,derived from Cargo media hash and filename; not observed in Phase 1 delivery,Q3028246567827194640428882769721,eviive-card.jpg,original,,1116,744,unknown,unknown,unknown,unknown,unknown,jpg,image/jpeg,no,none,none (unreferenced),false,none,docs/audits/2026-07-20T175853-0400-round-80/local/source-manifest.tsv: no unambiguous source match exists in the frozen Phase 1 source manifest,unknown,docs/audits/2026-07-20T175853-0400-round-80/cargo-draft/media-inventory.tsv,medium,no unambiguous source match exists in the frozen Phase 1 source manifest; JPEG has no alpha channel; Cargo library in_use=False; bodycopy reference is authoritative
c7fa98147b59cb683dcc,image,Cargo library,unknown,,unknown,https://freight.cargo.site/t/original/i/C3025363007399684245599388481337/loop-image-2.jpg,https://freight.cargo.site/t/original/i/C3025363007399684245599388481337/loop-image-2.jpg,derived from Cargo media hash and filename; not observed in Phase 1 delivery,C3025363007399684245599388481337,loop-image-2.jpg,original,,1157,1006,unknown,unknown,unknown,unknown,unknown,jpg,image/jpeg,no,none,none (unreferenced),false,none,docs/audits/2026-07-20T175853-0400-round-80/local/source-manifest.tsv: no unambiguous source match exists in the frozen Phase 1 source manifest,unknown,docs/audits/2026-07-20T175853-0400-round-80/cargo-draft/media-inventory.tsv,medium,no unambiguous source match exists in the frozen Phase 1 source manifest; JPEG has no alpha channel; Cargo library in_use=False; bodycopy reference is authoritative
5de070472c5ab0dbc462,image,Cargo library,unknown,,unknown,https://freight.cargo.site/t/original/i/G3025363020404638817564622370617/loop-image-6.jpg,https://freight.cargo.site/t/original/i/G3025363020404638817564622370617/loop-image-6.jpg,derived from Cargo media hash and filename; not observed in Phase 1 delivery,G3025363020404638817564622370617,loop-image-6.jpg,original,,577,502,unknown,unknown,unknown,unknown,unknown,jpg,image/jpeg,no,none,none (unreferenced),false,none,docs/audits/2026-07-20T175853-0400-round-80/local/source-manifest.tsv: no unambiguous source match exists in the frozen Phase 1 source manifest,unknown,docs/audits/2026-07-20T175853-0400-round-80/cargo-draft/media-inventory.tsv,medium,no unambiguous source match exists in the frozen Phase 1 source manifest; JPEG has no alpha channel; Cargo library in_use=False; bodycopy reference is authoritative
f0de27b5f8882331273a,image,Cargo library,unknown,,unknown,https://freight.cargo.site/t/original/i/J3025291037409233923710049105721/mandy-mewmew-t.png,https://freight.cargo.site/t/original/i/J3025291037409233923710049105721/mandy-mewmew-t.png,derived from Cargo media hash and filename; not observed in Phase 1 delivery,J3025291037409233923710049105721,mandy-mewmew-t.png,original,,704,420,unknown,unknown,unknown,unknown,unknown,png,image/png,unknown,none,none (unreferenced),false,none,docs/audits/2026-07-20T175853-0400-round-80/local/source-manifest.tsv: no unambiguous source match exists in the frozen Phase 1 source manifest,unknown,docs/audits/2026-07-20T175853-0400-round-80/cargo-draft/media-inventory.tsv,medium,no unambiguous source match exists in the frozen Phase 1 source manifest; alpha channel was not decoded in Phase 1; Cargo library in_use=False; bodycopy reference is authoritative
d161f9bbc1b168865905,image,Cargo library,unknown,,unknown,https://freight.cargo.site/t/original/i/K3025313871157983242867230422841/mandy-mewmew-v3.png,https://freight.cargo.site/t/original/i/K3025313871157983242867230422841/mandy-mewmew-v3.png,derived from Cargo media hash and filename; not observed in Phase 1 delivery,K3025313871157983242867230422841,mandy-mewmew-v3.png,original,,704,420,unknown,unknown,unknown,unknown,unknown,png,image/png,unknown,none,none (unreferenced),false,none,docs/audits/2026-07-20T175853-0400-round-80/local/source-manifest.tsv: no unambiguous source match exists in the frozen Phase 1 source manifest,unknown,docs/audits/2026-07-20T175853-0400-round-80/cargo-draft/media-inventory.tsv,medium,no unambiguous source match exists in the frozen Phase 1 source manifest; alpha channel was not decoded in Phase 1; Cargo library in_use=False; bodycopy reference is authoritative
87192ecb97e8d3221f1c,image,Cargo library,unknown,,unknown,https://freight.cargo.site/t/original/i/D3025118231022422791465814505273/mandy-photo-1.jpg,https://freight.cargo.site/t/original/i/D3025118231022422791465814505273/mandy-photo-1.jpg,derived from Cargo media hash and filename; not observed in Phase 1 delivery,D3025118231022422791465814505273,mandy-photo-1.jpg,original,,754,1008,unknown,unknown,unknown,unknown,unknown,jpg,image/jpeg,no,none,none (unreferenced),false,none,docs/audits/2026-07-20T175853-0400-round-80/local/source-manifest.tsv: no unambiguous source match exists in the frozen Phase 1 source manifest,unknown,docs/audits/2026-07-20T175853-0400-round-80/cargo-draft/media-inventory.tsv,medium,no unambiguous source match exists in the frozen Phase 1 source manifest; JPEG has no alpha channel; Cargo library in_use=False; bodycopy reference is authoritative
3cc59fb33bb206a56aeb,image,Cargo library,unknown,,unknown,https://freight.cargo.site/t/original/i/O3026631223157680601675877365561/montran-booklet-still.jpg,https://freight.cargo.site/t/original/i/O3026631223157680601675877365561/montran-booklet-still.jpg,derived from Cargo media hash and filename; not observed in Phase 1 delivery,O3026631223157680601675877365561,montran-booklet-still.jpg,original,,2021,1006,unknown,unknown,unknown,unknown,unknown,jpg,image/jpeg,no,none,none (unreferenced),false,none,docs/audits/2026-07-20T175853-0400-round-80/local/source-manifest.tsv: no unambiguous source match exists in the frozen Phase 1 source manifest,unknown,docs/audits/2026-07-20T175853-0400-round-80/cargo-draft/media-inventory.tsv,medium,no unambiguous source match exists in the frozen Phase 1 source manifest; JPEG has no alpha channel; Cargo library in_use=False; bodycopy reference is authoritative
a82e9179e9820728b7c9,image,Cargo library,unknown,,unknown,https://freight.cargo.site/t/original/i/I3026934137105221498075544598329/montran-map-v2.jpg,https://freight.cargo.site/t/original/i/I3026934137105221498075544598329/montran-map-v2.jpg,derived from Cargo media hash and filename; not observed in Phase 1 delivery,I3026934137105221498075544598329,montran-map-v2.jpg,original,,1356,882,unknown,unknown,unknown,unknown,unknown,jpg,image/jpeg,no,none,none (unreferenced),false,none,docs/audits/2026-07-20T175853-0400-round-80/local/source-manifest.tsv: no unambiguous source match exists in the frozen Phase 1 source manifest,unknown,docs/audits/2026-07-20T175853-0400-round-80/cargo-draft/media-inventory.tsv,medium,no unambiguous source match exists in the frozen Phase 1 source manifest; JPEG has no alpha channel; Cargo library in_use=False; bodycopy reference is authoritative
37e50d0af5d1819a27b6,image,Cargo library,unknown,,cargo/assets/montran-map-v3.png,https://freight.cargo.site/t/original/i/E3026982405741208482026361501497/montran-map-v3.png,https://freight.cargo.site/t/original/i/E3026982405741208482026361501497/montran-map-v3.png,derived from Cargo media hash and filename; not observed in Phase 1 delivery,E3026982405741208482026361501497,montran-map-v3.png,original,,1381,884,unknown,unknown,unknown,unknown,unknown,png,image/png,unknown,none,none (unreferenced),false,none,docs/audits/2026-07-20T175853-0400-round-80/local/source-manifest.tsv: captured local source matched exact basename,medium,docs/audits/2026-07-20T175853-0400-round-80/cargo-draft/media-inventory.tsv,medium,captured local source matched exact basename; alpha channel was not decoded in Phase 1; Cargo library in_use=False; bodycopy reference is authoritative
5def17a599498aac19e3,image,Cargo library,unknown,,cargo/assets/montran-map-v4.png,https://freight.cargo.site/t/original/i/Z3027026334817545613952579843897/montran-map-v4.png,https://freight.cargo.site/t/original/i/Z3027026334817545613952579843897/montran-map-v4.png,derived from Cargo media hash and filename; not observed in Phase 1 delivery,Z3027026334817545613952579843897,montran-map-v4.png,original,,1381,884,unknown,unknown,unknown,unknown,unknown,png,image/png,unknown,none,none (unreferenced),false,none,docs/audits/2026-07-20T175853-0400-round-80/local/source-manifest.tsv: captured local source matched exact basename,medium,docs/audits/2026-07-20T175853-0400-round-80/cargo-draft/media-inventory.tsv,medium,captured local source matched exact basename; alpha channel was not decoded in Phase 1; Cargo library in_use=False; bodycopy reference is authoritative
614034dbacb7270c3a86,image,Cargo library,unknown,,unknown,https://freight.cargo.site/t/original/i/A3026631249001569048942959179577/montran-map.jpg,https://freight.cargo.site/t/original/i/A3026631249001569048942959179577/montran-map.jpg,derived from Cargo media hash and filename; not observed in Phase 1 delivery,A3026631249001569048942959179577,montran-map.jpg,original,,1375,882,unknown,unknown,unknown,unknown,unknown,jpg,image/jpeg,no,none,none (unreferenced),false,none,docs/audits/2026-07-20T175853-0400-round-80/local/source-manifest.tsv: no unambiguous source match exists in the frozen Phase 1 source manifest,unknown,docs/audits/2026-07-20T175853-0400-round-80/cargo-draft/media-inventory.tsv,medium,no unambiguous source match exists in the frozen Phase 1 source manifest; JPEG has no alpha channel; Cargo library in_use=False; bodycopy reference is authoritative
753abd43dd20a76acad0,image,Cargo library,unknown,,unknown,https://freight.cargo.site/t/original/i/C3026631235978167732904015738681/montran-mihe.jpg,https://freight.cargo.site/t/original/i/C3026631235978167732904015738681/montran-mihe.jpg,derived from Cargo media hash and filename; not observed in Phase 1 delivery,C3026631235978167732904015738681,montran-mihe.jpg,original,,1465,1006,unknown,unknown,unknown,unknown,unknown,jpg,image/jpeg,no,none,none (unreferenced),false,none,docs/audits/2026-07-20T175853-0400-round-80/local/source-manifest.tsv: no unambiguous source match exists in the frozen Phase 1 source manifest,unknown,docs/audits/2026-07-20T175853-0400-round-80/cargo-draft/media-inventory.tsv,medium,no unambiguous source match exists in the frozen Phase 1 source manifest; JPEG has no alpha channel; Cargo library in_use=False; bodycopy reference is authoritative
665e109f926c53341bf8,image,Cargo library,unknown,,unknown,https://freight.cargo.site/t/original/i/J3028483084102948024825724581689/montran-pg-01.jpg,https://freight.cargo.site/t/original/i/J3028483084102948024825724581689/montran-pg-01.jpg,derived from Cargo media hash and filename; not observed in Phase 1 delivery,J3028483084102948024825724581689,montran-pg-01.jpg,original,,1400,788,unknown,unknown,unknown,unknown,unknown,jpg,image/jpeg,no,none,none (unreferenced),false,none,docs/audits/2026-07-20T175853-0400-round-80/local/source-manifest.tsv: no unambiguous source match exists in the frozen Phase 1 source manifest,unknown,docs/audits/2026-07-20T175853-0400-round-80/cargo-draft/media-inventory.tsv,medium,no unambiguous source match exists in the frozen Phase 1 source manifest; JPEG has no alpha channel; Cargo library in_use=False; bodycopy reference is authoritative
0b9971f03ae62e5bbe1e,image,Cargo library,unknown,,unknown,https://freight.cargo.site/t/original/i/J3028483096167118649031771338553/montran-pg-02.jpg,https://freight.cargo.site/t/original/i/J3028483096167118649031771338553/montran-pg-02.jpg,derived from Cargo media hash and filename; not observed in Phase 1 delivery,J3028483096167118649031771338553,montran-pg-02.jpg,original,,1400,788,unknown,unknown,unknown,unknown,unknown,jpg,image/jpeg,no,none,none (unreferenced),false,none,docs/audits/2026-07-20T175853-0400-round-80/local/source-manifest.tsv: no unambiguous source match exists in the frozen Phase 1 source manifest,unknown,docs/audits/2026-07-20T175853-0400-round-80/cargo-draft/media-inventory.tsv,medium,no unambiguous source match exists in the frozen Phase 1 source manifest; JPEG has no alpha channel; Cargo library in_use=False; bodycopy reference is authoritative
d3d1ca4d95757b764994,image,Cargo library,unknown,,unknown,https://freight.cargo.site/t/original/i/J3028483108194395785090398992185/montran-pg-03.jpg,https://freight.cargo.site/t/original/i/J3028483108194395785090398992185/montran-pg-03.jpg,derived from Cargo media hash and filename; not observed in Phase 1 delivery,J3028483108194395785090398992185,montran-pg-03.jpg,original,,1400,788,unknown,unknown,unknown,unknown,unknown,jpg,image/jpeg,no,none,none (unreferenced),false,none,docs/audits/2026-07-20T175853-0400-round-80/local/source-manifest.tsv: no unambiguous source match exists in the frozen Phase 1 source manifest,unknown,docs/audits/2026-07-20T175853-0400-round-80/cargo-draft/media-inventory.tsv,medium,no unambiguous source match exists in the frozen Phase 1 source manifest; JPEG has no alpha channel; Cargo library in_use=False; bodycopy reference is authoritative
c435e16a515e36b3fc82,image,Cargo library,unknown,,unknown,https://freight.cargo.site/t/original/i/Q3028483120277013153370155300665/montran-pg-04.jpg,https://freight.cargo.site/t/original/i/Q3028483120277013153370155300665/montran-pg-04.jpg,derived from Cargo media hash and filename; not observed in Phase 1 delivery,Q3028483120277013153370155300665,montran-pg-04.jpg,original,,1400,788,unknown,unknown,unknown,unknown,unknown,jpg,image/jpeg,no,none,none (unreferenced),false,none,docs/audits/2026-07-20T175853-0400-round-80/local/source-manifest.tsv: no unambiguous source match exists in the frozen Phase 1 source manifest,unknown,docs/audits/2026-07-20T175853-0400-round-80/cargo-draft/media-inventory.tsv,medium,no unambiguous source match exists in the frozen Phase 1 source manifest; JPEG has no alpha channel; Cargo library in_use=False; bodycopy reference is authoritative
b4b40131db60049fa36e,image,Cargo library,unknown,,unknown,https://freight.cargo.site/t/original/i/N3028483132285843545355073402681/montran-pg-05.jpg,https://freight.cargo.site/t/original/i/N3028483132285843545355073402681/montran-pg-05.jpg,derived from Cargo media hash and filename; not observed in Phase 1 delivery,N3028483132285843545355073402681,montran-pg-05.jpg,original,,1400,788,unknown,unknown,unknown,unknown,unknown,jpg,image/jpeg,no,none,none (unreferenced),false,none,docs/audits/2026-07-20T175853-0400-round-80/local/source-manifest.tsv: no unambiguous source match exists in the frozen Phase 1 source manifest,unknown,docs/audits/2026-07-20T175853-0400-round-80/cargo-draft/media-inventory.tsv,medium,no unambiguous source match exists in the frozen Phase 1 source manifest; JPEG has no alpha channel; Cargo library in_use=False; bodycopy reference is authoritative
99bb9e356a8449610b1d,image,Cargo library,unknown,,unknown,https://freight.cargo.site/t/original/i/M3028483144350014169561120159545/montran-pg-06.jpg,https://freight.cargo.site/t/original/i/M3028483144350014169561120159545/montran-pg-06.jpg,derived from Cargo media hash and filename; not observed in Phase 1 delivery,M3028483144350014169561120159545,montran-pg-06.jpg,original,,1400,788,unknown,unknown,unknown,unknown,unknown,jpg,image/jpeg,no,none,none (unreferenced),false,none,docs/audits/2026-07-20T175853-0400-round-80/local/source-manifest.tsv: no unambiguous source match exists in the frozen Phase 1 source manifest,unknown,docs/audits/2026-07-20T175853-0400-round-80/cargo-draft/media-inventory.tsv,medium,no unambiguous source match exists in the frozen Phase 1 source manifest; JPEG has no alpha channel; Cargo library in_use=False; bodycopy reference is authoritative
88ec6e10c20964acefe9,image,Cargo library,unknown,,unknown,https://freight.cargo.site/t/original/i/D3028483156395738049693457364793/montran-pg-07.jpg,https://freight.cargo.site/t/original/i/D3028483156395738049693457364793/montran-pg-07.jpg,derived from Cargo media hash and filename; not observed in Phase 1 delivery,D3028483156395738049693457364793,montran-pg-07.jpg,original,,1400,788,unknown,unknown,unknown,unknown,unknown,jpg,image/jpeg,no,none,none (unreferenced),false,none,docs/audits/2026-07-20T175853-0400-round-80/local/source-manifest.tsv: no unambiguous source match exists in the frozen Phase 1 source manifest,unknown,docs/audits/2026-07-20T175853-0400-round-80/cargo-draft/media-inventory.tsv,medium,no unambiguous source match exists in the frozen Phase 1 source manifest; JPEG has no alpha channel; Cargo library in_use=False; bodycopy reference is authoritative
2aeec8154f03b109d247,image,Cargo library,unknown,,unknown,https://freight.cargo.site/t/original/i/J3028483168423015185752085018425/montran-pg-08.jpg,https://freight.cargo.site/t/original/i/J3028483168423015185752085018425/montran-pg-08.jpg,derived from Cargo media hash and filename; not observed in Phase 1 delivery,J3028483168423015185752085018425,montran-pg-08.jpg,original,,1400,788,unknown,unknown,unknown,unknown,unknown,jpg,image/jpeg,no,none,none (unreferenced),false,none,docs/audits/2026-07-20T175853-0400-round-80/local/source-manifest.tsv: no unambiguous source match exists in the frozen Phase 1 source manifest,unknown,docs/audits/2026-07-20T175853-0400-round-80/cargo-draft/media-inventory.tsv,medium,no unambiguous source match exists in the frozen Phase 1 source manifest; JPEG has no alpha channel; Cargo library in_use=False; bodycopy reference is authoritative
4a72282fac1c7ea1bb1e,image,Cargo library,unknown,,unknown,https://freight.cargo.site/t/original/i/D3028483180487185809958131775289/montran-pg-09.jpg,https://freight.cargo.site/t/original/i/D3028483180487185809958131775289/montran-pg-09.jpg,derived from Cargo media hash and filename; not observed in Phase 1 delivery,D3028483180487185809958131775289,montran-pg-09.jpg,original,,1400,788,unknown,unknown,unknown,unknown,unknown,jpg,image/jpeg,no,none,none (unreferenced),false,none,docs/audits/2026-07-20T175853-0400-round-80/local/source-manifest.tsv: no unambiguous source match exists in the frozen Phase 1 source manifest,unknown,docs/audits/2026-07-20T175853-0400-round-80/cargo-draft/media-inventory.tsv,medium,no unambiguous source match exists in the frozen Phase 1 source manifest; JPEG has no alpha channel; Cargo library in_use=False; bodycopy reference is authoritative
3a3d85ba49e594235024,image,Cargo library,unknown,,unknown,https://freight.cargo.site/t/original/i/E3028483192532909690090468980537/montran-pg-10.jpg,https://freight.cargo.site/t/original/i/E3028483192532909690090468980537/montran-pg-10.jpg,derived from Cargo media hash and filename; not observed in Phase 1 delivery,E3028483192532909690090468980537,montran-pg-10.jpg,original,,1400,788,unknown,unknown,unknown,unknown,unknown,jpg,image/jpeg,no,none,none (unreferenced),false,none,docs/audits/2026-07-20T175853-0400-round-80/local/source-manifest.tsv: no unambiguous source match exists in the frozen Phase 1 source manifest,unknown,docs/audits/2026-07-20T175853-0400-round-80/cargo-draft/media-inventory.tsv,medium,no unambiguous source match exists in the frozen Phase 1 source manifest; JPEG has no alpha channel; Cargo library in_use=False; bodycopy reference is authoritative
8e744961b1c3e110b3eb,image,Cargo library,unknown,,unknown,https://freight.cargo.site/t/original/i/X3028483204597080314296515737401/montran-pg-11.jpg,https://freight.cargo.site/t/original/i/X3028483204597080314296515737401/montran-pg-11.jpg,derived from Cargo media hash and filename; not observed in Phase 1 delivery,X3028483204597080314296515737401,montran-pg-11.jpg,original,,1400,788,unknown,unknown,unknown,unknown,unknown,jpg,image/jpeg,no,none,none (unreferenced),false,none,docs/audits/2026-07-20T175853-0400-round-80/local/source-manifest.tsv: no unambiguous source match exists in the frozen Phase 1 source manifest,unknown,docs/audits/2026-07-20T175853-0400-round-80/cargo-draft/media-inventory.tsv,medium,no unambiguous source match exists in the frozen Phase 1 source manifest; JPEG has no alpha channel; Cargo library in_use=False; bodycopy reference is authoritative
df4ed5b2166b19918aee,image,Cargo library,unknown,,unknown,https://freight.cargo.site/t/original/i/D3028483216624357450355143391033/montran-pg-12.jpg,https://freight.cargo.site/t/original/i/D3028483216624357450355143391033/montran-pg-12.jpg,derived from Cargo media hash and filename; not observed in Phase 1 delivery,D3028483216624357450355143391033,montran-pg-12.jpg,original,,1400,788,unknown,unknown,unknown,unknown,unknown,jpg,image/jpeg,no,none,none (unreferenced),false,none,docs/audits/2026-07-20T175853-0400-round-80/local/source-manifest.tsv: no unambiguous source match exists in the frozen Phase 1 source manifest,unknown,docs/audits/2026-07-20T175853-0400-round-80/cargo-draft/media-inventory.tsv,medium,no unambiguous source match exists in the frozen Phase 1 source manifest; JPEG has no alpha channel; Cargo library in_use=False; bodycopy reference is authoritative
2b79043119643c76196d,image,Cargo library,unknown,,unknown,https://freight.cargo.site/t/original/i/I3028483228651634586413771044665/montran-pg-13.jpg,https://freight.cargo.site/t/original/i/I3028483228651634586413771044665/montran-pg-13.jpg,derived from Cargo media hash and filename; not observed in Phase 1 delivery,I3028483228651634586413771044665,montran-pg-13.jpg,original,,1400,788,unknown,unknown,unknown,unknown,unknown,jpg,image/jpeg,no,none,none (unreferenced),false,none,docs/audits/2026-07-20T175853-0400-round-80/local/source-manifest.tsv: no unambiguous source match exists in the frozen Phase 1 source manifest,unknown,docs/audits/2026-07-20T175853-0400-round-80/cargo-draft/media-inventory.tsv,medium,no unambiguous source match exists in the frozen Phase 1 source manifest; JPEG has no alpha channel; Cargo library in_use=False; bodycopy reference is authoritative
44142387dfa8315f59c3,image,Cargo library,unknown,,unknown,https://freight.cargo.site/t/original/i/K3028483240715805210619817801529/montran-pg-14.jpg,https://freight.cargo.site/t/original/i/K3028483240715805210619817801529/montran-pg-14.jpg,derived from Cargo media hash and filename; not observed in Phase 1 delivery,K3028483240715805210619817801529,montran-pg-14.jpg,original,,1400,788,unknown,unknown,unknown,unknown,unknown,jpg,image/jpeg,no,none,none (unreferenced),false,none,docs/audits/2026-07-20T175853-0400-round-80/local/source-manifest.tsv: no unambiguous source match exists in the frozen Phase 1 source manifest,unknown,docs/audits/2026-07-20T175853-0400-round-80/cargo-draft/media-inventory.tsv,medium,no unambiguous source match exists in the frozen Phase 1 source manifest; JPEG has no alpha channel; Cargo library in_use=False; bodycopy reference is authoritative
7914531bc3469f925eec,image,Cargo library,unknown,,unknown,https://freight.cargo.site/t/original/i/L3028483252761529090752155006777/montran-pg-15.jpg,https://freight.cargo.site/t/original/i/L3028483252761529090752155006777/montran-pg-15.jpg,derived from Cargo media hash and filename; not observed in Phase 1 delivery,L3028483252761529090752155006777,montran-pg-15.jpg,original,,1400,788,unknown,unknown,unknown,unknown,unknown,jpg,image/jpeg,no,none,none (unreferenced),false,none,docs/audits/2026-07-20T175853-0400-round-80/local/source-manifest.tsv: no unambiguous source match exists in the frozen Phase 1 source manifest,unknown,docs/audits/2026-07-20T175853-0400-round-80/cargo-draft/media-inventory.tsv,medium,no unambiguous source match exists in the frozen Phase 1 source manifest; JPEG has no alpha channel; Cargo library in_use=False; bodycopy reference is authoritative
4416913cdd9bf431ad9b,image,Cargo library,unknown,,unknown,https://freight.cargo.site/t/original/i/M3028483264807252970884492212025/montran-pg-16.jpg,https://freight.cargo.site/t/original/i/M3028483264807252970884492212025/montran-pg-16.jpg,derived from Cargo media hash and filename; not observed in Phase 1 delivery,M3028483264807252970884492212025,montran-pg-16.jpg,original,,1400,788,unknown,unknown,unknown,unknown,unknown,jpg,image/jpeg,no,none,none (unreferenced),false,none,docs/audits/2026-07-20T175853-0400-round-80/local/source-manifest.tsv: no unambiguous source match exists in the frozen Phase 1 source manifest,unknown,docs/audits/2026-07-20T175853-0400-round-80/cargo-draft/media-inventory.tsv,medium,no unambiguous source match exists in the frozen Phase 1 source manifest; JPEG has no alpha channel; Cargo library in_use=False; bodycopy reference is authoritative
7081cf751ec2a7b4a6af,image,Cargo library,unknown,,unknown,https://freight.cargo.site/t/original/i/X3028483276852976851016829417273/montran-pg-17.jpg,https://freight.cargo.site/t/original/i/X3028483276852976851016829417273/montran-pg-17.jpg,derived from Cargo media hash and filename; not observed in Phase 1 delivery,X3028483276852976851016829417273,montran-pg-17.jpg,original,,1400,788,unknown,unknown,unknown,unknown,unknown,jpg,image/jpeg,no,none,none (unreferenced),false,none,docs/audits/2026-07-20T175853-0400-round-80/local/source-manifest.tsv: no unambiguous source match exists in the frozen Phase 1 source manifest,unknown,docs/audits/2026-07-20T175853-0400-round-80/cargo-draft/media-inventory.tsv,medium,no unambiguous source match exists in the frozen Phase 1 source manifest; JPEG has no alpha channel; Cargo library in_use=False; bodycopy reference is authoritative
958a94657b28eacd7531,image,Cargo library,unknown,,unknown,https://freight.cargo.site/t/original/i/A3028483288898700731149166622521/montran-pg-18.jpg,https://freight.cargo.site/t/original/i/A3028483288898700731149166622521/montran-pg-18.jpg,derived from Cargo media hash and filename; not observed in Phase 1 delivery,A3028483288898700731149166622521,montran-pg-18.jpg,original,,1400,788,unknown,unknown,unknown,unknown,unknown,jpg,image/jpeg,no,none,none (unreferenced),false,none,docs/audits/2026-07-20T175853-0400-round-80/local/source-manifest.tsv: no unambiguous source match exists in the frozen Phase 1 source manifest,unknown,docs/audits/2026-07-20T175853-0400-round-80/cargo-draft/media-inventory.tsv,medium,no unambiguous source match exists in the frozen Phase 1 source manifest; JPEG has no alpha channel; Cargo library in_use=False; bodycopy reference is authoritative
77d6ef800db880c23fa1,image,Cargo library,unknown,,unknown,https://freight.cargo.site/t/original/i/J3028483300999764843502632482617/montran-pg-19.jpg,https://freight.cargo.site/t/original/i/J3028483300999764843502632482617/montran-pg-19.jpg,derived from Cargo media hash and filename; not observed in Phase 1 delivery,J3028483300999764843502632482617,montran-pg-19.jpg,original,,1400,788,unknown,unknown,unknown,unknown,unknown,jpg,image/jpeg,no,none,none (unreferenced),false,none,docs/audits/2026-07-20T175853-0400-round-80/local/source-manifest.tsv: no unambiguous source match exists in the frozen Phase 1 source manifest,unknown,docs/audits/2026-07-20T175853-0400-round-80/cargo-draft/media-inventory.tsv,medium,no unambiguous source match exists in the frozen Phase 1 source manifest; JPEG has no alpha channel; Cargo library in_use=False; bodycopy reference is authoritative
ecdbf9819ebaa162862c,image,Cargo library,unknown,,unknown,https://freight.cargo.site/t/original/i/W3028483313063935467708679239481/montran-pg-20.jpg,https://freight.cargo.site/t/original/i/W3028483313063935467708679239481/montran-pg-20.jpg,derived from Cargo media hash and filename; not observed in Phase 1 delivery,W3028483313063935467708679239481,montran-pg-20.jpg,original,,1400,788,unknown,unknown,unknown,unknown,unknown,jpg,image/jpeg,no,none,none (unreferenced),false,none,docs/audits/2026-07-20T175853-0400-round-80/local/source-manifest.tsv: no unambiguous source match exists in the frozen Phase 1 source manifest,unknown,docs/audits/2026-07-20T175853-0400-round-80/cargo-draft/media-inventory.tsv,medium,no unambiguous source match exists in the frozen Phase 1 source manifest; JPEG has no alpha channel; Cargo library in_use=False; bodycopy reference is authoritative
478d0ea8968a0db8286e,image,Cargo library,unknown,,unknown,https://freight.cargo.site/t/original/i/L3028483325054319115619887789881/montran-pg-21.jpg,https://freight.cargo.site/t/original/i/L3028483325054319115619887789881/montran-pg-21.jpg,derived from Cargo media hash and filename; not observed in Phase 1 delivery,L3028483325054319115619887789881,montran-pg-21.jpg,original,,1400,788,unknown,unknown,unknown,unknown,unknown,jpg,image/jpeg,no,none,none (unreferenced),false,none,docs/audits/2026-07-20T175853-0400-round-80/local/source-manifest.tsv: no unambiguous source match exists in the frozen Phase 1 source manifest,unknown,docs/audits/2026-07-20T175853-0400-round-80/cargo-draft/media-inventory.tsv,medium,no unambiguous source match exists in the frozen Phase 1 source manifest; JPEG has no alpha channel; Cargo library in_use=False; bodycopy reference is authoritative
ccb35fefb4b7d41f0240,image,Cargo library,unknown,,unknown,https://freight.cargo.site/t/original/i/L3028483337100042995752224995129/montran-pg-22.jpg,https://freight.cargo.site/t/original/i/L3028483337100042995752224995129/montran-pg-22.jpg,derived from Cargo media hash and filename; not observed in Phase 1 delivery,L3028483337100042995752224995129,montran-pg-22.jpg,original,,1400,788,unknown,unknown,unknown,unknown,unknown,jpg,image/jpeg,no,none,none (unreferenced),false,none,docs/audits/2026-07-20T175853-0400-round-80/local/source-manifest.tsv: no unambiguous source match exists in the frozen Phase 1 source manifest,unknown,docs/audits/2026-07-20T175853-0400-round-80/cargo-draft/media-inventory.tsv,medium,no unambiguous source match exists in the frozen Phase 1 source manifest; JPEG has no alpha channel; Cargo library in_use=False; bodycopy reference is authoritative
7f7145796cc65747c8eb,image,Cargo library,unknown,,unknown,https://freight.cargo.site/t/original/i/F3028483349201107108105690855225/montran-pg-23.jpg,https://freight.cargo.site/t/original/i/F3028483349201107108105690855225/montran-pg-23.jpg,derived from Cargo media hash and filename; not observed in Phase 1 delivery,F3028483349201107108105690855225,montran-pg-23.jpg,original,,1400,788,unknown,unknown,unknown,unknown,unknown,jpg,image/jpeg,no,none,none (unreferenced),false,none,docs/audits/2026-07-20T175853-0400-round-80/local/source-manifest.tsv: no unambiguous source match exists in the frozen Phase 1 source manifest,unknown,docs/audits/2026-07-20T175853-0400-round-80/cargo-draft/media-inventory.tsv,medium,no unambiguous source match exists in the frozen Phase 1 source manifest; JPEG has no alpha channel; Cargo library in_use=False; bodycopy reference is authoritative
60f41be4d4d0174926b4,image,Cargo library,unknown,,unknown,https://freight.cargo.site/t/original/i/V3028483361283724476385447163705/montran-pg-24.jpg,https://freight.cargo.site/t/original/i/V3028483361283724476385447163705/montran-pg-24.jpg,derived from Cargo media hash and filename; not observed in Phase 1 delivery,V3028483361283724476385447163705,montran-pg-24.jpg,original,,1400,788,unknown,unknown,unknown,unknown,unknown,jpg,image/jpeg,no,none,none (unreferenced),false,none,docs/audits/2026-07-20T175853-0400-round-80/local/source-manifest.tsv: no unambiguous source match exists in the frozen Phase 1 source manifest,unknown,docs/audits/2026-07-20T175853-0400-round-80/cargo-draft/media-inventory.tsv,medium,no unambiguous source match exists in the frozen Phase 1 source manifest; JPEG has no alpha channel; Cargo library in_use=False; bodycopy reference is authoritative
ec6a6b83683665dbd3ae,image,Cargo library,unknown,,unknown,https://freight.cargo.site/t/original/i/U3028483373329448356517784368953/montran-pg-25.jpg,https://freight.cargo.site/t/original/i/U3028483373329448356517784368953/montran-pg-25.jpg,derived from Cargo media hash and filename; not observed in Phase 1 delivery,U3028483373329448356517784368953,montran-pg-25.jpg,original,,1400,788,unknown,unknown,unknown,unknown,unknown,jpg,image/jpeg,no,none,none (unreferenced),false,none,docs/audits/2026-07-20T175853-0400-round-80/local/source-manifest.tsv: no unambiguous source match exists in the frozen Phase 1 source manifest,unknown,docs/audits/2026-07-20T175853-0400-round-80/cargo-draft/media-inventory.tsv,medium,no unambiguous source match exists in the frozen Phase 1 source manifest; JPEG has no alpha channel; Cargo library in_use=False; bodycopy reference is authoritative
d1c873953cdd99fc791b,image,Cargo library,unknown,,unknown,https://freight.cargo.site/t/original/i/U3028483385375172236650121574201/montran-pg-26.jpg,https://freight.cargo.site/t/original/i/U3028483385375172236650121574201/montran-pg-26.jpg,derived from Cargo media hash and filename; not observed in Phase 1 delivery,U3028483385375172236650121574201,montran-pg-26.jpg,original,,1400,788,unknown,unknown,unknown,unknown,unknown,jpg,image/jpeg,no,none,none (unreferenced),false,none,docs/audits/2026-07-20T175853-0400-round-80/local/source-manifest.tsv: no unambiguous source match exists in the frozen Phase 1 source manifest,unknown,docs/audits/2026-07-20T175853-0400-round-80/cargo-draft/media-inventory.tsv,medium,no unambiguous source match exists in the frozen Phase 1 source manifest; JPEG has no alpha channel; Cargo library in_use=False; bodycopy reference is authoritative
05677124d837b913c7e1,image,Cargo library,unknown,,unknown,https://freight.cargo.site/t/original/i/N3028483397457789604929877882681/montran-pg-27.jpg,https://freight.cargo.site/t/original/i/N3028483397457789604929877882681/montran-pg-27.jpg,derived from Cargo media hash and filename; not observed in Phase 1 delivery,N3028483397457789604929877882681,montran-pg-27.jpg,original,,1400,788,unknown,unknown,unknown,unknown,unknown,jpg,image/jpeg,no,none,none (unreferenced),false,none,docs/audits/2026-07-20T175853-0400-round-80/local/source-manifest.tsv: no unambiguous source match exists in the frozen Phase 1 source manifest,unknown,docs/audits/2026-07-20T175853-0400-round-80/cargo-draft/media-inventory.tsv,medium,no unambiguous source match exists in the frozen Phase 1 source manifest; JPEG has no alpha channel; Cargo library in_use=False; bodycopy reference is authoritative
27ecb89ac72f6d6a4569,image,Cargo library,unknown,,unknown,https://freight.cargo.site/t/original/i/J3028483409540406973209634191161/montran-pg-28.jpg,https://freight.cargo.site/t/original/i/J3028483409540406973209634191161/montran-pg-28.jpg,derived from Cargo media hash and filename; not observed in Phase 1 delivery,J3028483409540406973209634191161,montran-pg-28.jpg,original,,1400,788,unknown,unknown,unknown,unknown,unknown,jpg,image/jpeg,no,none,none (unreferenced),false,none,docs/audits/2026-07-20T175853-0400-round-80/local/source-manifest.tsv: no unambiguous source match exists in the frozen Phase 1 source manifest,unknown,docs/audits/2026-07-20T175853-0400-round-80/cargo-draft/media-inventory.tsv,medium,no unambiguous source match exists in the frozen Phase 1 source manifest; JPEG has no alpha channel; Cargo library in_use=False; bodycopy reference is authoritative
11061abfe3b06a4f5e84,image,Cargo library,unknown,,unknown,https://freight.cargo.site/t/original/i/Q3028483421604577597415680948025/montran-pg-29.jpg,https://freight.cargo.site/t/original/i/Q3028483421604577597415680948025/montran-pg-29.jpg,derived from Cargo media hash and filename; not observed in Phase 1 delivery,Q3028483421604577597415680948025,montran-pg-29.jpg,original,,1400,788,unknown,unknown,unknown,unknown,unknown,jpg,image/jpeg,no,none,none (unreferenced),false,none,docs/audits/2026-07-20T175853-0400-round-80/local/source-manifest.tsv: no unambiguous source match exists in the frozen Phase 1 source manifest,unknown,docs/audits/2026-07-20T175853-0400-round-80/cargo-draft/media-inventory.tsv,medium,no unambiguous source match exists in the frozen Phase 1 source manifest; JPEG has no alpha channel; Cargo library in_use=False; bodycopy reference is authoritative
c3f8b830921c629422b9,image,Cargo library,unknown,,unknown,https://freight.cargo.site/t/original/i/Y3028483433687194965695437256505/montran-pg-30.jpg,https://freight.cargo.site/t/original/i/Y3028483433687194965695437256505/montran-pg-30.jpg,derived from Cargo media hash and filename; not observed in Phase 1 delivery,Y3028483433687194965695437256505,montran-pg-30.jpg,original,,1400,788,unknown,unknown,unknown,unknown,unknown,jpg,image/jpeg,no,none,none (unreferenced),false,none,docs/audits/2026-07-20T175853-0400-round-80/local/source-manifest.tsv: no unambiguous source match exists in the frozen Phase 1 source manifest,unknown,docs/audits/2026-07-20T175853-0400-round-80/cargo-draft/media-inventory.tsv,medium,no unambiguous source match exists in the frozen Phase 1 source manifest; JPEG has no alpha channel; Cargo library in_use=False; bodycopy reference is authoritative
c42cf70a0d2001c7e144,image,Cargo library,unknown,,unknown,https://freight.cargo.site/t/original/i/M3028483445732918845827774461753/montran-pg-31.jpg,https://freight.cargo.site/t/original/i/M3028483445732918845827774461753/montran-pg-31.jpg,derived from Cargo media hash and filename; not observed in Phase 1 delivery,M3028483445732918845827774461753,montran-pg-31.jpg,original,,1400,788,unknown,unknown,unknown,unknown,unknown,jpg,image/jpeg,no,none,none (unreferenced),false,none,docs/audits/2026-07-20T175853-0400-round-80/local/source-manifest.tsv: no unambiguous source match exists in the frozen Phase 1 source manifest,unknown,docs/audits/2026-07-20T175853-0400-round-80/cargo-draft/media-inventory.tsv,medium,no unambiguous source match exists in the frozen Phase 1 source manifest; JPEG has no alpha channel; Cargo library in_use=False; bodycopy reference is authoritative
59e2c423d206c6728f1f,image,Cargo library,unknown,,unknown,https://freight.cargo.site/t/original/i/O3028483457815536214107530770233/montran-pg-32.jpg,https://freight.cargo.site/t/original/i/O3028483457815536214107530770233/montran-pg-32.jpg,derived from Cargo media hash and filename; not observed in Phase 1 delivery,O3028483457815536214107530770233,montran-pg-32.jpg,original,,1400,788,unknown,unknown,unknown,unknown,unknown,jpg,image/jpeg,no,none,none (unreferenced),false,none,docs/audits/2026-07-20T175853-0400-round-80/local/source-manifest.tsv: no unambiguous source match exists in the frozen Phase 1 source manifest,unknown,docs/audits/2026-07-20T175853-0400-round-80/cargo-draft/media-inventory.tsv,medium,no unambiguous source match exists in the frozen Phase 1 source manifest; JPEG has no alpha channel; Cargo library in_use=False; bodycopy reference is authoritative
5cc07ac6953008e781f4,image,Cargo library,unknown,,unknown,https://freight.cargo.site/t/original/i/D3028483469842813350166158423865/montran-pg-33.jpg,https://freight.cargo.site/t/original/i/D3028483469842813350166158423865/montran-pg-33.jpg,derived from Cargo media hash and filename; not observed in Phase 1 delivery,D3028483469842813350166158423865,montran-pg-33.jpg,original,,1400,788,unknown,unknown,unknown,unknown,unknown,jpg,image/jpeg,no,none,none (unreferenced),false,none,docs/audits/2026-07-20T175853-0400-round-80/local/source-manifest.tsv: no unambiguous source match exists in the frozen Phase 1 source manifest,unknown,docs/audits/2026-07-20T175853-0400-round-80/cargo-draft/media-inventory.tsv,medium,no unambiguous source match exists in the frozen Phase 1 source manifest; JPEG has no alpha channel; Cargo library in_use=False; bodycopy reference is authoritative
7d6d01fb70b1f972d362,image,Cargo library,unknown,,unknown,https://freight.cargo.site/t/original/i/L3028483481962324206593333835577/montran-pg-34.jpg,https://freight.cargo.site/t/original/i/L3028483481962324206593333835577/montran-pg-34.jpg,derived from Cargo media hash and filename; not observed in Phase 1 delivery,L3028483481962324206593333835577,montran-pg-34.jpg,original,,1400,788,unknown,unknown,unknown,unknown,unknown,jpg,image/jpeg,no,none,none (unreferenced),false,none,docs/audits/2026-07-20T175853-0400-round-80/local/source-manifest.tsv: no unambiguous source match exists in the frozen Phase 1 source manifest,unknown,docs/audits/2026-07-20T175853-0400-round-80/cargo-draft/media-inventory.tsv,medium,no unambiguous source match exists in the frozen Phase 1 source manifest; JPEG has no alpha channel; Cargo library in_use=False; bodycopy reference is authoritative
1e97fdd2ee095c31e625,image,Cargo library,unknown,,unknown,https://freight.cargo.site/t/original/i/R3028483493989601342651961489209/montran-pg-35.jpg,https://freight.cargo.site/t/original/i/R3028483493989601342651961489209/montran-pg-35.jpg,derived from Cargo media hash and filename; not observed in Phase 1 delivery,R3028483493989601342651961489209,montran-pg-35.jpg,original,,1400,788,unknown,unknown,unknown,unknown,unknown,jpg,image/jpeg,no,none,none (unreferenced),false,none,docs/audits/2026-07-20T175853-0400-round-80/local/source-manifest.tsv: no unambiguous source match exists in the frozen Phase 1 source manifest,unknown,docs/audits/2026-07-20T175853-0400-round-80/cargo-draft/media-inventory.tsv,medium,no unambiguous source match exists in the frozen Phase 1 source manifest; JPEG has no alpha channel; Cargo library in_use=False; bodycopy reference is authoritative
d47ff15ae3adbcbb68a2,image,Cargo library,unknown,,unknown,https://freight.cargo.site/t/original/i/H3028483505979984990563170039609/montran-pg-36.jpg,https://freight.cargo.site/t/original/i/H3028483505979984990563170039609/montran-pg-36.jpg,derived from Cargo media hash and filename; not observed in Phase 1 delivery,H3028483505979984990563170039609,montran-pg-36.jpg,original,,1400,788,unknown,unknown,unknown,unknown,unknown,jpg,image/jpeg,no,none,none (unreferenced),false,none,docs/audits/2026-07-20T175853-0400-round-80/local/source-manifest.tsv: no unambiguous source match exists in the frozen Phase 1 source manifest,unknown,docs/audits/2026-07-20T175853-0400-round-80/cargo-draft/media-inventory.tsv,medium,no unambiguous source match exists in the frozen Phase 1 source manifest; JPEG has no alpha channel; Cargo library in_use=False; bodycopy reference is authoritative
64798fc0f69ca1044c9a,image,Cargo library,unknown,,unknown,https://freight.cargo.site/t/original/i/Y3028483518099495846990345451321/montran-pg-37.jpg,https://freight.cargo.site/t/original/i/Y3028483518099495846990345451321/montran-pg-37.jpg,derived from Cargo media hash and filename; not observed in Phase 1 delivery,Y3028483518099495846990345451321,montran-pg-37.jpg,original,,1400,788,unknown,unknown,unknown,unknown,unknown,jpg,image/jpeg,no,none,none (unreferenced),false,none,docs/audits/2026-07-20T175853-0400-round-80/local/source-manifest.tsv: no unambiguous source match exists in the frozen Phase 1 source manifest,unknown,docs/audits/2026-07-20T175853-0400-round-80/cargo-draft/media-inventory.tsv,medium,no unambiguous source match exists in the frozen Phase 1 source manifest; JPEG has no alpha channel; Cargo library in_use=False; bodycopy reference is authoritative
814e6e4083fcd7829be6,image,Cargo library,unknown,,unknown,https://freight.cargo.site/t/original/i/L3028483530163666471196392208185/montran-pg-38.jpg,https://freight.cargo.site/t/original/i/L3028483530163666471196392208185/montran-pg-38.jpg,derived from Cargo media hash and filename; not observed in Phase 1 delivery,L3028483530163666471196392208185,montran-pg-38.jpg,original,,1400,788,unknown,unknown,unknown,unknown,unknown,jpg,image/jpeg,no,none,none (unreferenced),false,none,docs/audits/2026-07-20T175853-0400-round-80/local/source-manifest.tsv: no unambiguous source match exists in the frozen Phase 1 source manifest,unknown,docs/audits/2026-07-20T175853-0400-round-80/cargo-draft/media-inventory.tsv,medium,no unambiguous source match exists in the frozen Phase 1 source manifest; JPEG has no alpha channel; Cargo library in_use=False; bodycopy reference is authoritative
6fed95822aebdec44cd1,image,Cargo library,unknown,,unknown,https://freight.cargo.site/t/original/i/G3028483542227837095402438965049/montran-pg-39.jpg,https://freight.cargo.site/t/original/i/G3028483542227837095402438965049/montran-pg-39.jpg,derived from Cargo media hash and filename; not observed in Phase 1 delivery,G3028483542227837095402438965049,montran-pg-39.jpg,original,,1400,788,unknown,unknown,unknown,unknown,unknown,jpg,image/jpeg,no,none,none (unreferenced),false,none,docs/audits/2026-07-20T175853-0400-round-80/local/source-manifest.tsv: no unambiguous source match exists in the frozen Phase 1 source manifest,unknown,docs/audits/2026-07-20T175853-0400-round-80/cargo-draft/media-inventory.tsv,medium,no unambiguous source match exists in the frozen Phase 1 source manifest; JPEG has no alpha channel; Cargo library in_use=False; bodycopy reference is authoritative
c8f416c85c7c020c9636,image,Cargo library,unknown,,unknown,https://freight.cargo.site/t/original/i/J3028483554310454463682195273529/montran-pg-40.jpg,https://freight.cargo.site/t/original/i/J3028483554310454463682195273529/montran-pg-40.jpg,derived from Cargo media hash and filename; not observed in Phase 1 delivery,J3028483554310454463682195273529,montran-pg-40.jpg,original,,1400,788,unknown,unknown,unknown,unknown,unknown,jpg,image/jpeg,no,none,none (unreferenced),false,none,docs/audits/2026-07-20T175853-0400-round-80/local/source-manifest.tsv: no unambiguous source match exists in the frozen Phase 1 source manifest,unknown,docs/audits/2026-07-20T175853-0400-round-80/cargo-draft/media-inventory.tsv,medium,no unambiguous source match exists in the frozen Phase 1 source manifest; JPEG has no alpha channel; Cargo library in_use=False; bodycopy reference is authoritative
aa1c922bcc27afefa83a,image,Cargo library,unknown,,unknown,https://freight.cargo.site/t/original/i/F3028483566393071831961951582009/montran-pg-41.jpg,https://freight.cargo.site/t/original/i/F3028483566393071831961951582009/montran-pg-41.jpg,derived from Cargo media hash and filename; not observed in Phase 1 delivery,F3028483566393071831961951582009,montran-pg-41.jpg,original,,1400,788,unknown,unknown,unknown,unknown,unknown,jpg,image/jpeg,no,none,none (unreferenced),false,none,docs/audits/2026-07-20T175853-0400-round-80/local/source-manifest.tsv: no unambiguous source match exists in the frozen Phase 1 source manifest,unknown,docs/audits/2026-07-20T175853-0400-round-80/cargo-draft/media-inventory.tsv,medium,no unambiguous source match exists in the frozen Phase 1 source manifest; JPEG has no alpha channel; Cargo library in_use=False; bodycopy reference is authoritative
57d1d95260dd64f7b371,image,Cargo library,unknown,,unknown,https://freight.cargo.site/t/original/i/A3028483578494135944315417442105/montran-pg-42.jpg,https://freight.cargo.site/t/original/i/A3028483578494135944315417442105/montran-pg-42.jpg,derived from Cargo media hash and filename; not observed in Phase 1 delivery,A3028483578494135944315417442105,montran-pg-42.jpg,original,,1400,788,unknown,unknown,unknown,unknown,unknown,jpg,image/jpeg,no,none,none (unreferenced),false,none,docs/audits/2026-07-20T175853-0400-round-80/local/source-manifest.tsv: no unambiguous source match exists in the frozen Phase 1 source manifest,unknown,docs/audits/2026-07-20T175853-0400-round-80/cargo-draft/media-inventory.tsv,medium,no unambiguous source match exists in the frozen Phase 1 source manifest; JPEG has no alpha channel; Cargo library in_use=False; bodycopy reference is authoritative
5ce092fedb4f5d6aaa2d,image,Cargo library,unknown,,unknown,https://freight.cargo.site/t/original/i/Z3028483590576753312595173750585/montran-pg-43.jpg,https://freight.cargo.site/t/original/i/Z3028483590576753312595173750585/montran-pg-43.jpg,derived from Cargo media hash and filename; not observed in Phase 1 delivery,Z3028483590576753312595173750585,montran-pg-43.jpg,original,,1400,788,unknown,unknown,unknown,unknown,unknown,jpg,image/jpeg,no,none,none (unreferenced),false,none,docs/audits/2026-07-20T175853-0400-round-80/local/source-manifest.tsv: no unambiguous source match exists in the frozen Phase 1 source manifest,unknown,docs/audits/2026-07-20T175853-0400-round-80/cargo-draft/media-inventory.tsv,medium,no unambiguous source match exists in the frozen Phase 1 source manifest; JPEG has no alpha channel; Cargo library in_use=False; bodycopy reference is authoritative
d1c1a9a7ac9487f6833f,image,Cargo library,unknown,,unknown,https://freight.cargo.site/t/original/i/B3028483602567136960506382300985/montran-pg-44.jpg,https://freight.cargo.site/t/original/i/B3028483602567136960506382300985/montran-pg-44.jpg,derived from Cargo media hash and filename; not observed in Phase 1 delivery,B3028483602567136960506382300985,montran-pg-44.jpg,original,,1400,788,unknown,unknown,unknown,unknown,unknown,jpg,image/jpeg,no,none,none (unreferenced),false,none,docs/audits/2026-07-20T175853-0400-round-80/local/source-manifest.tsv: no unambiguous source match exists in the frozen Phase 1 source manifest,unknown,docs/audits/2026-07-20T175853-0400-round-80/cargo-draft/media-inventory.tsv,medium,no unambiguous source match exists in the frozen Phase 1 source manifest; JPEG has no alpha channel; Cargo library in_use=False; bodycopy reference is authoritative
9a8601b09b846847afa6,image,Cargo library,unknown,,unknown,https://freight.cargo.site/t/original/i/M3028483614686647816933557712697/montran-pg-45.jpg,https://freight.cargo.site/t/original/i/M3028483614686647816933557712697/montran-pg-45.jpg,derived from Cargo media hash and filename; not observed in Phase 1 delivery,M3028483614686647816933557712697,montran-pg-45.jpg,original,,1400,788,unknown,unknown,unknown,unknown,unknown,jpg,image/jpeg,no,none,none (unreferenced),false,none,docs/audits/2026-07-20T175853-0400-round-80/local/source-manifest.tsv: no unambiguous source match exists in the frozen Phase 1 source manifest,unknown,docs/audits/2026-07-20T175853-0400-round-80/cargo-draft/media-inventory.tsv,medium,no unambiguous source match exists in the frozen Phase 1 source manifest; JPEG has no alpha channel; Cargo library in_use=False; bodycopy reference is authoritative
5e36f3ee93407b0f5484,image,Cargo library,unknown,,unknown,https://freight.cargo.site/t/original/i/Z3028483626824605417434442676025/montran-pg-46.jpg,https://freight.cargo.site/t/original/i/Z3028483626824605417434442676025/montran-pg-46.jpg,derived from Cargo media hash and filename; not observed in Phase 1 delivery,Z3028483626824605417434442676025,montran-pg-46.jpg,original,,1400,788,unknown,unknown,unknown,unknown,unknown,jpg,image/jpeg,no,none,none (unreferenced),false,none,docs/audits/2026-07-20T175853-0400-round-80/local/source-manifest.tsv: no unambiguous source match exists in the frozen Phase 1 source manifest,unknown,docs/audits/2026-07-20T175853-0400-round-80/cargo-draft/media-inventory.tsv,medium,no unambiguous source match exists in the frozen Phase 1 source manifest; JPEG has no alpha channel; Cargo library in_use=False; bodycopy reference is authoritative
a864707a46c975aa63df,image,Cargo library,unknown,,unknown,https://freight.cargo.site/t/original/i/D3028483638870329297566779881273/montran-pg-47.jpg,https://freight.cargo.site/t/original/i/D3028483638870329297566779881273/montran-pg-47.jpg,derived from Cargo media hash and filename; not observed in Phase 1 delivery,D3028483638870329297566779881273,montran-pg-47.jpg,original,,1400,788,unknown,unknown,unknown,unknown,unknown,jpg,image/jpeg,no,none,none (unreferenced),false,none,docs/audits/2026-07-20T175853-0400-round-80/local/source-manifest.tsv: no unambiguous source match exists in the frozen Phase 1 source manifest,unknown,docs/audits/2026-07-20T175853-0400-round-80/cargo-draft/media-inventory.tsv,medium,no unambiguous source match exists in the frozen Phase 1 source manifest; JPEG has no alpha channel; Cargo library in_use=False; bodycopy reference is authoritative
2a55b131b8536757775e,image,Cargo library,unknown,,unknown,https://freight.cargo.site/t/original/i/C3028483650897606433625407534905/montran-pg-48.jpg,https://freight.cargo.site/t/original/i/C3028483650897606433625407534905/montran-pg-48.jpg,derived from Cargo media hash and filename; not observed in Phase 1 delivery,C3028483650897606433625407534905,montran-pg-48.jpg,original,,1400,788,unknown,unknown,unknown,unknown,unknown,jpg,image/jpeg,no,none,none (unreferenced),false,none,docs/audits/2026-07-20T175853-0400-round-80/local/source-manifest.tsv: no unambiguous source match exists in the frozen Phase 1 source manifest,unknown,docs/audits/2026-07-20T175853-0400-round-80/cargo-draft/media-inventory.tsv,medium,no unambiguous source match exists in the frozen Phase 1 source manifest; JPEG has no alpha channel; Cargo library in_use=False; bodycopy reference is authoritative
83e3ff1202eccde635ea,image,Cargo library,unknown,,unknown,https://freight.cargo.site/t/original/i/J3028483663035564034126292498233/montran-pg-49.jpg,https://freight.cargo.site/t/original/i/J3028483663035564034126292498233/montran-pg-49.jpg,derived from Cargo media hash and filename; not observed in Phase 1 delivery,J3028483663035564034126292498233,montran-pg-49.jpg,original,,1400,788,unknown,unknown,unknown,unknown,unknown,jpg,image/jpeg,no,none,none (unreferenced),false,none,docs/audits/2026-07-20T175853-0400-round-80/local/source-manifest.tsv: no unambiguous source match exists in the frozen Phase 1 source manifest,unknown,docs/audits/2026-07-20T175853-0400-round-80/cargo-draft/media-inventory.tsv,medium,no unambiguous source match exists in the frozen Phase 1 source manifest; JPEG has no alpha channel; Cargo library in_use=False; bodycopy reference is authoritative
4fcd7436a0c45430cd89,image,Cargo library,unknown,,unknown,https://freight.cargo.site/t/original/i/X3028483675081287914258629703481/montran-pg-50.jpg,https://freight.cargo.site/t/original/i/X3028483675081287914258629703481/montran-pg-50.jpg,derived from Cargo media hash and filename; not observed in Phase 1 delivery,X3028483675081287914258629703481,montran-pg-50.jpg,original,,1400,788,unknown,unknown,unknown,unknown,unknown,jpg,image/jpeg,no,none,none (unreferenced),false,none,docs/audits/2026-07-20T175853-0400-round-80/local/source-manifest.tsv: no unambiguous source match exists in the frozen Phase 1 source manifest,unknown,docs/audits/2026-07-20T175853-0400-round-80/cargo-draft/media-inventory.tsv,medium,no unambiguous source match exists in the frozen Phase 1 source manifest; JPEG has no alpha channel; Cargo library in_use=False; bodycopy reference is authoritative
c315c732b17eb1a56024,image,Cargo library,unknown,,unknown,https://freight.cargo.site/t/original/i/U3028483687163905282538386011961/montran-pg-51.jpg,https://freight.cargo.site/t/original/i/U3028483687163905282538386011961/montran-pg-51.jpg,derived from Cargo media hash and filename; not observed in Phase 1 delivery,U3028483687163905282538386011961,montran-pg-51.jpg,original,,1400,788,unknown,unknown,unknown,unknown,unknown,jpg,image/jpeg,no,none,none (unreferenced),false,none,docs/audits/2026-07-20T175853-0400-round-80/local/source-manifest.tsv: no unambiguous source match exists in the frozen Phase 1 source manifest,unknown,docs/audits/2026-07-20T175853-0400-round-80/cargo-draft/media-inventory.tsv,medium,no unambiguous source match exists in the frozen Phase 1 source manifest; JPEG has no alpha channel; Cargo library in_use=False; bodycopy reference is authoritative
f2bbf0be9e0c0076532c,image,Cargo library,unknown,,unknown,https://freight.cargo.site/t/original/i/G3028483699246522650818142320441/montran-pg-52.jpg,https://freight.cargo.site/t/original/i/G3028483699246522650818142320441/montran-pg-52.jpg,derived from Cargo media hash and filename; not observed in Phase 1 delivery,G3028483699246522650818142320441,montran-pg-52.jpg,original,,1400,788,unknown,unknown,unknown,unknown,unknown,jpg,image/jpeg,no,none,none (unreferenced),false,none,docs/audits/2026-07-20T175853-0400-round-80/local/source-manifest.tsv: no unambiguous source match exists in the frozen Phase 1 source manifest,unknown,docs/audits/2026-07-20T175853-0400-round-80/cargo-draft/media-inventory.tsv,medium,no unambiguous source match exists in the frozen Phase 1 source manifest; JPEG has no alpha channel; Cargo library in_use=False; bodycopy reference is authoritative
db05486ad5a24487a4bf,image,Cargo library,unknown,,unknown,https://freight.cargo.site/t/original/i/M3028483711366033507245317732153/montran-pg-53.jpg,https://freight.cargo.site/t/original/i/M3028483711366033507245317732153/montran-pg-53.jpg,derived from Cargo media hash and filename; not observed in Phase 1 delivery,M3028483711366033507245317732153,montran-pg-53.jpg,original,,1400,788,unknown,unknown,unknown,unknown,unknown,jpg,image/jpeg,no,none,none (unreferenced),false,none,docs/audits/2026-07-20T175853-0400-round-80/local/source-manifest.tsv: no unambiguous source match exists in the frozen Phase 1 source manifest,unknown,docs/audits/2026-07-20T175853-0400-round-80/cargo-draft/media-inventory.tsv,medium,no unambiguous source match exists in the frozen Phase 1 source manifest; JPEG has no alpha channel; Cargo library in_use=False; bodycopy reference is authoritative
63c2ebefd97e94bfbe8a,image,Cargo library,unknown,,unknown,https://freight.cargo.site/t/original/i/S3028483723430204131451364489017/montran-pg-54.jpg,https://freight.cargo.site/t/original/i/S3028483723430204131451364489017/montran-pg-54.jpg,derived from Cargo media hash and filename; not observed in Phase 1 delivery,S3028483723430204131451364489017,montran-pg-54.jpg,original,,1400,788,unknown,unknown,unknown,unknown,unknown,jpg,image/jpeg,no,none,none (unreferenced),false,none,docs/audits/2026-07-20T175853-0400-round-80/local/source-manifest.tsv: no unambiguous source match exists in the frozen Phase 1 source manifest,unknown,docs/audits/2026-07-20T175853-0400-round-80/cargo-draft/media-inventory.tsv,medium,no unambiguous source match exists in the frozen Phase 1 source manifest; JPEG has no alpha channel; Cargo library in_use=False; bodycopy reference is authoritative
4e294a5dd0ea115c61cd,image,Cargo library,unknown,,unknown,https://freight.cargo.site/t/original/i/J3028483735494374755657411245881/montran-pg-55.jpg,https://freight.cargo.site/t/original/i/J3028483735494374755657411245881/montran-pg-55.jpg,derived from Cargo media hash and filename; not observed in Phase 1 delivery,J3028483735494374755657411245881,montran-pg-55.jpg,original,,1400,788,unknown,unknown,unknown,unknown,unknown,jpg,image/jpeg,no,none,none (unreferenced),false,none,docs/audits/2026-07-20T175853-0400-round-80/local/source-manifest.tsv: no unambiguous source match exists in the frozen Phase 1 source manifest,unknown,docs/audits/2026-07-20T175853-0400-round-80/cargo-draft/media-inventory.tsv,medium,no unambiguous source match exists in the frozen Phase 1 source manifest; JPEG has no alpha channel; Cargo library in_use=False; bodycopy reference is authoritative
37444b4a6e8ff94db512,image,Cargo library,unknown,,unknown,https://freight.cargo.site/t/original/i/R3028483747632332356158296209209/montran-pg-56.jpg,https://freight.cargo.site/t/original/i/R3028483747632332356158296209209/montran-pg-56.jpg,derived from Cargo media hash and filename; not observed in Phase 1 delivery,R3028483747632332356158296209209,montran-pg-56.jpg,original,,1400,788,unknown,unknown,unknown,unknown,unknown,jpg,image/jpeg,no,none,none (unreferenced),false,none,docs/audits/2026-07-20T175853-0400-round-80/local/source-manifest.tsv: no unambiguous source match exists in the frozen Phase 1 source manifest,unknown,docs/audits/2026-07-20T175853-0400-round-80/cargo-draft/media-inventory.tsv,medium,no unambiguous source match exists in the frozen Phase 1 source manifest; JPEG has no alpha channel; Cargo library in_use=False; bodycopy reference is authoritative
d1de69964eff460a4236,image,Cargo library,unknown,,unknown,https://freight.cargo.site/t/original/i/Y3028483759696502980364342966073/montran-pg-57.jpg,https://freight.cargo.site/t/original/i/Y3028483759696502980364342966073/montran-pg-57.jpg,derived from Cargo media hash and filename; not observed in Phase 1 delivery,Y3028483759696502980364342966073,montran-pg-57.jpg,original,,1400,788,unknown,unknown,unknown,unknown,unknown,jpg,image/jpeg,no,none,none (unreferenced),false,none,docs/audits/2026-07-20T175853-0400-round-80/local/source-manifest.tsv: no unambiguous source match exists in the frozen Phase 1 source manifest,unknown,docs/audits/2026-07-20T175853-0400-round-80/cargo-draft/media-inventory.tsv,medium,no unambiguous source match exists in the frozen Phase 1 source manifest; JPEG has no alpha channel; Cargo library in_use=False; bodycopy reference is authoritative
955f835afbdfa4798507,image,Cargo library,unknown,,unknown,https://freight.cargo.site/t/original/i/R3028483771742226860496680171321/montran-pg-58.jpg,https://freight.cargo.site/t/original/i/R3028483771742226860496680171321/montran-pg-58.jpg,derived from Cargo media hash and filename; not observed in Phase 1 delivery,R3028483771742226860496680171321,montran-pg-58.jpg,original,,1400,788,unknown,unknown,unknown,unknown,unknown,jpg,image/jpeg,no,none,none (unreferenced),false,none,docs/audits/2026-07-20T175853-0400-round-80/local/source-manifest.tsv: no unambiguous source match exists in the frozen Phase 1 source manifest,unknown,docs/audits/2026-07-20T175853-0400-round-80/cargo-draft/media-inventory.tsv,medium,no unambiguous source match exists in the frozen Phase 1 source manifest; JPEG has no alpha channel; Cargo library in_use=False; bodycopy reference is authoritative
24e0edded8e00df14e03,image,Cargo library,unknown,,unknown,https://freight.cargo.site/t/original/i/R3028483783861737716923855583033/montran-pg-59.jpg,https://freight.cargo.site/t/original/i/R3028483783861737716923855583033/montran-pg-59.jpg,derived from Cargo media hash and filename; not observed in Phase 1 delivery,R3028483783861737716923855583033,montran-pg-59.jpg,original,,1400,788,unknown,unknown,unknown,unknown,unknown,jpg,image/jpeg,no,none,none (unreferenced),false,none,docs/audits/2026-07-20T175853-0400-round-80/local/source-manifest.tsv: no unambiguous source match exists in the frozen Phase 1 source manifest,unknown,docs/audits/2026-07-20T175853-0400-round-80/cargo-draft/media-inventory.tsv,medium,no unambiguous source match exists in the frozen Phase 1 source manifest; JPEG has no alpha channel; Cargo library in_use=False; bodycopy reference is authoritative
f373fff79ddfd46bad2e,image,Cargo library,unknown,,unknown,https://freight.cargo.site/t/original/i/D3028483795944355085203611891513/montran-pg-60.jpg,https://freight.cargo.site/t/original/i/D3028483795944355085203611891513/montran-pg-60.jpg,derived from Cargo media hash and filename; not observed in Phase 1 delivery,D3028483795944355085203611891513,montran-pg-60.jpg,original,,1400,788,unknown,unknown,unknown,unknown,unknown,jpg,image/jpeg,no,none,none (unreferenced),false,none,docs/audits/2026-07-20T175853-0400-round-80/local/source-manifest.tsv: no unambiguous source match exists in the frozen Phase 1 source manifest,unknown,docs/audits/2026-07-20T175853-0400-round-80/cargo-draft/media-inventory.tsv,medium,no unambiguous source match exists in the frozen Phase 1 source manifest; JPEG has no alpha channel; Cargo library in_use=False; bodycopy reference is authoritative
158e2ca13f242ce121de,image,Cargo library,unknown,,unknown,https://freight.cargo.site/t/original/i/T3028483807990078965335949096761/montran-pg-61.jpg,https://freight.cargo.site/t/original/i/T3028483807990078965335949096761/montran-pg-61.jpg,derived from Cargo media hash and filename; not observed in Phase 1 delivery,T3028483807990078965335949096761,montran-pg-61.jpg,original,,1400,788,unknown,unknown,unknown,unknown,unknown,jpg,image/jpeg,no,none,none (unreferenced),false,none,docs/audits/2026-07-20T175853-0400-round-80/local/source-manifest.tsv: no unambiguous source match exists in the frozen Phase 1 source manifest,unknown,docs/audits/2026-07-20T175853-0400-round-80/cargo-draft/media-inventory.tsv,medium,no unambiguous source match exists in the frozen Phase 1 source manifest; JPEG has no alpha channel; Cargo library in_use=False; bodycopy reference is authoritative
f2a07425651a82adf6ad,image,Cargo library,unknown,,unknown,https://freight.cargo.site/t/original/i/X3028483820072696333615705405241/montran-pg-62.jpg,https://freight.cargo.site/t/original/i/X3028483820072696333615705405241/montran-pg-62.jpg,derived from Cargo media hash and filename; not observed in Phase 1 delivery,X3028483820072696333615705405241,montran-pg-62.jpg,original,,1400,788,unknown,unknown,unknown,unknown,unknown,jpg,image/jpeg,no,none,none (unreferenced),false,none,docs/audits/2026-07-20T175853-0400-round-80/local/source-manifest.tsv: no unambiguous source match exists in the frozen Phase 1 source manifest,unknown,docs/audits/2026-07-20T175853-0400-round-80/cargo-draft/media-inventory.tsv,medium,no unambiguous source match exists in the frozen Phase 1 source manifest; JPEG has no alpha channel; Cargo library in_use=False; bodycopy reference is authoritative
9f7c65c61de450f774e1,image,Cargo library,unknown,,unknown,https://freight.cargo.site/t/original/i/C3028483832192207190042880816953/montran-pg-63.jpg,https://freight.cargo.site/t/original/i/C3028483832192207190042880816953/montran-pg-63.jpg,derived from Cargo media hash and filename; not observed in Phase 1 delivery,C3028483832192207190042880816953,montran-pg-63.jpg,original,,1400,788,unknown,unknown,unknown,unknown,unknown,jpg,image/jpeg,no,none,none (unreferenced),false,none,docs/audits/2026-07-20T175853-0400-round-80/local/source-manifest.tsv: no unambiguous source match exists in the frozen Phase 1 source manifest,unknown,docs/audits/2026-07-20T175853-0400-round-80/cargo-draft/media-inventory.tsv,medium,no unambiguous source match exists in the frozen Phase 1 source manifest; JPEG has no alpha channel; Cargo library in_use=False; bodycopy reference is authoritative
f3df9b9222898c2b7db5,image,Cargo library,unknown,,unknown,https://freight.cargo.site/t/original/i/S3028483844311718046470056228665/montran-pg-64.jpg,https://freight.cargo.site/t/original/i/S3028483844311718046470056228665/montran-pg-64.jpg,derived from Cargo media hash and filename; not observed in Phase 1 delivery,S3028483844311718046470056228665,montran-pg-64.jpg,original,,1400,788,unknown,unknown,unknown,unknown,unknown,jpg,image/jpeg,no,none,none (unreferenced),false,none,docs/audits/2026-07-20T175853-0400-round-80/local/source-manifest.tsv: no unambiguous source match exists in the frozen Phase 1 source manifest,unknown,docs/audits/2026-07-20T175853-0400-round-80/cargo-draft/media-inventory.tsv,medium,no unambiguous source match exists in the frozen Phase 1 source manifest; JPEG has no alpha channel; Cargo library in_use=False; bodycopy reference is authoritative
72e9888bbd26ae5a0bbe,image,Cargo library,unknown,,unknown,https://freight.cargo.site/t/original/i/O3028483856357441926602393433913/montran-pg-65.jpg,https://freight.cargo.site/t/original/i/O3028483856357441926602393433913/montran-pg-65.jpg,derived from Cargo media hash and filename; not observed in Phase 1 delivery,O3028483856357441926602393433913,montran-pg-65.jpg,original,,1400,788,unknown,unknown,unknown,unknown,unknown,jpg,image/jpeg,no,none,none (unreferenced),false,none,docs/audits/2026-07-20T175853-0400-round-80/local/source-manifest.tsv: no unambiguous source match exists in the frozen Phase 1 source manifest,unknown,docs/audits/2026-07-20T175853-0400-round-80/cargo-draft/media-inventory.tsv,medium,no unambiguous source match exists in the frozen Phase 1 source manifest; JPEG has no alpha channel; Cargo library in_use=False; bodycopy reference is authoritative
e8344a0fe957c914ee8f,image,Cargo library,unknown,,unknown,https://freight.cargo.site/t/original/i/B3028483868440059294882149742393/montran-pg-66.jpg,https://freight.cargo.site/t/original/i/B3028483868440059294882149742393/montran-pg-66.jpg,derived from Cargo media hash and filename; not observed in Phase 1 delivery,B3028483868440059294882149742393,montran-pg-66.jpg,original,,1400,788,unknown,unknown,unknown,unknown,unknown,jpg,image/jpeg,no,none,none (unreferenced),false,none,docs/audits/2026-07-20T175853-0400-round-80/local/source-manifest.tsv: no unambiguous source match exists in the frozen Phase 1 source manifest,unknown,docs/audits/2026-07-20T175853-0400-round-80/cargo-draft/media-inventory.tsv,medium,no unambiguous source match exists in the frozen Phase 1 source manifest; JPEG has no alpha channel; Cargo library in_use=False; bodycopy reference is authoritative
d076b2b8f55419976cbd,image,Cargo library,unknown,,unknown,https://freight.cargo.site/t/original/i/S3028483880504229919088196499257/montran-pg-67.jpg,https://freight.cargo.site/t/original/i/S3028483880504229919088196499257/montran-pg-67.jpg,derived from Cargo media hash and filename; not observed in Phase 1 delivery,S3028483880504229919088196499257,montran-pg-67.jpg,original,,1400,788,unknown,unknown,unknown,unknown,unknown,jpg,image/jpeg,no,none,none (unreferenced),false,none,docs/audits/2026-07-20T175853-0400-round-80/local/source-manifest.tsv: no unambiguous source match exists in the frozen Phase 1 source manifest,unknown,docs/audits/2026-07-20T175853-0400-round-80/cargo-draft/media-inventory.tsv,medium,no unambiguous source match exists in the frozen Phase 1 source manifest; JPEG has no alpha channel; Cargo library in_use=False; bodycopy reference is authoritative
2b67686a7ec778f760ab,image,Cargo library,unknown,,unknown,https://freight.cargo.site/t/original/i/F3028483892586847287367952807737/montran-pg-68.jpg,https://freight.cargo.site/t/original/i/F3028483892586847287367952807737/montran-pg-68.jpg,derived from Cargo media hash and filename; not observed in Phase 1 delivery,F3028483892586847287367952807737,montran-pg-68.jpg,original,,1400,788,unknown,unknown,unknown,unknown,unknown,jpg,image/jpeg,no,none,none (unreferenced),false,none,docs/audits/2026-07-20T175853-0400-round-80/local/source-manifest.tsv: no unambiguous source match exists in the frozen Phase 1 source manifest,unknown,docs/audits/2026-07-20T175853-0400-round-80/cargo-draft/media-inventory.tsv,medium,no unambiguous source match exists in the frozen Phase 1 source manifest; JPEG has no alpha channel; Cargo library in_use=False; bodycopy reference is authoritative
e6ab982eecc08e035f8a,image,Cargo library,unknown,,unknown,https://freight.cargo.site/t/original/i/L3028483904632571167500290012985/montran-pg-69.jpg,https://freight.cargo.site/t/original/i/L3028483904632571167500290012985/montran-pg-69.jpg,derived from Cargo media hash and filename; not observed in Phase 1 delivery,L3028483904632571167500290012985,montran-pg-69.jpg,original,,1400,788,unknown,unknown,unknown,unknown,unknown,jpg,image/jpeg,no,none,none (unreferenced),false,none,docs/audits/2026-07-20T175853-0400-round-80/local/source-manifest.tsv: no unambiguous source match exists in the frozen Phase 1 source manifest,unknown,docs/audits/2026-07-20T175853-0400-round-80/cargo-draft/media-inventory.tsv,medium,no unambiguous source match exists in the frozen Phase 1 source manifest; JPEG has no alpha channel; Cargo library in_use=False; bodycopy reference is authoritative
773e8154d760ed2a5486,image,Cargo library,unknown,,unknown,https://freight.cargo.site/t/original/i/L3028483916678295047632627218233/montran-pg-70.jpg,https://freight.cargo.site/t/original/i/L3028483916678295047632627218233/montran-pg-70.jpg,derived from Cargo media hash and filename; not observed in Phase 1 delivery,L3028483916678295047632627218233,montran-pg-70.jpg,original,,1400,788,unknown,unknown,unknown,unknown,unknown,jpg,image/jpeg,no,none,none (unreferenced),false,none,docs/audits/2026-07-20T175853-0400-round-80/local/source-manifest.tsv: no unambiguous source match exists in the frozen Phase 1 source manifest,unknown,docs/audits/2026-07-20T175853-0400-round-80/cargo-draft/media-inventory.tsv,medium,no unambiguous source match exists in the frozen Phase 1 source manifest; JPEG has no alpha channel; Cargo library in_use=False; bodycopy reference is authoritative
91511751c440db99cfd1,image,Cargo library,unknown,,unknown,https://freight.cargo.site/t/original/i/O3028483928779359159986093078329/montran-pg-71.jpg,https://freight.cargo.site/t/original/i/O3028483928779359159986093078329/montran-pg-71.jpg,derived from Cargo media hash and filename; not observed in Phase 1 delivery,O3028483928779359159986093078329,montran-pg-71.jpg,original,,1400,788,unknown,unknown,unknown,unknown,unknown,jpg,image/jpeg,no,none,none (unreferenced),false,none,docs/audits/2026-07-20T175853-0400-round-80/local/source-manifest.tsv: no unambiguous source match exists in the frozen Phase 1 source manifest,unknown,docs/audits/2026-07-20T175853-0400-round-80/cargo-draft/media-inventory.tsv,medium,no unambiguous source match exists in the frozen Phase 1 source manifest; JPEG has no alpha channel; Cargo library in_use=False; bodycopy reference is authoritative
6035eedc9a4811a82d04,image,Cargo library,unknown,,unknown,https://freight.cargo.site/t/original/i/J3026631262006523620908193068857/montran-slide169.jpg,https://freight.cargo.site/t/original/i/J3026631262006523620908193068857/montran-slide169.jpg,derived from Cargo media hash and filename; not observed in Phase 1 delivery,J3026631262006523620908193068857,montran-slide169.jpg,original,,1390,781,unknown,unknown,unknown,unknown,unknown,jpg,image/jpeg,no,none,none (unreferenced),false,none,docs/audits/2026-07-20T175853-0400-round-80/local/source-manifest.tsv: no unambiguous source match exists in the frozen Phase 1 source manifest,unknown,docs/audits/2026-07-20T175853-0400-round-80/cargo-draft/media-inventory.tsv,medium,no unambiguous source match exists in the frozen Phase 1 source manifest; JPEG has no alpha channel; Cargo library in_use=False; bodycopy reference is authoritative
615f71c10c38f600c13a,image,Cargo library,unknown,,unknown,https://freight.cargo.site/t/original/i/N3025226455063083961390488663865/probe-tiny.png,https://freight.cargo.site/t/original/i/N3025226455063083961390488663865/probe-tiny.png,derived from Cargo media hash and filename; not observed in Phase 1 delivery,N3025226455063083961390488663865,probe-tiny.png,original,,2,2,unknown,unknown,unknown,unknown,unknown,png,image/png,unknown,none,none (unreferenced),false,none,docs/audits/2026-07-20T175853-0400-round-80/local/source-manifest.tsv: no unambiguous source match exists in the frozen Phase 1 source manifest,unknown,docs/audits/2026-07-20T175853-0400-round-80/cargo-draft/media-inventory.tsv,medium,no unambiguous source match exists in the frozen Phase 1 source manifest; alpha channel was not decoded in Phase 1; Cargo library in_use=False; bodycopy reference is authoritative
49f06baf96110e56118b,image,Cargo library,unknown,,unknown,https://freight.cargo.site/t/original/i/L3025227139769330489341625546553/probe2.png,https://freight.cargo.site/t/original/i/L3025227139769330489341625546553/probe2.png,derived from Cargo media hash and filename; not observed in Phase 1 delivery,L3025227139769330489341625546553,probe2.png,original,,3,3,unknown,unknown,unknown,unknown,unknown,png,image/png,unknown,none,none (unreferenced),false,none,docs/audits/2026-07-20T175853-0400-round-80/local/source-manifest.tsv: no unambiguous source match exists in the frozen Phase 1 source manifest,unknown,docs/audits/2026-07-20T175853-0400-round-80/cargo-draft/media-inventory.tsv,medium,no unambiguous source match exists in the frozen Phase 1 source manifest; alpha channel was not decoded in Phase 1; Cargo library in_use=False; bodycopy reference is authoritative
541602a1ae60b7b033ff,image,Cargo library,unknown,,unknown,https://freight.cargo.site/t/original/i/J3025228033237379699463758067513/probe3.png,https://freight.cargo.site/t/original/i/J3025228033237379699463758067513/probe3.png,derived from Cargo media hash and filename; not observed in Phase 1 delivery,J3025228033237379699463758067513,probe3.png,original,,4,4,unknown,unknown,unknown,unknown,unknown,png,image/png,unknown,none,none (unreferenced),false,none,docs/audits/2026-07-20T175853-0400-round-80/local/source-manifest.tsv: no unambiguous source match exists in the frozen Phase 1 source manifest,unknown,docs/audits/2026-07-20T175853-0400-round-80/cargo-draft/media-inventory.tsv,medium,no unambiguous source match exists in the frozen Phase 1 source manifest; alpha channel was not decoded in Phase 1; Cargo library in_use=False; bodycopy reference is authoritative
0621384649c98d9fc6e0,image,Cargo library,unknown,,unknown,https://freight.cargo.site/t/original/i/N3028246960134100856009916987193/purelove-4.jpg,https://freight.cargo.site/t/original/i/N3028246960134100856009916987193/purelove-4.jpg,derived from Cargo media hash and filename; not observed in Phase 1 delivery,N3028246960134100856009916987193,purelove-4.jpg,original,,1746,1360,unknown,unknown,unknown,unknown,unknown,jpg,image/jpeg,no,none,none (unreferenced),false,none,docs/audits/2026-07-20T175853-0400-round-80/local/source-manifest.tsv: no unambiguous source match exists in the frozen Phase 1 source manifest,unknown,docs/audits/2026-07-20T175853-0400-round-80/cargo-draft/media-inventory.tsv,medium,no unambiguous source match exists in the frozen Phase 1 source manifest; JPEG has no alpha channel; Cargo library in_use=False; bodycopy reference is authoritative
ae6bda52e091afdedbc9,image,Cargo library,unknown,,unknown,https://freight.cargo.site/t/original/i/R3028246976828404242717061199673/purelove-flash.jpg,https://freight.cargo.site/t/original/i/R3028246976828404242717061199673/purelove-flash.jpg,derived from Cargo media hash and filename; not observed in Phase 1 delivery,R3028246976828404242717061199673,purelove-flash.jpg,original,,673,897,unknown,unknown,unknown,unknown,unknown,jpg,image/jpeg,no,none,none (unreferenced),false,none,docs/audits/2026-07-20T175853-0400-round-80/local/source-manifest.tsv: no unambiguous source match exists in the frozen Phase 1 source manifest,unknown,docs/audits/2026-07-20T175853-0400-round-80/cargo-draft/media-inventory.tsv,medium,no unambiguous source match exists in the frozen Phase 1 source manifest; JPEG has no alpha channel; Cargo library in_use=False; bodycopy reference is authoritative
481583af3da564c5a88d,image,Cargo library,unknown,,unknown,https://freight.cargo.site/t/original/i/J3022057983050041644049844713273/touchbaes-bendito.jpg,https://freight.cargo.site/t/original/i/J3022057983050041644049844713273/touchbaes-bendito.jpg,derived from Cargo media hash and filename; not observed in Phase 1 delivery,J3022057983050041644049844713273,touchbaes-bendito.jpg,original,,1116,744,unknown,unknown,unknown,unknown,unknown,jpg,image/jpeg,no,none,none (unreferenced),false,none,docs/audits/2026-07-20T175853-0400-round-80/local/source-manifest.tsv: no unambiguous source match exists in the frozen Phase 1 source manifest,unknown,docs/audits/2026-07-20T175853-0400-round-80/cargo-draft/media-inventory.tsv,medium,no unambiguous source match exists in the frozen Phase 1 source manifest; JPEG has no alpha channel; Cargo library in_use=False; bodycopy reference is authoritative
c1d7ae1bb34f1605279f,image,Cargo library,unknown,,unknown,https://freight.cargo.site/t/original/i/K3022057937339009829397575808825/touchbaes-game.jpg,https://freight.cargo.site/t/original/i/K3022057937339009829397575808825/touchbaes-game.jpg,derived from Cargo media hash and filename; not observed in Phase 1 delivery,K3022057937339009829397575808825,touchbaes-game.jpg,original,,1386,1008,unknown,unknown,unknown,unknown,unknown,jpg,image/jpeg,no,none,none (unreferenced),false,none,docs/audits/2026-07-20T175853-0400-round-80/local/source-manifest.tsv: no unambiguous source match exists in the frozen Phase 1 source manifest,unknown,docs/audits/2026-07-20T175853-0400-round-80/cargo-draft/media-inventory.tsv,medium,no unambiguous source match exists in the frozen Phase 1 source manifest; JPEG has no alpha channel; Cargo library in_use=False; bodycopy reference is authoritative
70d475f1dd939ecd13a6,image,Cargo library,unknown,,unknown,https://freight.cargo.site/t/original/i/G3022057921530150158228490073913/touchbaes-sticker.jpg,https://freight.cargo.site/t/original/i/G3022057921530150158228490073913/touchbaes-sticker.jpg,derived from Cargo media hash and filename; not observed in Phase 1 delivery,G3022057921530150158228490073913,touchbaes-sticker.jpg,original,,437,1008,unknown,unknown,unknown,unknown,unknown,jpg,image/jpeg,no,none,none (unreferenced),false,none,docs/audits/2026-07-20T175853-0400-round-80/local/source-manifest.tsv: no unambiguous source match exists in the frozen Phase 1 source manifest,unknown,docs/audits/2026-07-20T175853-0400-round-80/cargo-draft/media-inventory.tsv,medium,no unambiguous source match exists in the frozen Phase 1 source manifest; JPEG has no alpha channel; Cargo library in_use=False; bodycopy reference is authoritative
26db66f2894a3b378ec5,image,Cargo library,unknown,,unknown,https://freight.cargo.site/t/original/i/J3025320100438989493845715629881/v7-aframe-fix.jpg,https://freight.cargo.site/t/original/i/J3025320100438989493845715629881/v7-aframe-fix.jpg,derived from Cargo media hash and filename; not observed in Phase 1 delivery,J3025320100438989493845715629881,v7-aframe-fix.jpg,original,,560,747,unknown,unknown,unknown,unknown,unknown,jpg,image/jpeg,no,none,none (unreferenced),false,none,docs/audits/2026-07-20T175853-0400-round-80/local/source-manifest.tsv: no unambiguous source match exists in the frozen Phase 1 source manifest,unknown,docs/audits/2026-07-20T175853-0400-round-80/cargo-draft/media-inventory.tsv,medium,no unambiguous source match exists in the frozen Phase 1 source manifest; JPEG has no alpha channel; Cargo library in_use=False; bodycopy reference is authoritative
7bbdac264039327de698,image,Cargo library,unknown,,unknown,https://freight.cargo.site/t/original/i/Y3025118212686359182198520198969/v7-aframe.jpg,https://freight.cargo.site/t/original/i/Y3025118212686359182198520198969/v7-aframe.jpg,derived from Cargo media hash and filename; not observed in Phase 1 delivery,Y3025118212686359182198520198969,v7-aframe.jpg,original,,562,749,unknown,unknown,unknown,unknown,unknown,jpg,image/jpeg,no,none,none (unreferenced),false,none,docs/audits/2026-07-20T175853-0400-round-80/local/source-manifest.tsv: no unambiguous source match exists in the frozen Phase 1 source manifest,unknown,docs/audits/2026-07-20T175853-0400-round-80/cargo-draft/media-inventory.tsv,medium,no unambiguous source match exists in the frozen Phase 1 source manifest; JPEG has no alpha channel; Cargo library in_use=False; bodycopy reference is authoritative
c87f9099aecfb418f8d5,image,Cargo library,unknown,,unknown,https://freight.cargo.site/t/original/i/A3025118147587799346077512546105/v7-screenshot.jpg,https://freight.cargo.site/t/original/i/A3025118147587799346077512546105/v7-screenshot.jpg,derived from Cargo media hash and filename; not observed in Phase 1 delivery,A3025118147587799346077512546105,v7-screenshot.jpg,original,,614,614,unknown,unknown,unknown,unknown,unknown,jpg,image/jpeg,no,none,none (unreferenced),false,none,docs/audits/2026-07-20T175853-0400-round-80/local/source-manifest.tsv: no unambiguous source match exists in the frozen Phase 1 source manifest,unknown,docs/audits/2026-07-20T175853-0400-round-80/cargo-draft/media-inventory.tsv,medium,no unambiguous source match exists in the frozen Phase 1 source manifest; JPEG has no alpha channel; Cargo library in_use=False; bodycopy reference is authoritative
e7a7a7a37fff983d1c19,image,home,anyday,anyday-04,unknown,https://freight.cargo.site/t/original/i/L3027048668493509838917526402873/anyday-image6.jpg,https://freight.cargo.site/t/original/i/L3027048668493509838917526402873/anyday-image6.jpg,observed in the Phase 1 Freight probe or captured bodycopy,L3027048668493509838917526402873,anyday-image6.jpg,original,,953,830,435.3,378.9,773.859,673.594,0.73x of measured requirement (width-limited; max observed DPR 3),jpg,image/jpeg,no,none,eager,true,home:img[src]/transformed; home:img[srcset]/transformed,docs/audits/2026-07-20T175853-0400-round-80/local/source-manifest.tsv: no unambiguous source match exists in the frozen Phase 1 source manifest,unknown,docs/audits/2026-07-20T175853-0400-round-80/cargo-draft/media-inventory.tsv; docs/audits/2026-07-20T175853-0400-round-80/freight/asset-manifest.csv,high,no unambiguous source match exists in the frozen Phase 1 source manifest; decoded pixel format yuvj444p; Cargo library in_use=False; bodycopy reference is authoritative; rendered maxima imported from audit/assets/rendered-media-measurements.json
c362702de09aafe81847,image,home,curate,curate-03,unknown,https://freight.cargo.site/t/original/i/J3027050938125560435919628580665/curate-hf.jpg,https://freight.cargo.site/t/original/i/J3027050938125560435919628580665/curate-hf.jpg,observed in the Phase 1 Freight probe or captured bodycopy,J3027050938125560435919628580665,curate-hf.jpg,original,,1008,1008,504,504,896,896,0.85x of measured requirement (width-limited; max observed DPR 3),jpg,image/jpeg,no,none,eager,true,home:img[src]/transformed; home:img[srcset]/transformed,docs/audits/2026-07-20T175853-0400-round-80/local/source-manifest.tsv: no unambiguous source match exists in the frozen Phase 1 source manifest,unknown,docs/audits/2026-07-20T175853-0400-round-80/cargo-draft/media-inventory.tsv; docs/audits/2026-07-20T175853-0400-round-80/freight/asset-manifest.csv,high,no unambiguous source match exists in the frozen Phase 1 source manifest; decoded pixel format yuvj444p; Cargo library in_use=False; bodycopy reference is authoritative; rendered maxima imported from audit/assets/rendered-media-measurements.json
b7f0848ef2d4febe7227,image,home,curate,curate-01,unknown,https://freight.cargo.site/t/original/i/Z3028481505928652286752455178041/curate-image2-v2.jpg,https://freight.cargo.site/t/original/i/Z3028481505928652286752455178041/curate-image2-v2.jpg,observed in the Phase 1 Freight probe or captured bodycopy,Z3028481505928652286752455178041,curate-image2-v2.jpg,original,,750,652,376,327,668.438,581.328,0.57x of measured requirement (height-limited; max observed DPR 3),jpg,image/jpeg,no,none,eager,true,home:img[src]/transformed; home:img[srcset]/transformed,docs/audits/2026-07-20T175853-0400-round-80/local/source-manifest.tsv: no unambiguous source match exists in the frozen Phase 1 source manifest,unknown,docs/audits/2026-07-20T175853-0400-round-80/cargo-draft/media-inventory.tsv; docs/audits/2026-07-20T175853-0400-round-80/freight/asset-manifest.csv,high,no unambiguous source match exists in the frozen Phase 1 source manifest; decoded pixel format yuvj420p; Cargo library in_use=False; bodycopy reference is authoritative; rendered maxima imported from audit/assets/rendered-media-measurements.json
cccb372baa05068da266,image,home,curate,curate-04,unknown,https://freight.cargo.site/t/original/i/K3029359532521992955872380761913/curate-last-retina.jpg,https://freight.cargo.site/t/original/i/K3029359532521992955872380761913/curate-last-retina.jpg,observed in the Phase 1 Freight probe or captured bodycopy,K3029359532521992955872380761913,curate-last-retina.jpg,original,,2200,1914,462,402,821.328,714.656,1.68x of measured requirement (height-limited; max observed DPR 3),jpg,image/jpeg,no,none,eager,true,home:img[src]/transformed; home:img[srcset]/transformed,docs/audits/2026-07-20T175853-0400-round-80/local/source-manifest.tsv: no unambiguous source match exists in the frozen Phase 1 source manifest,unknown,docs/audits/2026-07-20T175853-0400-round-80/cargo-draft/media-inventory.tsv; docs/audits/2026-07-20T175853-0400-round-80/freight/asset-manifest.csv,high,no unambiguous source match exists in the frozen Phase 1 source manifest; decoded pixel format yuvj444p; Cargo library in_use=False; bodycopy reference is authoritative; rendered maxima imported from audit/assets/rendered-media-measurements.json
79215afaf147441e5df9,image,home,deadgood,deadgood-05,unknown,https://freight.cargo.site/t/original/i/K3028247312208658246830419130169/dg-cover.jpg,https://freight.cargo.site/t/original/i/K3028247312208658246830419130169/dg-cover.jpg,observed in the Phase 1 Freight probe or captured bodycopy,K3028247312208658246830419130169,dg-cover.jpg,original,,1087,716,543.5,358,966.219,636.438,0.83x of measured requirement (width-limited; max observed DPR 3),jpg,image/jpeg,no,none,eager,true,home:img[src]/transformed; home:img[srcset]/transformed,docs/audits/2026-07-20T175853-0400-round-80/local/source-manifest.tsv: no unambiguous source match exists in the frozen Phase 1 source manifest,unknown,docs/audits/2026-07-20T175853-0400-round-80/cargo-draft/media-inventory.tsv; docs/audits/2026-07-20T175853-0400-round-80/freight/asset-manifest.csv,high,no unambiguous source match exists in the frozen Phase 1 source manifest; decoded pixel format yuvj444p; Cargo library in_use=False; bodycopy reference is authoritative; rendered maxima imported from audit/assets/rendered-media-measurements.json
4fa349705dbe3c50a54b,image,home,deadgood,deadgood-01,unknown,https://freight.cargo.site/t/original/i/K3028244189709842145940907538233/dg-image2.gif,https://freight.cargo.site/t/original/i/K3028244189709842145940907538233/dg-image2.gif,observed in the Phase 1 Freight probe or captured bodycopy,K3028244189709842145940907538233,dg-image2.gif,original,,960,836,411.3,358,731.188,636.438,0.74x of measured requirement (width-limited; max observed DPR 3),gif,image/gif,yes,none,eager,true,home:img[src]/original,docs/audits/2026-07-20T175853-0400-round-80/local/source-manifest.tsv: no unambiguous source match exists in the frozen Phase 1 source manifest,unknown,docs/audits/2026-07-20T175853-0400-round-80/cargo-draft/media-inventory.tsv; docs/audits/2026-07-20T175853-0400-round-80/freight/asset-manifest.csv,high,no unambiguous source match exists in the frozen Phase 1 source manifest; decoded pixel format bgra; Cargo library in_use=False; bodycopy reference is authoritative; rendered maxima imported from audit/assets/rendered-media-measurements.json
bd00240e34290c9e40fa,image,home,deadgood,deadgood-04,unknown,https://freight.cargo.site/t/original/i/R3028483060048393752708469274425/dg-image3-v2.jpg,https://freight.cargo.site/t/original/i/R3028483060048393752708469274425/dg-image3-v2.jpg,observed in the Phase 1 Freight probe or captured bodycopy,R3028483060048393752708469274425,dg-image3-v2.jpg,original,,820,716,411.3,358,731.188,636.438,0.63x of measured requirement (width-limited; max observed DPR 3),jpg,image/jpeg,no,none,eager,true,home:img[src]/transformed; home:img[srcset]/transformed,docs/audits/2026-07-20T175853-0400-round-80/local/source-manifest.tsv: no unambiguous source match exists in the frozen Phase 1 source manifest,unknown,docs/audits/2026-07-20T175853-0400-round-80/cargo-draft/media-inventory.tsv; docs/audits/2026-07-20T175853-0400-round-80/freight/asset-manifest.csv,high,no unambiguous source match exists in the frozen Phase 1 source manifest; decoded pixel format yuvj420p; Cargo library in_use=False; bodycopy reference is authoritative; rendered maxima imported from audit/assets/rendered-media-measurements.json
a974729e8d188d011b38,image,home,deadgood,deadgood-02,unknown,https://freight.cargo.site/t/original/i/A3028247346261347806898251413305/dg-image4.jpg,https://freight.cargo.site/t/original/i/A3028247346261347806898251413305/dg-image4.jpg,observed in the Phase 1 Freight probe or captured bodycopy,A3028247346261347806898251413305,dg-image4.jpg,original,,1789,1008,894.4,504,1590.031,896,1.06x of measured requirement (height-limited; max observed DPR 3),jpg,image/jpeg,no,none,eager,true,home:img[src]/transformed; home:img[srcset]/transformed,docs/audits/2026-07-20T175853-0400-round-80/local/source-manifest.tsv: no unambiguous source match exists in the frozen Phase 1 source manifest,unknown,docs/audits/2026-07-20T175853-0400-round-80/cargo-draft/media-inventory.tsv; docs/audits/2026-07-20T175853-0400-round-80/freight/asset-manifest.csv,high,no unambiguous source match exists in the frozen Phase 1 source manifest; decoded pixel format yuvj444p; Cargo library in_use=False; bodycopy reference is authoritative; rendered maxima imported from audit/assets/rendered-media-measurements.json
e5219d4da0194309b475,image,home,eviive,eviive-04,cargo/assets/eviive-4.jpg,https://freight.cargo.site/t/original/i/J3028246254011184458481990678329/eviive-4.jpg,https://freight.cargo.site/t/original/i/J3028246254011184458481990678329/eviive-4.jpg,observed in the Phase 1 Freight probe or captured bodycopy,J3028246254011184458481990678329,eviive-4.jpg,original,,886,744,443,372,787.547,661.328,0.68x of measured requirement (width-limited; max observed DPR 3),jpg,image/jpeg,no,none,eager,true,home:img[src]/transformed; home:img[srcset]/transformed,docs/audits/2026-07-20T175853-0400-round-80/local/source-manifest.tsv: captured local source matched exact basename,medium,docs/audits/2026-07-20T175853-0400-round-80/cargo-draft/media-inventory.tsv; docs/audits/2026-07-20T175853-0400-round-80/freight/asset-manifest.csv,high,captured local source matched exact basename; decoded pixel format yuvj444p; Cargo library in_use=False; bodycopy reference is authoritative; rendered maxima imported from audit/assets/rendered-media-measurements.json
61f0aba74ac2c3271c8b,image,home,eviive,eviive-03,unknown,https://freight.cargo.site/t/original/i/T3029359532540439699946090313529/eviive-sequence-3-retina.jpg,https://freight.cargo.site/t/original/i/T3029359532540439699946090313529/eviive-sequence-3-retina.jpg,observed in the Phase 1 Freight probe or captured bodycopy,T3029359532540439699946090313529,eviive-sequence-3-retina.jpg,original,,3600,2028,896,504,1592.875,896,2.26x of measured requirement (width-limited; max observed DPR 3),jpg,image/jpeg,no,none,high,true,home:img[src]/transformed; home:img[srcset]/transformed,docs/audits/2026-07-20T175853-0400-round-80/local/source-manifest.tsv: no unambiguous source match exists in the frozen Phase 1 source manifest,unknown,docs/audits/2026-07-20T175853-0400-round-80/cargo-draft/media-inventory.tsv; docs/audits/2026-07-20T175853-0400-round-80/freight/asset-manifest.csv,high,no unambiguous source match exists in the frozen Phase 1 source manifest; decoded pixel format yuvj444p; Cargo library in_use=False; bodycopy reference is authoritative; rendered maxima imported from audit/assets/rendered-media-measurements.json
7566abdfbe3461f1ae0e,image,home,eviive,eviive-06,unknown,https://freight.cargo.site/t/original/i/X3029359532558886444019799865145/eviive-sequence-6-retina.jpg,https://freight.cargo.site/t/original/i/X3029359532558886444019799865145/eviive-sequence-6-retina.jpg,observed in the Phase 1 Freight probe or captured bodycopy,X3029359532558886444019799865145,eviive-sequence-6-retina.jpg,original,,2800,1578,670,377.593,1191.109,671.266,2.14x of measured requirement (width-limited; max observed DPR 3),jpg,image/jpeg,no,none,eager,true,home:img[src]/transformed; home:img[srcset]/transformed,docs/audits/2026-07-20T175853-0400-round-80/local/source-manifest.tsv: no unambiguous source match exists in the frozen Phase 1 source manifest,unknown,docs/audits/2026-07-20T175853-0400-round-80/cargo-draft/media-inventory.tsv; docs/audits/2026-07-20T175853-0400-round-80/freight/asset-manifest.csv,high,no unambiguous source match exists in the frozen Phase 1 source manifest; decoded pixel format yuvj444p; Cargo library in_use=False; bodycopy reference is authoritative; rendered maxima imported from audit/assets/rendered-media-measurements.json
ff1dd49ef6bab2ac08d2,image,home,kelly,kelly-04,unknown,https://freight.cargo.site/t/original/i/L3027050230656031721010905003833/kelly-sgc30-1.jpg,https://freight.cargo.site/t/original/i/L3027050230656031721010905003833/kelly-sgc30-1.jpg,observed in the Phase 1 Freight probe or captured bodycopy,L3027050230656031721010905003833,kelly-sgc30-1.jpg,original,,1047,761,523.4,380.2,930.484,675.906,0.80x of measured requirement (width-limited; max observed DPR 3),jpg,image/jpeg,no,none,eager,true,home:img[src]/transformed; home:img[srcset]/transformed,docs/audits/2026-07-20T175853-0400-round-80/local/source-manifest.tsv: no unambiguous source match exists in the frozen Phase 1 source manifest,unknown,docs/audits/2026-07-20T175853-0400-round-80/cargo-draft/media-inventory.tsv; docs/audits/2026-07-20T175853-0400-round-80/freight/asset-manifest.csv,high,no unambiguous source match exists in the frozen Phase 1 source manifest; decoded pixel format yuvj444p; Cargo library in_use=False; bodycopy reference is authoritative; rendered maxima imported from audit/assets/rendered-media-measurements.json
77a029a4b43b8f90863f,image,home,kelly,kelly-02,unknown,https://freight.cargo.site/t/original/i/R3027049892102937736219504195385/kelly-sgc30-3.jpg,https://freight.cargo.site/t/original/i/R3027049892102937736219504195385/kelly-sgc30-3.jpg,observed in the Phase 1 Freight probe or captured bodycopy,R3027049892102937736219504195385,kelly-sgc30-3.jpg,original,,1047,761,523.4,380.2,930.484,675.906,0.80x of measured requirement (width-limited; max observed DPR 3),jpg,image/jpeg,no,none,eager,true,home:img[src]/transformed; home:img[srcset]/transformed,docs/audits/2026-07-20T175853-0400-round-80/local/source-manifest.tsv: no unambiguous source match exists in the frozen Phase 1 source manifest,unknown,docs/audits/2026-07-20T175853-0400-round-80/cargo-draft/media-inventory.tsv; docs/audits/2026-07-20T175853-0400-round-80/freight/asset-manifest.csv,high,no unambiguous source match exists in the frozen Phase 1 source manifest; decoded pixel format yuvj444p; Cargo library in_use=False; bodycopy reference is authoritative; rendered maxima imported from audit/assets/rendered-media-measurements.json
1cdb9279575b3cc8019a,image,home,kelly,kelly-03,unknown,https://freight.cargo.site/t/original/i/L3027050213316092291723926484793/kelly-sgc30-5.jpg,https://freight.cargo.site/t/original/i/L3027050213316092291723926484793/kelly-sgc30-5.jpg,observed in the Phase 1 Freight probe or captured bodycopy,L3027050213316092291723926484793,kelly-sgc30-5.jpg,original,,1047,761,523.4,380.2,930.484,675.906,0.80x of measured requirement (width-limited; max observed DPR 3),jpg,image/jpeg,no,none,eager,true,home:img[src]/transformed; home:img[srcset]/transformed,docs/audits/2026-07-20T175853-0400-round-80/local/source-manifest.tsv: no unambiguous source match exists in the frozen Phase 1 source manifest,unknown,docs/audits/2026-07-20T175853-0400-round-80/cargo-draft/media-inventory.tsv; docs/audits/2026-07-20T175853-0400-round-80/freight/asset-manifest.csv,high,no unambiguous source match exists in the frozen Phase 1 source manifest; decoded pixel format yuvj444p; Cargo library in_use=False; bodycopy reference is authoritative; rendered maxima imported from audit/assets/rendered-media-measurements.json
adfc56d6819a3ed7d55e,image,home,kelly,kelly-01,unknown,https://freight.cargo.site/t/original/i/N3027049860337644441291656312633/kelly-sgc30-6.jpg,https://freight.cargo.site/t/original/i/N3027049860337644441291656312633/kelly-sgc30-6.jpg,observed in the Phase 1 Freight probe or captured bodycopy,N3027049860337644441291656312633,kelly-sgc30-6.jpg,original,,1047,761,523.4,380.2,930.484,675.906,0.80x of measured requirement (width-limited; max observed DPR 3),jpg,image/jpeg,no,none,eager,true,home:img[src]/transformed; home:img[srcset]/transformed,docs/audits/2026-07-20T175853-0400-round-80/local/source-manifest.tsv: no unambiguous source match exists in the frozen Phase 1 source manifest,unknown,docs/audits/2026-07-20T175853-0400-round-80/cargo-draft/media-inventory.tsv; docs/audits/2026-07-20T175853-0400-round-80/freight/asset-manifest.csv,high,no unambiguous source match exists in the frozen Phase 1 source manifest; decoded pixel format yuvj444p; Cargo library in_use=False; bodycopy reference is authoritative; rendered maxima imported from audit/assets/rendered-media-measurements.json
1dad125b82dd2311308e,image,home,loop,loop-01,unknown,https://freight.cargo.site/t/original/i/H3025362994634537346592378763065/loop-cover.jpg,https://freight.cargo.site/t/original/i/H3025362994634537346592378763065/loop-cover.jpg,observed in the Phase 1 Freight probe or captured bodycopy,H3025362994634537346592378763065,loop-cover.jpg,original,,1530,1006,766,504,1361.766,896,0.90x of measured requirement (height-limited; max observed DPR 3),jpg,image/jpeg,no,none,eager,true,home:img[src]/transformed; home:img[srcset]/transformed,docs/audits/2026-07-20T175853-0400-round-80/local/source-manifest.tsv: no unambiguous source match exists in the frozen Phase 1 source manifest,unknown,docs/audits/2026-07-20T175853-0400-round-80/cargo-draft/media-inventory.tsv; docs/audits/2026-07-20T175853-0400-round-80/freight/asset-manifest.csv,high,no unambiguous source match exists in the frozen Phase 1 source manifest; decoded pixel format yuvj420p; Cargo library in_use=False; bodycopy reference is authoritative; rendered maxima imported from audit/assets/rendered-media-measurements.json
3f40bfa8197dc525e47d,image,home,loop,loop-04,unknown,https://freight.cargo.site/t/original/i/U3026333005972541800612566185785/loop-image-2-v2.jpg,https://freight.cargo.site/t/original/i/U3026333005972541800612566185785/loop-image-2-v2.jpg,observed in the Phase 1 Freight probe or captured bodycopy,U3026333005972541800612566185785,loop-image-2-v2.jpg,original,,1157,1006,579,504,1029.328,896,0.89x of measured requirement (height-limited; max observed DPR 3),jpg,image/jpeg,no,none,eager,true,home:img[src]/transformed; home:img[srcset]/transformed,docs/audits/2026-07-20T175853-0400-round-80/local/source-manifest.tsv: no unambiguous source match exists in the frozen Phase 1 source manifest,unknown,docs/audits/2026-07-20T175853-0400-round-80/cargo-draft/media-inventory.tsv; docs/audits/2026-07-20T175853-0400-round-80/freight/asset-manifest.csv,high,no unambiguous source match exists in the frozen Phase 1 source manifest; decoded pixel format yuvj420p; Cargo library in_use=False; bodycopy reference is authoritative; rendered maxima imported from audit/assets/rendered-media-measurements.json
c8cecfada35a925f2803,image,home,loop,loop-05,unknown,https://freight.cargo.site/t/original/i/K3029442176001478510919090222905/loop-sequence-last-retina.jpg,https://freight.cargo.site/t/original/i/K3029442176001478510919090222905/loop-sequence-last-retina.jpg,observed in the Phase 1 Freight probe or captured bodycopy,K3029442176001478510919090222905,loop-sequence-last-retina.jpg,original,,1374,1196,290,252,652.797,567.25,1.05x of measured requirement (width-limited; max observed DPR 3),jpg,image/jpeg,no,none,eager,true,home:img[src]/transformed; home:img[srcset]/transformed,docs/audits/2026-07-20T175853-0400-round-80/local/source-manifest.tsv: no unambiguous source match exists in the frozen Phase 1 source manifest,unknown,docs/audits/2026-07-20T175853-0400-round-80/cargo-draft/media-inventory.tsv; docs/audits/2026-07-20T175853-0400-round-80/freight/asset-manifest.csv,high,no unambiguous source match exists in the frozen Phase 1 source manifest; decoded pixel format yuvj420p; Cargo library in_use=False; bodycopy reference is authoritative; rendered maxima imported from audit/assets/rendered-media-measurements.json
18409e595e832c508bd3,image,home,mandy,mandy-06,unknown,https://freight.cargo.site/t/original/i/G3025118686970596061344801797945/mandy-ig.jpg,https://freight.cargo.site/t/original/i/G3025118686970596061344801797945/mandy-ig.jpg,observed in the Phase 1 Freight probe or captured bodycopy,G3025118686970596061344801797945,mandy-ig.jpg,original,,689,689,344,344,611.547,611.547,0.58x of measured requirement (width-limited; max observed DPR 3),jpg,image/jpeg,no,none,eager,true,home:img[src]/transformed; home:img[srcset]/transformed,docs/audits/2026-07-20T175853-0400-round-80/local/source-manifest.tsv: no unambiguous source match exists in the frozen Phase 1 source manifest,unknown,docs/audits/2026-07-20T175853-0400-round-80/cargo-draft/media-inventory.tsv; docs/audits/2026-07-20T175853-0400-round-80/freight/asset-manifest.csv,high,no unambiguous source match exists in the frozen Phase 1 source manifest; decoded pixel format yuvj444p; Cargo library in_use=False; bodycopy reference is authoritative; rendered maxima imported from audit/assets/rendered-media-measurements.json
9ae2999b65462dfc34df,image,home,mandy,mandy-07,unknown,https://freight.cargo.site/t/original/i/I3025317449180697499940409620281/mandy-mewmew-v4.png,https://freight.cargo.site/t/original/i/I3025317449180697499940409620281/mandy-mewmew-v4.png,observed in the Phase 1 Freight probe or captured bodycopy,I3025317449180697499940409620281,mandy-mewmew-v4.png,original,,703,419,335,200,869.547,519.125,0.54x of measured requirement (height-limited; max observed DPR 3),png,image/png,yes,none,eager,true,home:img[src]/transformed; home:img[srcset]/transformed,docs/audits/2026-07-20T175853-0400-round-80/local/source-manifest.tsv: no unambiguous source match exists in the frozen Phase 1 source manifest,unknown,docs/audits/2026-07-20T175853-0400-round-80/cargo-draft/media-inventory.tsv; docs/audits/2026-07-20T175853-0400-round-80/freight/asset-manifest.csv,high,no unambiguous source match exists in the frozen Phase 1 source manifest; decoded pixel format rgba; Cargo library in_use=False; bodycopy reference is authoritative; rendered maxima imported from audit/assets/rendered-media-measurements.json
a750a254e056e46e4f9d,image,home,mandy,mandy-05,unknown,https://freight.cargo.site/t/original/i/E3025118669852017560942337898297/mandy-photo-2.jpg,https://freight.cargo.site/t/original/i/E3025118669852017560942337898297/mandy-photo-2.jpg,observed in the Phase 1 Freight probe or captured bodycopy,E3025118669852017560942337898297,mandy-photo-2.jpg,original,,1225,689,612,344,1088,611.547,0.94x of measured requirement (width-limited; max observed DPR 3),jpg,image/jpeg,no,none,eager,true,home:img[src]/transformed; home:img[srcset]/transformed,docs/audits/2026-07-20T175853-0400-round-80/local/source-manifest.tsv: no unambiguous source match exists in the frozen Phase 1 source manifest,unknown,docs/audits/2026-07-20T175853-0400-round-80/cargo-draft/media-inventory.tsv; docs/audits/2026-07-20T175853-0400-round-80/freight/asset-manifest.csv,high,no unambiguous source match exists in the frozen Phase 1 source manifest; decoded pixel format yuvj444p; Cargo library in_use=False; bodycopy reference is authoritative; rendered maxima imported from audit/assets/rendered-media-measurements.json
14aa3111270668e71fe1,image,home,mandy,mandy-03,unknown,https://freight.cargo.site/t/original/i/A3025291300404464182587126495033/mandy-photo1-fix.jpg,https://freight.cargo.site/t/original/i/A3025291300404464182587126495033/mandy-photo1-fix.jpg,observed in the Phase 1 Freight probe or captured bodycopy,A3025291300404464182587126495033,mandy-photo1-fix.jpg,original,,752,1008,377,504,670.219,896,0.69x of measured requirement (width-limited; max observed DPR 3),jpg,image/jpeg,no,none,eager,true,home:img[src]/transformed; home:img[srcset]/transformed,docs/audits/2026-07-20T175853-0400-round-80/local/source-manifest.tsv: no unambiguous source match exists in the frozen Phase 1 source manifest,unknown,docs/audits/2026-07-20T175853-0400-round-80/cargo-draft/media-inventory.tsv; docs/audits/2026-07-20T175853-0400-round-80/freight/asset-manifest.csv,high,no unambiguous source match exists in the frozen Phase 1 source manifest; decoded pixel format yuvj420p; Cargo library in_use=False; bodycopy reference is authoritative; rendered maxima imported from audit/assets/rendered-media-measurements.json
fdac4ee6b7678ea505a0,image,home,mandy,mandy-04,unknown,https://freight.cargo.site/t/original/i/M3025118651718868136485848659769/mandy-tee.jpg,https://freight.cargo.site/t/original/i/M3025118651718868136485848659769/mandy-tee.jpg,observed in the Phase 1 Freight probe or captured bodycopy,M3025118651718868136485848659769,mandy-tee.jpg,original,,1008,1008,504,504,896,896,0.85x of measured requirement (width-limited; max observed DPR 3),jpg,image/jpeg,no,none,eager,true,home:img[src]/transformed; home:img[srcset]/transformed,docs/audits/2026-07-20T175853-0400-round-80/local/source-manifest.tsv: no unambiguous source match exists in the frozen Phase 1 source manifest,unknown,docs/audits/2026-07-20T175853-0400-round-80/cargo-draft/media-inventory.tsv; docs/audits/2026-07-20T175853-0400-round-80/freight/asset-manifest.csv,high,no unambiguous source match exists in the frozen Phase 1 source manifest; decoded pixel format yuvj444p; Cargo library in_use=False; bodycopy reference is authoritative; rendered maxima imported from audit/assets/rendered-media-measurements.json
41ac380446ae33a12181,image,home,montran,montran-04,unknown,https://freight.cargo.site/t/original/i/H3029359532577333188093509416761/map-generator-retina.png,https://freight.cargo.site/t/original/i/H3029359532577333188093509416761/map-generator-retina.png,observed in the Phase 1 Freight probe or captured bodycopy,H3029359532577333188093509416761,map-generator-retina.png,original,,3200,2048,690,442,1227,785.984,2.45x of measured requirement (height-limited; max observed DPR 3),png,image/png,yes,none,eager,true,home:img[src]/transformed; home:img[srcset]/transformed,docs/audits/2026-07-20T175853-0400-round-80/local/source-manifest.tsv: no unambiguous source match exists in the frozen Phase 1 source manifest,unknown,docs/audits/2026-07-20T175853-0400-round-80/cargo-draft/media-inventory.tsv; docs/audits/2026-07-20T175853-0400-round-80/freight/asset-manifest.csv,high,no unambiguous source match exists in the frozen Phase 1 source manifest; decoded pixel format rgba; Cargo library in_use=False; bodycopy reference is authoritative; rendered maxima imported from audit/assets/rendered-media-measurements.json
bdacf94f3ba454173335,image,home,montran,montran-06,unknown,https://freight.cargo.site/t/original/i/M3029359532595779932167218968377/montran-last-retina.jpg,https://freight.cargo.site/t/original/i/M3029359532595779932167218968377/montran-last-retina.jpg,observed in the Phase 1 Freight probe or captured bodycopy,M3029359532595779932167218968377,montran-last-retina.jpg,original,,2783,1566,695,391,1235.547,695.109,2.13x of measured requirement (width-limited; max observed DPR 3),jpg,image/jpeg,no,none,eager,true,home:img[src]/transformed; home:img[srcset]/transformed,docs/audits/2026-07-20T175853-0400-round-80/local/source-manifest.tsv: no unambiguous source match exists in the frozen Phase 1 source manifest,unknown,docs/audits/2026-07-20T175853-0400-round-80/cargo-draft/media-inventory.tsv; docs/audits/2026-07-20T175853-0400-round-80/freight/asset-manifest.csv,high,no unambiguous source match exists in the frozen Phase 1 source manifest; decoded pixel format yuvj444p; Cargo library in_use=False; bodycopy reference is authoritative; rendered maxima imported from audit/assets/rendered-media-measurements.json
d3b866909fbaf2fb37af,image,home,montran,montran-02,unknown,https://freight.cargo.site/t/original/i/J3029442176019925254992799774521/montran-sequence-2-retina.jpg,https://freight.cargo.site/t/original/i/J3029442176019925254992799774521/montran-sequence-2-retina.jpg,observed in the Phase 1 Freight probe or captured bodycopy,J3029442176019925254992799774521,montran-sequence-2-retina.jpg,original,,3200,2200,733,504,1303.109,896,2.45x of measured requirement (height-limited; max observed DPR 3),jpg,image/jpeg,no,none,eager,true,home:img[src]/transformed; home:img[srcset]/transformed,docs/audits/2026-07-20T175853-0400-round-80/local/source-manifest.tsv: no unambiguous source match exists in the frozen Phase 1 source manifest,unknown,docs/audits/2026-07-20T175853-0400-round-80/cargo-draft/media-inventory.tsv; docs/audits/2026-07-20T175853-0400-round-80/freight/asset-manifest.csv,high,no unambiguous source match exists in the frozen Phase 1 source manifest; decoded pixel format yuvj420p; Cargo library in_use=False; bodycopy reference is authoritative; rendered maxima imported from audit/assets/rendered-media-measurements.json
fc5deb0d7b71f98ce2a2,image,home,purelove,purelove-01,unknown,https://freight.cargo.site/t/original/i/I3028246618297486426098215991097/purelove-1.jpg,https://freight.cargo.site/t/original/i/I3028246618297486426098215991097/purelove-1.jpg,observed in the Phase 1 Freight probe or captured bodycopy,I3028246618297486426098215991097,purelove-1.jpg,original,,1255,1568,627.2,783.9,1115.016,1393.594,1.13x of measured requirement (height-limited; max observed DPR 3),jpg,image/jpeg,no,none,eager,true,home:img[src]/transformed; home:img[srcset]/transformed,docs/audits/2026-07-20T175853-0400-round-80/local/source-manifest.tsv: no unambiguous source match exists in the frozen Phase 1 source manifest,unknown,docs/audits/2026-07-20T175853-0400-round-80/cargo-draft/media-inventory.tsv; docs/audits/2026-07-20T175853-0400-round-80/freight/asset-manifest.csv,high,no unambiguous source match exists in the frozen Phase 1 source manifest; decoded pixel format yuvj444p; Cargo library in_use=False; bodycopy reference is authoritative; rendered maxima imported from audit/assets/rendered-media-measurements.json
22fc9fd60f6bf8f5cec3,image,home,purelove,purelove-02,unknown,https://freight.cargo.site/t/original/i/Q3028246916120169496138926831417/purelove-2.jpg,https://freight.cargo.site/t/original/i/Q3028246916120169496138926831417/purelove-2.jpg,observed in the Phase 1 Freight probe or captured bodycopy,Q3028246916120169496138926831417,purelove-2.jpg,original,,1089,1360,544.3,680,967.641,1208.875,0.99x of measured requirement (height-limited; max observed DPR 3),jpg,image/jpeg,no,none,eager,true,home:img[src]/transformed; home:img[srcset]/transformed,docs/audits/2026-07-20T175853-0400-round-80/local/source-manifest.tsv: no unambiguous source match exists in the frozen Phase 1 source manifest,unknown,docs/audits/2026-07-20T175853-0400-round-80/cargo-draft/media-inventory.tsv; docs/audits/2026-07-20T175853-0400-round-80/freight/asset-manifest.csv,high,no unambiguous source match exists in the frozen Phase 1 source manifest; decoded pixel format yuvj444p; Cargo library in_use=False; bodycopy reference is authoritative; rendered maxima imported from audit/assets/rendered-media-measurements.json
ca3dbaccd878aa761ff3,image,home,purelove,purelove-03,unknown,https://freight.cargo.site/t/original/i/G3028246944196113976324864390969/purelove-3.jpg,https://freight.cargo.site/t/original/i/G3028246944196113976324864390969/purelove-3.jpg,observed in the Phase 1 Freight probe or captured bodycopy,G3028246944196113976324864390969,purelove-3.jpg,original,,880,1100,440,550,782.219,977.766,0.80x of measured requirement (width-limited; max observed DPR 3),jpg,image/jpeg,no,none,eager,true,home:img[src]/transformed; home:img[srcset]/transformed,docs/audits/2026-07-20T175853-0400-round-80/local/source-manifest.tsv: no unambiguous source match exists in the frozen Phase 1 source manifest,unknown,docs/audits/2026-07-20T175853-0400-round-80/cargo-draft/media-inventory.tsv; docs/audits/2026-07-20T175853-0400-round-80/freight/asset-manifest.csv,high,no unambiguous source match exists in the frozen Phase 1 source manifest; decoded pixel format yuvj444p; Cargo library in_use=False; bodycopy reference is authoritative; rendered maxima imported from audit/assets/rendered-media-measurements.json
75506e1042a8f03aa64b,image,home,purelove,purelove-04,unknown,https://freight.cargo.site/t/original/i/S3028289855602474049842539181881/purelove-4-v2.png,https://freight.cargo.site/t/original/i/S3028289855602474049842539181881/purelove-4-v2.png,observed in the Phase 1 Freight probe or captured bodycopy,S3028289855602474049842539181881,purelove-4-v2.png,original,,1746,1360,873,680,1552,1208.875,1.12x of measured requirement (width-limited; max observed DPR 3),png,image/png,yes,none,eager,true,home:img[src]/transformed; home:img[srcset]/transformed,docs/audits/2026-07-20T175853-0400-round-80/local/source-manifest.tsv: no unambiguous source match exists in the frozen Phase 1 source manifest,unknown,docs/audits/2026-07-20T175853-0400-round-80/cargo-draft/media-inventory.tsv; docs/audits/2026-07-20T175853-0400-round-80/freight/asset-manifest.csv,high,no unambiguous source match exists in the frozen Phase 1 source manifest; decoded pixel format rgba; Cargo library in_use=False; bodycopy reference is authoritative; rendered maxima imported from audit/assets/rendered-media-measurements.json
8e9fd2f07c23efa26b8a,image,home,touchbaes,touchbaes-05 (embed child),Portfolio assets/_for cargo deployment/touchbaes/sticker game/touchbaes-sticker-game/assets/optimized/scene.webp,https://freight.cargo.site/t/original/i/S3022869107342463920768450869049/scene.png,https://freight.cargo.site/t/original/i/S3022869107342463920768450869049/scene.png,observed verbatim in the active embed bundle captured by frozen child-dependency evidence,S3022869107342463920768450869049,scene.png,original,,1586,1752,unknown,unknown,unknown,unknown,unknown,png,image/png,unknown,none,embed-initial (parent iframe near),true,home:touchbaes-05 iframe child/scene,audit/assets/frozen-embed-dependencies.json: role-matched optimized source; delivery is a separately encoded Cargo PNG; source path/hash is frozen in docs/audits/2026-07-20T175853-0400-round-80/local/source-manifest.tsv,low,docs/audits/2026-07-20T175853-0400-round-80/cargo-draft/media-inventory.tsv; audit/assets/frozen-embed-dependencies.json; parent bundle SHA-256 2c4f2c12a8d049ab0805fb8f72f246a95e715154671d5fd8cc808407995afcb5,high,role-matched optimized source; delivery is a separately encoded Cargo PNG; alpha channel was not decoded in Phase 1; Cargo library in_use=False; bodycopy reference is authoritative
5556a092298f8e16a183,image,home,touchbaes,touchbaes-05 (embed child),Portfolio assets/_for cargo deployment/touchbaes/sticker game/touchbaes-sticker-game/assets/optimized/sticker-cat-placed.webp,https://freight.cargo.site/t/original/i/Z3022869107360910664842160420665/sticker-cat-placed.png,https://freight.cargo.site/t/original/i/Z3022869107360910664842160420665/sticker-cat-placed.png,observed verbatim in the active embed bundle captured by frozen child-dependency evidence,Z3022869107360910664842160420665,sticker-cat-placed.png,original,,484,619,unknown,unknown,unknown,unknown,unknown,png,image/png,unknown,none,embed-initial (parent iframe near),true,home:touchbaes-05 iframe child/placed sticker state,audit/assets/frozen-embed-dependencies.json: role-matched optimized source; delivery is a separately encoded Cargo PNG; source path/hash is frozen in docs/audits/2026-07-20T175853-0400-round-80/local/source-manifest.tsv,low,docs/audits/2026-07-20T175853-0400-round-80/cargo-draft/media-inventory.tsv; audit/assets/frozen-embed-dependencies.json; parent bundle SHA-256 2c4f2c12a8d049ab0805fb8f72f246a95e715154671d5fd8cc808407995afcb5,high,role-matched optimized source; delivery is a separately encoded Cargo PNG; alpha channel was not decoded in Phase 1; Cargo library in_use=False; bodycopy reference is authoritative
d92f3f131e3a101876b9,image,home,touchbaes,touchbaes-05 (embed child),Portfolio assets/_for cargo deployment/touchbaes/sticker game/touchbaes-sticker-game/assets/optimized/sticker-cat.webp,https://freight.cargo.site/t/original/i/F3022869107379357408915869972281/sticker-cat.png,https://freight.cargo.site/t/original/i/F3022869107379357408915869972281/sticker-cat.png,observed verbatim in the active embed bundle captured by frozen child-dependency evidence,F3022869107379357408915869972281,sticker-cat.png,original,,280,367,unknown,unknown,unknown,unknown,unknown,png,image/png,unknown,none,embed-initial (parent iframe near),true,home:touchbaes-05 iframe child/loose sticker,audit/assets/frozen-embed-dependencies.json: role-matched optimized source; delivery is a separately encoded Cargo PNG; source path/hash is frozen in docs/audits/2026-07-20T175853-0400-round-80/local/source-manifest.tsv,low,docs/audits/2026-07-20T175853-0400-round-80/cargo-draft/media-inventory.tsv; audit/assets/frozen-embed-dependencies.json; parent bundle SHA-256 2c4f2c12a8d049ab0805fb8f72f246a95e715154671d5fd8cc808407995afcb5,high,role-matched optimized source; delivery is a separately encoded Cargo PNG; alpha channel was not decoded in Phase 1; Cargo library in_use=False; bodycopy reference is authoritative
2165424ef382a15a0981,image,home,touchbaes,touchbaes-05 (embed child),Portfolio assets/_for cargo deployment/touchbaes/sticker game/touchbaes-sticker-game/assets/optimized/sticker-plant.webp,https://freight.cargo.site/t/original/i/B3022869107397804152989579523897/sticker-plant.png,https://freight.cargo.site/t/original/i/B3022869107397804152989579523897/sticker-plant.png,observed verbatim in the active embed bundle captured by frozen child-dependency evidence,B3022869107397804152989579523897,sticker-plant.png,original,,360,647,unknown,unknown,unknown,unknown,unknown,png,image/png,unknown,none,embed-initial (parent iframe near),true,home:touchbaes-05 iframe child/loose sticker,audit/assets/frozen-embed-dependencies.json: role-matched optimized source; delivery is a separately encoded Cargo PNG; source path/hash is frozen in docs/audits/2026-07-20T175853-0400-round-80/local/source-manifest.tsv,low,docs/audits/2026-07-20T175853-0400-round-80/cargo-draft/media-inventory.tsv; audit/assets/frozen-embed-dependencies.json; parent bundle SHA-256 2c4f2c12a8d049ab0805fb8f72f246a95e715154671d5fd8cc808407995afcb5,high,role-matched optimized source; delivery is a separately encoded Cargo PNG; alpha channel was not decoded in Phase 1; Cargo library in_use=False; bodycopy reference is authoritative
99ba81219918198e6bac,image,home,touchbaes,touchbaes-05 (embed child),Portfolio assets/_for cargo deployment/touchbaes/sticker game/touchbaes-sticker-game/assets/optimized/sticker-right-bottles.webp,https://freight.cargo.site/t/original/i/Q3022869107416250897063289075513/sticker-right-bottles.png,https://freight.cargo.site/t/original/i/Q3022869107416250897063289075513/sticker-right-bottles.png,observed verbatim in the active embed bundle captured by frozen child-dependency evidence,Q3022869107416250897063289075513,sticker-right-bottles.png,original,,390,285,unknown,unknown,unknown,unknown,unknown,png,image/png,unknown,none,embed-initial (parent iframe near),true,home:touchbaes-05 iframe child/loose sticker,audit/assets/frozen-embed-dependencies.json: role-matched optimized source; delivery is a separately encoded Cargo PNG; source path/hash is frozen in docs/audits/2026-07-20T175853-0400-round-80/local/source-manifest.tsv,low,docs/audits/2026-07-20T175853-0400-round-80/cargo-draft/media-inventory.tsv; audit/assets/frozen-embed-dependencies.json; parent bundle SHA-256 2c4f2c12a8d049ab0805fb8f72f246a95e715154671d5fd8cc808407995afcb5,high,role-matched optimized source; delivery is a separately encoded Cargo PNG; alpha channel was not decoded in Phase 1; Cargo library in_use=False; bodycopy reference is authoritative
62b29e7f1fe8f765c73b,image,home,touchbaes,touchbaes-05 (embed child),Portfolio assets/_for cargo deployment/touchbaes/sticker game/touchbaes-sticker-game/assets/optimized/sticker-touchbaes.webp,https://freight.cargo.site/t/original/i/U3022869107434697641136998627129/sticker-touchbaes.png,https://freight.cargo.site/t/original/i/U3022869107434697641136998627129/sticker-touchbaes.png,observed verbatim in the active embed bundle captured by frozen child-dependency evidence,U3022869107434697641136998627129,sticker-touchbaes.png,original,,760,592,unknown,unknown,unknown,unknown,unknown,png,image/png,unknown,none,embed-initial (parent iframe near),true,home:touchbaes-05 iframe child/loose sticker,audit/assets/frozen-embed-dependencies.json: role-matched optimized source; delivery is a separately encoded Cargo PNG; source path/hash is frozen in docs/audits/2026-07-20T175853-0400-round-80/local/source-manifest.tsv,low,docs/audits/2026-07-20T175853-0400-round-80/cargo-draft/media-inventory.tsv; audit/assets/frozen-embed-dependencies.json; parent bundle SHA-256 2c4f2c12a8d049ab0805fb8f72f246a95e715154671d5fd8cc808407995afcb5,high,role-matched optimized source; delivery is a separately encoded Cargo PNG; alpha channel was not decoded in Phase 1; Cargo library in_use=False; bodycopy reference is authoritative
a53a417152dc860c0f81,image,home,touchbaes,touchbaes-03,unknown,https://freight.cargo.site/t/original/i/J3022057905776630719280532993849/touchbaes-booking.jpg,https://freight.cargo.site/t/original/i/J3022057905776630719280532993849/touchbaes-booking.jpg,observed in the Phase 1 Freight probe or captured bodycopy,J3022057905776630719280532993849,touchbaes-booking.jpg,original,,807,1008,403,504,716.438,896,0.74x of measured requirement (height-limited; max observed DPR 3),jpg,image/jpeg,no,none,eager,true,home:img[src]/transformed; home:img[srcset]/transformed,docs/audits/2026-07-20T175853-0400-round-80/local/source-manifest.tsv: no unambiguous source match exists in the frozen Phase 1 source manifest,unknown,docs/audits/2026-07-20T175853-0400-round-80/cargo-draft/media-inventory.tsv; docs/audits/2026-07-20T175853-0400-round-80/freight/asset-manifest.csv,high,no unambiguous source match exists in the frozen Phase 1 source manifest; decoded pixel format yuvj444p; Cargo library in_use=False; bodycopy reference is authoritative; rendered maxima imported from audit/assets/rendered-media-measurements.json
ffd084dbe80cbcccd00f,image,home,touchbaes,touchbaes-07,unknown,https://freight.cargo.site/t/original/i/Y3029359532614226676240928519993/touchbaes-last-retina.jpg,https://freight.cargo.site/t/original/i/Y3029359532614226676240928519993/touchbaes-last-retina.jpg,observed in the Phase 1 Freight probe or captured bodycopy,Y3029359532614226676240928519993,touchbaes-last-retina.jpg,original,,2400,1600,558,372,992,661.328,1.84x of measured requirement (width-limited; max observed DPR 3),jpg,image/jpeg,no,none,eager,true,home:img[src]/transformed; home:img[srcset]/transformed,docs/audits/2026-07-20T175853-0400-round-80/local/source-manifest.tsv: no unambiguous source match exists in the frozen Phase 1 source manifest,unknown,docs/audits/2026-07-20T175853-0400-round-80/cargo-draft/media-inventory.tsv; docs/audits/2026-07-20T175853-0400-round-80/freight/asset-manifest.csv,high,no unambiguous source match exists in the frozen Phase 1 source manifest; decoded pixel format yuvj444p; Cargo library in_use=False; bodycopy reference is authoritative; rendered maxima imported from audit/assets/rendered-media-measurements.json
21bb04b15622116d8045,image,home,touchbaes,touchbaes-04,unknown,https://freight.cargo.site/t/original/i/Q3028246600809973044221561059129/touchbaes-sticker-v2.png,https://freight.cargo.site/t/original/i/Q3028246600809973044221561059129/touchbaes-sticker-v2.png,observed in the Phase 1 Freight probe or captured bodycopy,Q3028246600809973044221561059129,touchbaes-sticker-v2.png,original,,525,1213,262.5,606.5,466.656,1078.219,0.75x of measured requirement (height-limited; max observed DPR 3),png,image/png,yes,none,eager,true,home:img[src]/transformed; home:img[srcset]/transformed,docs/audits/2026-07-20T175853-0400-round-80/local/source-manifest.tsv: no unambiguous source match exists in the frozen Phase 1 source manifest,unknown,docs/audits/2026-07-20T175853-0400-round-80/cargo-draft/media-inventory.tsv; docs/audits/2026-07-20T175853-0400-round-80/freight/asset-manifest.csv,high,no unambiguous source match exists in the frozen Phase 1 source manifest; decoded pixel format rgba; Cargo library in_use=False; bodycopy reference is authoritative; rendered maxima imported from audit/assets/rendered-media-measurements.json
d265b927591bc469f185,image,home,touchbaes,touchbaes-05 (embed child),Portfolio assets/_for cargo deployment/touchbaes/sticker game/touchbaes-sticker-game/assets/optimized/tweezer-close.webp,https://freight.cargo.site/t/original/i/N3022869107453144385210708178745/tweezer-close.png,https://freight.cargo.site/t/original/i/N3022869107453144385210708178745/tweezer-close.png,observed verbatim in the active embed bundle captured by frozen child-dependency evidence,N3022869107453144385210708178745,tweezer-close.png,original,,760,471,unknown,unknown,unknown,unknown,unknown,png,image/png,unknown,none,embed-initial (parent iframe near),true,home:touchbaes-05 iframe child/tweezer closed state,audit/assets/frozen-embed-dependencies.json: role-matched optimized source; delivery is a separately encoded Cargo PNG; source path/hash is frozen in docs/audits/2026-07-20T175853-0400-round-80/local/source-manifest.tsv,low,docs/audits/2026-07-20T175853-0400-round-80/cargo-draft/media-inventory.tsv; audit/assets/frozen-embed-dependencies.json; parent bundle SHA-256 2c4f2c12a8d049ab0805fb8f72f246a95e715154671d5fd8cc808407995afcb5,high,role-matched optimized source; delivery is a separately encoded Cargo PNG; alpha channel was not decoded in Phase 1; Cargo library in_use=False; bodycopy reference is authoritative
4f4fc6bd970e1432867e,image,home,touchbaes,touchbaes-05 (embed child),Portfolio assets/_for cargo deployment/touchbaes/sticker game/touchbaes-sticker-game/assets/optimized/tweezer-front-arm.webp,https://freight.cargo.site/t/original/i/V3022869107471591129284417730361/tweezer-front-arm.png,https://freight.cargo.site/t/original/i/V3022869107471591129284417730361/tweezer-front-arm.png,observed verbatim in the active embed bundle captured by frozen child-dependency evidence,V3022869107471591129284417730361,tweezer-front-arm.png,original,,760,471,unknown,unknown,unknown,unknown,unknown,png,image/png,unknown,none,embed-initial (parent iframe near),true,home:touchbaes-05 iframe child/tweezer front arm,audit/assets/frozen-embed-dependencies.json: role-matched optimized source; delivery is a separately encoded Cargo PNG; source path/hash is frozen in docs/audits/2026-07-20T175853-0400-round-80/local/source-manifest.tsv,low,docs/audits/2026-07-20T175853-0400-round-80/cargo-draft/media-inventory.tsv; audit/assets/frozen-embed-dependencies.json; parent bundle SHA-256 2c4f2c12a8d049ab0805fb8f72f246a95e715154671d5fd8cc808407995afcb5,high,role-matched optimized source; delivery is a separately encoded Cargo PNG; alpha channel was not decoded in Phase 1; Cargo library in_use=False; bodycopy reference is authoritative
49d1f2e6443da69e3f4c,image,home,touchbaes,touchbaes-05 (embed child),Portfolio assets/_for cargo deployment/touchbaes/sticker game/touchbaes-sticker-game/assets/optimized/tweezer-open.webp,https://freight.cargo.site/t/original/i/T3022869107490037873358127281977/tweezer-open.png,https://freight.cargo.site/t/original/i/T3022869107490037873358127281977/tweezer-open.png,observed verbatim in the active embed bundle captured by frozen child-dependency evidence,T3022869107490037873358127281977,tweezer-open.png,original,,760,469,unknown,unknown,unknown,unknown,unknown,png,image/png,unknown,none,embed-initial (parent iframe near),true,home:touchbaes-05 iframe child/tweezer open state,audit/assets/frozen-embed-dependencies.json: role-matched optimized source; delivery is a separately encoded Cargo PNG; source path/hash is frozen in docs/audits/2026-07-20T175853-0400-round-80/local/source-manifest.tsv,low,docs/audits/2026-07-20T175853-0400-round-80/cargo-draft/media-inventory.tsv; audit/assets/frozen-embed-dependencies.json; parent bundle SHA-256 2c4f2c12a8d049ab0805fb8f72f246a95e715154671d5fd8cc808407995afcb5,high,role-matched optimized source; delivery is a separately encoded Cargo PNG; alpha channel was not decoded in Phase 1; Cargo library in_use=False; bodycopy reference is authoritative
46f00f6244b977db2eca,image,home,v7,v7-02,unknown,https://freight.cargo.site/t/original/i/R3025118182046317275766954964793/v7-postcard.jpg,https://freight.cargo.site/t/original/i/R3025118182046317275766954964793/v7-postcard.jpg,observed in the Phase 1 Freight probe or captured bodycopy,R3025118182046317275766954964793,v7-postcard.jpg,original,,672,1008,336,504,597.328,896,0.62x of measured requirement (height-limited; max observed DPR 3),jpg,image/jpeg,no,none,eager,true,home:img[src]/transformed; home:img[srcset]/transformed,docs/audits/2026-07-20T175853-0400-round-80/local/source-manifest.tsv: no unambiguous source match exists in the frozen Phase 1 source manifest,unknown,docs/audits/2026-07-20T175853-0400-round-80/cargo-draft/media-inventory.tsv; docs/audits/2026-07-20T175853-0400-round-80/freight/asset-manifest.csv,high,no unambiguous source match exists in the frozen Phase 1 source manifest; decoded pixel format yuvj444p; Cargo library in_use=False; bodycopy reference is authoritative; rendered maxima imported from audit/assets/rendered-media-measurements.json
b635b4211e0f9f800575,image,home,v7,v7-06,unknown,https://freight.cargo.site/t/original/i/A3029359532632673420314638071609/v7-sequence-6-retina.jpg,https://freight.cargo.site/t/original/i/A3029359532632673420314638071609/v7-sequence-6-retina.jpg,observed in the Phase 1 Freight probe or captured bodycopy,A3029359532632673420314638071609,v7-sequence-6-retina.jpg,original,,1123,1497,281,374,499.547,664.875,1.02x of measured requirement (width-limited; max observed DPR 3),jpg,image/jpeg,no,none,eager,true,home:img[src]/transformed; home:img[srcset]/transformed,docs/audits/2026-07-20T175853-0400-round-80/local/source-manifest.tsv: no unambiguous source match exists in the frozen Phase 1 source manifest,unknown,docs/audits/2026-07-20T175853-0400-round-80/cargo-draft/media-inventory.tsv; docs/audits/2026-07-20T175853-0400-round-80/freight/asset-manifest.csv,high,no unambiguous source match exists in the frozen Phase 1 source manifest; decoded pixel format yuvj444p; Cargo library in_use=False; bodycopy reference is authoritative; rendered maxima imported from audit/assets/rendered-media-measurements.json
d50f4af7589c85a9cc2b,image,home,wtw,wtw-03,unknown,https://freight.cargo.site/t/original/i/X3028243859623803690982190921529/wtw-image1.gif,https://freight.cargo.site/t/original/i/X3028243859623803690982190921529/wtw-image1.gif,observed in the Phase 1 Freight probe or captured bodycopy,X3028243859623803690982190921529,wtw-image1.gif,original,,2690,1671,592.9,333.506,1054.031,592.891,2.06x of measured requirement (width-limited; max observed DPR 3),gif,image/gif,yes,none,eager,true,home:img[src]/original,docs/audits/2026-07-20T175853-0400-round-80/local/source-manifest.tsv: no unambiguous source match exists in the frozen Phase 1 source manifest,unknown,docs/audits/2026-07-20T175853-0400-round-80/cargo-draft/media-inventory.tsv; docs/audits/2026-07-20T175853-0400-round-80/freight/asset-manifest.csv,high,no unambiguous source match exists in the frozen Phase 1 source manifest; decoded pixel format bgra; Cargo library in_use=False; bodycopy reference is authoritative; rendered maxima imported from audit/assets/rendered-media-measurements.json
eda1b74fdb144e026bfd,image,home,wtw,wtw-06,unknown,https://freight.cargo.site/t/original/i/M3028243870784083855576469649209/wtw-image6.gif,https://freight.cargo.site/t/original/i/M3028243870784083855576469649209/wtw-image6.gif,observed in the Phase 1 Freight probe or captured bodycopy,M3028243870784083855576469649209,wtw-image6.gif,original,,1374,1196,579,504,1029.328,896,1.05x of measured requirement (height-limited; max observed DPR 3),gif,image/gif,yes,none,eager,true,home:img[src]/original,docs/audits/2026-07-20T175853-0400-round-80/local/source-manifest.tsv: no unambiguous source match exists in the frozen Phase 1 source manifest,unknown,docs/audits/2026-07-20T175853-0400-round-80/cargo-draft/media-inventory.tsv; docs/audits/2026-07-20T175853-0400-round-80/freight/asset-manifest.csv,high,no unambiguous source match exists in the frozen Phase 1 source manifest; decoded pixel format bgra; Cargo library in_use=False; bodycopy reference is authoritative; rendered maxima imported from audit/assets/rendered-media-measurements.json
e9d9939a0ff1bf56a524,image,home,wtw,wtw-01,unknown,https://freight.cargo.site/t/original/i/C3028244178623348957641467017017/wtw-lanyard.png,https://freight.cargo.site/t/original/i/C3028244178623348957641467017017/wtw-lanyard.png,observed in the Phase 1 Freight probe or captured bodycopy,C3028244178623348957641467017017,wtw-lanyard.png,original,,1494,1008,746.7,504,1327.453,896,1.12x of measured requirement (height-limited; max observed DPR 3),png,image/png,yes,none,eager,true,home:img[src]/transformed; home:img[srcset]/transformed,docs/audits/2026-07-20T175853-0400-round-80/local/source-manifest.tsv: no unambiguous source match exists in the frozen Phase 1 source manifest,unknown,docs/audits/2026-07-20T175853-0400-round-80/cargo-draft/media-inventory.tsv; docs/audits/2026-07-20T175853-0400-round-80/freight/asset-manifest.csv,high,no unambiguous source match exists in the frozen Phase 1 source manifest; decoded pixel format rgba; Cargo library in_use=False; bodycopy reference is authoritative; rendered maxima imported from audit/assets/rendered-media-measurements.json
707b8159bc72fa654ca8,image-rendition,home,anyday,anyday-04,unknown,https://freight.cargo.site/w/420/q/85/i/L3027048668493509838917526402873/anyday-image6.jpg,https://freight.cargo.site/w/420/q/85/i/L3027048668493509838917526402873/anyday-image6.jpg,unknown,L3027048668493509838917526402873,anyday-image6.jpg,transformed,420,420,366,435.3,378.9,773.859,673.594,0.32x of measured requirement (width-limited; max observed DPR 3),jpg,image/jpeg,no,none,eager,true,home:img[srcset]; home:img[srcset]/transformed,docs/audits/2026-07-20T175853-0400-round-80/local/source-manifest.tsv: no unambiguous source match exists in the frozen Phase 1 source manifest,unknown,docs/audits/2026-07-20T175853-0400-round-80/public/public-bodycopy-dependencies.tsv; URL width contract; original dimensions from docs/audits/2026-07-20T175853-0400-round-80/freight/asset-manifest.csv,high for URL; medium for inferred decoded size,no unambiguous source match exists in the frozen Phase 1 source manifest; decoded pixel format yuvj444p; natural size is inferred from the Cargo width request and probed original ratio; browser decode is pending; rendered maxima imported from audit/assets/rendered-media-measurements.json
1ce555ae851cf8049d67,image-rendition,home,anyday,anyday-04,unknown,https://freight.cargo.site/w/900/q/85/i/L3027048668493509838917526402873/anyday-image6.jpg,https://freight.cargo.site/w/900/q/85/i/L3027048668493509838917526402873/anyday-image6.jpg,unknown,L3027048668493509838917526402873,anyday-image6.jpg,transformed,900,900,784,435.3,378.9,773.859,673.594,0.69x of measured requirement (width-limited; max observed DPR 3),jpg,image/jpeg,no,none,eager,true,home:img[srcset]; home:img[srcset]/transformed,docs/audits/2026-07-20T175853-0400-round-80/local/source-manifest.tsv: no unambiguous source match exists in the frozen Phase 1 source manifest,unknown,docs/audits/2026-07-20T175853-0400-round-80/public/public-bodycopy-dependencies.tsv; URL width contract; original dimensions from docs/audits/2026-07-20T175853-0400-round-80/freight/asset-manifest.csv,high for URL; medium for inferred decoded size,no unambiguous source match exists in the frozen Phase 1 source manifest; decoded pixel format yuvj444p; natural size is inferred from the Cargo width request and probed original ratio; browser decode is pending; rendered maxima imported from audit/assets/rendered-media-measurements.json
bd39726137f995a8beae,image-rendition,home,anyday,anyday-04,unknown,https://freight.cargo.site/w/952/q/85/i/L3027048668493509838917526402873/anyday-image6.jpg,https://freight.cargo.site/w/952/q/85/i/L3027048668493509838917526402873/anyday-image6.jpg,unknown,L3027048668493509838917526402873,anyday-image6.jpg,transformed,952,952,829,435.3,378.9,773.859,673.594,0.73x of measured requirement (width-limited; max observed DPR 3),jpg,image/jpeg,no,none,eager,true,home:img[src]; home:img[src]/transformed; home:img[srcset]; home:img[srcset]/transformed,docs/audits/2026-07-20T175853-0400-round-80/local/source-manifest.tsv: no unambiguous source match exists in the frozen Phase 1 source manifest,unknown,docs/audits/2026-07-20T175853-0400-round-80/public/public-bodycopy-dependencies.tsv; URL width contract; original dimensions from docs/audits/2026-07-20T175853-0400-round-80/freight/asset-manifest.csv,high for URL; medium for inferred decoded size,no unambiguous source match exists in the frozen Phase 1 source manifest; decoded pixel format yuvj444p; natural size is inferred from the Cargo width request and probed original ratio; browser decode is pending; rendered maxima imported from audit/assets/rendered-media-measurements.json
d2f87348c1a66da69b59,image-rendition,home,curate,curate-03,unknown,https://freight.cargo.site/w/1008/q/85/i/J3027050938125560435919628580665/curate-hf.jpg,https://freight.cargo.site/w/1008/q/85/i/J3027050938125560435919628580665/curate-hf.jpg,unknown,J3027050938125560435919628580665,curate-hf.jpg,transformed,1008,1008,1008,504,504,896,896,0.85x of measured requirement (width-limited; max observed DPR 3),jpg,image/jpeg,no,none,eager,true,home:img[src]; home:img[src]/transformed; home:img[srcset]; home:img[srcset]/transformed,docs/audits/2026-07-20T175853-0400-round-80/local/source-manifest.tsv: no unambiguous source match exists in the frozen Phase 1 source manifest,unknown,docs/audits/2026-07-20T175853-0400-round-80/public/public-bodycopy-dependencies.tsv; URL width contract; original dimensions from docs/audits/2026-07-20T175853-0400-round-80/freight/asset-manifest.csv,high for URL; medium for inferred decoded size,no unambiguous source match exists in the frozen Phase 1 source manifest; decoded pixel format yuvj444p; natural size is inferred from the Cargo width request and probed original ratio; browser decode is pending; rendered maxima imported from audit/assets/rendered-media-measurements.json
02b13f6048b322f20bd7,image-rendition,home,curate,curate-03,unknown,https://freight.cargo.site/w/420/q/85/i/J3027050938125560435919628580665/curate-hf.jpg,https://freight.cargo.site/w/420/q/85/i/J3027050938125560435919628580665/curate-hf.jpg,unknown,J3027050938125560435919628580665,curate-hf.jpg,transformed,420,420,420,504,504,896,896,0.35x of measured requirement (width-limited; max observed DPR 3),jpg,image/jpeg,no,none,eager,true,home:img[srcset]; home:img[srcset]/transformed,docs/audits/2026-07-20T175853-0400-round-80/local/source-manifest.tsv: no unambiguous source match exists in the frozen Phase 1 source manifest,unknown,docs/audits/2026-07-20T175853-0400-round-80/public/public-bodycopy-dependencies.tsv; URL width contract; original dimensions from docs/audits/2026-07-20T175853-0400-round-80/freight/asset-manifest.csv,high for URL; medium for inferred decoded size,no unambiguous source match exists in the frozen Phase 1 source manifest; decoded pixel format yuvj444p; natural size is inferred from the Cargo width request and probed original ratio; browser decode is pending; rendered maxima imported from audit/assets/rendered-media-measurements.json
d7c978fd044ccdd6cb06,image-rendition,home,curate,curate-03,unknown,https://freight.cargo.site/w/900/q/85/i/J3027050938125560435919628580665/curate-hf.jpg,https://freight.cargo.site/w/900/q/85/i/J3027050938125560435919628580665/curate-hf.jpg,unknown,J3027050938125560435919628580665,curate-hf.jpg,transformed,900,900,900,504,504,896,896,0.76x of measured requirement (width-limited; max observed DPR 3),jpg,image/jpeg,no,none,eager,true,home:img[srcset]; home:img[srcset]/transformed,docs/audits/2026-07-20T175853-0400-round-80/local/source-manifest.tsv: no unambiguous source match exists in the frozen Phase 1 source manifest,unknown,docs/audits/2026-07-20T175853-0400-round-80/public/public-bodycopy-dependencies.tsv; URL width contract; original dimensions from docs/audits/2026-07-20T175853-0400-round-80/freight/asset-manifest.csv,high for URL; medium for inferred decoded size,no unambiguous source match exists in the frozen Phase 1 source manifest; decoded pixel format yuvj444p; natural size is inferred from the Cargo width request and probed original ratio; browser decode is pending; rendered maxima imported from audit/assets/rendered-media-measurements.json
c97a4aedab5b9b76f472,image-rendition,home,curate,curate-01,unknown,https://freight.cargo.site/w/420/q/85/i/Z3028481505928652286752455178041/curate-image2-v2.jpg,https://freight.cargo.site/w/420/q/85/i/Z3028481505928652286752455178041/curate-image2-v2.jpg,unknown,Z3028481505928652286752455178041,curate-image2-v2.jpg,transformed,420,420,365,376,327,668.438,581.328,0.32x of measured requirement (height-limited; max observed DPR 3),jpg,image/jpeg,no,none,eager,true,home:img[srcset]; home:img[srcset]/transformed,docs/audits/2026-07-20T175853-0400-round-80/local/source-manifest.tsv: no unambiguous source match exists in the frozen Phase 1 source manifest,unknown,docs/audits/2026-07-20T175853-0400-round-80/public/public-bodycopy-dependencies.tsv; URL width contract; original dimensions from docs/audits/2026-07-20T175853-0400-round-80/freight/asset-manifest.csv,high for URL; medium for inferred decoded size,no unambiguous source match exists in the frozen Phase 1 source manifest; decoded pixel format yuvj420p; natural size is inferred from the Cargo width request and probed original ratio; browser decode is pending; rendered maxima imported from audit/assets/rendered-media-measurements.json
ee34ff1652570ab6235c,image-rendition,home,curate,curate-01,unknown,https://freight.cargo.site/w/752/q/85/i/Z3028481505928652286752455178041/curate-image2-v2.jpg,https://freight.cargo.site/w/752/q/85/i/Z3028481505928652286752455178041/curate-image2-v2.jpg,unknown,Z3028481505928652286752455178041,curate-image2-v2.jpg,transformed,752,750,652,376,327,668.438,581.328,0.57x of measured requirement (height-limited; max observed DPR 3),jpg,image/jpeg,no,none,eager,true,home:img[src]; home:img[src]/transformed; home:img[srcset]; home:img[srcset]/transformed,docs/audits/2026-07-20T175853-0400-round-80/local/source-manifest.tsv: no unambiguous source match exists in the frozen Phase 1 source manifest,unknown,docs/audits/2026-07-20T175853-0400-round-80/public/public-bodycopy-dependencies.tsv; URL width contract; original dimensions from docs/audits/2026-07-20T175853-0400-round-80/freight/asset-manifest.csv,high for URL; medium for inferred decoded size,no unambiguous source match exists in the frozen Phase 1 source manifest; decoded pixel format yuvj420p; natural size is inferred from the Cargo width request and probed original ratio; browser decode is pending; rendered maxima imported from audit/assets/rendered-media-measurements.json
8a91fccdd79e60341606,image-rendition,home,curate,curate-04,unknown,https://freight.cargo.site/w/1800/q/90/i/K3029359532521992955872380761913/curate-last-retina.jpg,https://freight.cargo.site/w/1800/q/90/i/K3029359532521992955872380761913/curate-last-retina.jpg,unknown,K3029359532521992955872380761913,curate-last-retina.jpg,transformed,1800,1800,1566,462,402,821.328,714.656,1.38x of measured requirement (height-limited; max observed DPR 3),jpg,image/jpeg,no,none,eager,true,home:img[srcset]; home:img[srcset]/transformed,docs/audits/2026-07-20T175853-0400-round-80/local/source-manifest.tsv: no unambiguous source match exists in the frozen Phase 1 source manifest,unknown,docs/audits/2026-07-20T175853-0400-round-80/public/public-bodycopy-dependencies.tsv; URL width contract; original dimensions from docs/audits/2026-07-20T175853-0400-round-80/freight/asset-manifest.csv,high for URL; medium for inferred decoded size,no unambiguous source match exists in the frozen Phase 1 source manifest; decoded pixel format yuvj444p; natural size is inferred from the Cargo width request and probed original ratio; browser decode is pending; rendered maxima imported from audit/assets/rendered-media-measurements.json
ccdeba04aa310bd13beb,image-rendition,home,curate,curate-04,unknown,https://freight.cargo.site/w/2200/q/90/i/K3029359532521992955872380761913/curate-last-retina.jpg,https://freight.cargo.site/w/2200/q/90/i/K3029359532521992955872380761913/curate-last-retina.jpg,unknown,K3029359532521992955872380761913,curate-last-retina.jpg,transformed,2200,2200,1914,462,402,821.328,714.656,1.68x of measured requirement (height-limited; max observed DPR 3),jpg,image/jpeg,no,none,eager,true,home:img[src]; home:img[src]/transformed; home:img[srcset]; home:img[srcset]/transformed,docs/audits/2026-07-20T175853-0400-round-80/local/source-manifest.tsv: no unambiguous source match exists in the frozen Phase 1 source manifest,unknown,docs/audits/2026-07-20T175853-0400-round-80/public/public-bodycopy-dependencies.tsv; URL width contract; original dimensions from docs/audits/2026-07-20T175853-0400-round-80/freight/asset-manifest.csv,high for URL; medium for inferred decoded size,no unambiguous source match exists in the frozen Phase 1 source manifest; decoded pixel format yuvj444p; natural size is inferred from the Cargo width request and probed original ratio; browser decode is pending; rendered maxima imported from audit/assets/rendered-media-measurements.json
88bafa518b8570326d73,image-rendition,home,curate,curate-04,unknown,https://freight.cargo.site/w/420/q/90/i/K3029359532521992955872380761913/curate-last-retina.jpg,https://freight.cargo.site/w/420/q/90/i/K3029359532521992955872380761913/curate-last-retina.jpg,unknown,K3029359532521992955872380761913,curate-last-retina.jpg,transformed,420,420,365,462,402,821.328,714.656,0.32x of measured requirement (height-limited; max observed DPR 3),jpg,image/jpeg,no,none,eager,true,home:img[srcset]; home:img[srcset]/transformed,docs/audits/2026-07-20T175853-0400-round-80/local/source-manifest.tsv: no unambiguous source match exists in the frozen Phase 1 source manifest,unknown,docs/audits/2026-07-20T175853-0400-round-80/public/public-bodycopy-dependencies.tsv; URL width contract; original dimensions from docs/audits/2026-07-20T175853-0400-round-80/freight/asset-manifest.csv,high for URL; medium for inferred decoded size,no unambiguous source match exists in the frozen Phase 1 source manifest; decoded pixel format yuvj444p; natural size is inferred from the Cargo width request and probed original ratio; browser decode is pending; rendered maxima imported from audit/assets/rendered-media-measurements.json
e5e2a9c5fa249341c5d1,image-rendition,home,curate,curate-04,unknown,https://freight.cargo.site/w/900/q/90/i/K3029359532521992955872380761913/curate-last-retina.jpg,https://freight.cargo.site/w/900/q/90/i/K3029359532521992955872380761913/curate-last-retina.jpg,unknown,K3029359532521992955872380761913,curate-last-retina.jpg,transformed,900,900,783,462,402,821.328,714.656,0.69x of measured requirement (height-limited; max observed DPR 3),jpg,image/jpeg,no,none,eager,true,home:img[srcset]; home:img[srcset]/transformed,docs/audits/2026-07-20T175853-0400-round-80/local/source-manifest.tsv: no unambiguous source match exists in the frozen Phase 1 source manifest,unknown,docs/audits/2026-07-20T175853-0400-round-80/public/public-bodycopy-dependencies.tsv; URL width contract; original dimensions from docs/audits/2026-07-20T175853-0400-round-80/freight/asset-manifest.csv,high for URL; medium for inferred decoded size,no unambiguous source match exists in the frozen Phase 1 source manifest; decoded pixel format yuvj444p; natural size is inferred from the Cargo width request and probed original ratio; browser decode is pending; rendered maxima imported from audit/assets/rendered-media-measurements.json
2acb57fdd7dee86d0d33,image-rendition,home,deadgood,deadgood-05,unknown,https://freight.cargo.site/w/1088/q/85/i/K3028247312208658246830419130169/dg-cover.jpg,https://freight.cargo.site/w/1088/q/85/i/K3028247312208658246830419130169/dg-cover.jpg,unknown,K3028247312208658246830419130169,dg-cover.jpg,transformed,1088,1087,716,543.5,358,966.219,636.438,0.83x of measured requirement (width-limited; max observed DPR 3),jpg,image/jpeg,no,none,eager,true,home:img[src]; home:img[src]/transformed; home:img[srcset]; home:img[srcset]/transformed,docs/audits/2026-07-20T175853-0400-round-80/local/source-manifest.tsv: no unambiguous source match exists in the frozen Phase 1 source manifest,unknown,docs/audits/2026-07-20T175853-0400-round-80/public/public-bodycopy-dependencies.tsv; URL width contract; original dimensions from docs/audits/2026-07-20T175853-0400-round-80/freight/asset-manifest.csv,high for URL; medium for inferred decoded size,no unambiguous source match exists in the frozen Phase 1 source manifest; decoded pixel format yuvj444p; natural size is inferred from the Cargo width request and probed original ratio; browser decode is pending; rendered maxima imported from audit/assets/rendered-media-measurements.json
90c79174fe8128409bb0,image-rendition,home,deadgood,deadgood-05,unknown,https://freight.cargo.site/w/420/q/85/i/K3028247312208658246830419130169/dg-cover.jpg,https://freight.cargo.site/w/420/q/85/i/K3028247312208658246830419130169/dg-cover.jpg,unknown,K3028247312208658246830419130169,dg-cover.jpg,transformed,420,420,277,543.5,358,966.219,636.438,0.32x of measured requirement (width-limited; max observed DPR 3),jpg,image/jpeg,no,none,eager,true,home:img[srcset]; home:img[srcset]/transformed,docs/audits/2026-07-20T175853-0400-round-80/local/source-manifest.tsv: no unambiguous source match exists in the frozen Phase 1 source manifest,unknown,docs/audits/2026-07-20T175853-0400-round-80/public/public-bodycopy-dependencies.tsv; URL width contract; original dimensions from docs/audits/2026-07-20T175853-0400-round-80/freight/asset-manifest.csv,high for URL; medium for inferred decoded size,no unambiguous source match exists in the frozen Phase 1 source manifest; decoded pixel format yuvj444p; natural size is inferred from the Cargo width request and probed original ratio; browser decode is pending; rendered maxima imported from audit/assets/rendered-media-measurements.json
127f028d1ac68bf403f9,image-rendition,home,deadgood,deadgood-05,unknown,https://freight.cargo.site/w/900/q/85/i/K3028247312208658246830419130169/dg-cover.jpg,https://freight.cargo.site/w/900/q/85/i/K3028247312208658246830419130169/dg-cover.jpg,unknown,K3028247312208658246830419130169,dg-cover.jpg,transformed,900,900,593,543.5,358,966.219,636.438,0.69x of measured requirement (width-limited; max observed DPR 3),jpg,image/jpeg,no,none,eager,true,home:img[srcset]; home:img[srcset]/transformed,docs/audits/2026-07-20T175853-0400-round-80/local/source-manifest.tsv: no unambiguous source match exists in the frozen Phase 1 source manifest,unknown,docs/audits/2026-07-20T175853-0400-round-80/public/public-bodycopy-dependencies.tsv; URL width contract; original dimensions from docs/audits/2026-07-20T175853-0400-round-80/freight/asset-manifest.csv,high for URL; medium for inferred decoded size,no unambiguous source match exists in the frozen Phase 1 source manifest; decoded pixel format yuvj444p; natural size is inferred from the Cargo width request and probed original ratio; browser decode is pending; rendered maxima imported from audit/assets/rendered-media-measurements.json
4f4a782d103ded5e04a6,image-rendition,home,deadgood,deadgood-04,unknown,https://freight.cargo.site/w/420/q/85/i/R3028483060048393752708469274425/dg-image3-v2.jpg,https://freight.cargo.site/w/420/q/85/i/R3028483060048393752708469274425/dg-image3-v2.jpg,unknown,R3028483060048393752708469274425,dg-image3-v2.jpg,transformed,420,420,367,411.3,358,731.188,636.438,0.32x of measured requirement (width-limited; max observed DPR 3),jpg,image/jpeg,no,none,eager,true,home:img[srcset]; home:img[srcset]/transformed,docs/audits/2026-07-20T175853-0400-round-80/local/source-manifest.tsv: no unambiguous source match exists in the frozen Phase 1 source manifest,unknown,docs/audits/2026-07-20T175853-0400-round-80/public/public-bodycopy-dependencies.tsv; URL width contract; original dimensions from docs/audits/2026-07-20T175853-0400-round-80/freight/asset-manifest.csv,high for URL; medium for inferred decoded size,no unambiguous source match exists in the frozen Phase 1 source manifest; decoded pixel format yuvj420p; natural size is inferred from the Cargo width request and probed original ratio; browser decode is pending; rendered maxima imported from audit/assets/rendered-media-measurements.json
2a0642a3f86e6db06113,image-rendition,home,deadgood,deadgood-04,unknown,https://freight.cargo.site/w/822/q/85/i/R3028483060048393752708469274425/dg-image3-v2.jpg,https://freight.cargo.site/w/822/q/85/i/R3028483060048393752708469274425/dg-image3-v2.jpg,unknown,R3028483060048393752708469274425,dg-image3-v2.jpg,transformed,822,820,716,411.3,358,731.188,636.438,0.63x of measured requirement (width-limited; max observed DPR 3),jpg,image/jpeg,no,none,eager,true,home:img[src]; home:img[src]/transformed; home:img[srcset]; home:img[srcset]/transformed,docs/audits/2026-07-20T175853-0400-round-80/local/source-manifest.tsv: no unambiguous source match exists in the frozen Phase 1 source manifest,unknown,docs/audits/2026-07-20T175853-0400-round-80/public/public-bodycopy-dependencies.tsv; URL width contract; original dimensions from docs/audits/2026-07-20T175853-0400-round-80/freight/asset-manifest.csv,high for URL; medium for inferred decoded size,no unambiguous source match exists in the frozen Phase 1 source manifest; decoded pixel format yuvj420p; natural size is inferred from the Cargo width request and probed original ratio; browser decode is pending; rendered maxima imported from audit/assets/rendered-media-measurements.json
6d82897f944ed2351971,image-rendition,home,deadgood,deadgood-02,unknown,https://freight.cargo.site/w/1788/q/85/i/A3028247346261347806898251413305/dg-image4.jpg,https://freight.cargo.site/w/1788/q/85/i/A3028247346261347806898251413305/dg-image4.jpg,unknown,A3028247346261347806898251413305,dg-image4.jpg,transformed,1788,1788,1007,894.4,504,1590.031,896,1.06x of measured requirement (height-limited; max observed DPR 3),jpg,image/jpeg,no,none,eager,true,home:img[src]; home:img[src]/transformed; home:img[srcset]; home:img[srcset]/transformed,docs/audits/2026-07-20T175853-0400-round-80/local/source-manifest.tsv: no unambiguous source match exists in the frozen Phase 1 source manifest,unknown,docs/audits/2026-07-20T175853-0400-round-80/public/public-bodycopy-dependencies.tsv; URL width contract; original dimensions from docs/audits/2026-07-20T175853-0400-round-80/freight/asset-manifest.csv,high for URL; medium for inferred decoded size,no unambiguous source match exists in the frozen Phase 1 source manifest; decoded pixel format yuvj444p; natural size is inferred from the Cargo width request and probed original ratio; browser decode is pending; rendered maxima imported from audit/assets/rendered-media-measurements.json
cd454566c3ddd9c42539,image-rendition,home,deadgood,deadgood-02,unknown,https://freight.cargo.site/w/420/q/85/i/A3028247346261347806898251413305/dg-image4.jpg,https://freight.cargo.site/w/420/q/85/i/A3028247346261347806898251413305/dg-image4.jpg,unknown,A3028247346261347806898251413305,dg-image4.jpg,transformed,420,420,237,894.4,504,1590.031,896,0.25x of measured requirement (width-limited; max observed DPR 3),jpg,image/jpeg,no,none,eager,true,home:img[srcset]; home:img[srcset]/transformed,docs/audits/2026-07-20T175853-0400-round-80/local/source-manifest.tsv: no unambiguous source match exists in the frozen Phase 1 source manifest,unknown,docs/audits/2026-07-20T175853-0400-round-80/public/public-bodycopy-dependencies.tsv; URL width contract; original dimensions from docs/audits/2026-07-20T175853-0400-round-80/freight/asset-manifest.csv,high for URL; medium for inferred decoded size,no unambiguous source match exists in the frozen Phase 1 source manifest; decoded pixel format yuvj444p; natural size is inferred from the Cargo width request and probed original ratio; browser decode is pending; rendered maxima imported from audit/assets/rendered-media-measurements.json
3f9c94ec07b944ec2956,image-rendition,home,deadgood,deadgood-02,unknown,https://freight.cargo.site/w/900/q/85/i/A3028247346261347806898251413305/dg-image4.jpg,https://freight.cargo.site/w/900/q/85/i/A3028247346261347806898251413305/dg-image4.jpg,unknown,A3028247346261347806898251413305,dg-image4.jpg,transformed,900,900,507,894.4,504,1590.031,896,0.53x of measured requirement (height-limited; max observed DPR 3),jpg,image/jpeg,no,none,eager,true,home:img[srcset]; home:img[srcset]/transformed,docs/audits/2026-07-20T175853-0400-round-80/local/source-manifest.tsv: no unambiguous source match exists in the frozen Phase 1 source manifest,unknown,docs/audits/2026-07-20T175853-0400-round-80/public/public-bodycopy-dependencies.tsv; URL width contract; original dimensions from docs/audits/2026-07-20T175853-0400-round-80/freight/asset-manifest.csv,high for URL; medium for inferred decoded size,no unambiguous source match exists in the frozen Phase 1 source manifest; decoded pixel format yuvj444p; natural size is inferred from the Cargo width request and probed original ratio; browser decode is pending; rendered maxima imported from audit/assets/rendered-media-measurements.json
84034171bb7d53895ff6,image-rendition,home,eviive,eviive-04,cargo/assets/eviive-4.jpg,https://freight.cargo.site/w/420/q/85/i/J3028246254011184458481990678329/eviive-4.jpg,https://freight.cargo.site/w/420/q/85/i/J3028246254011184458481990678329/eviive-4.jpg,unknown,J3028246254011184458481990678329,eviive-4.jpg,transformed,420,420,353,443,372,787.547,661.328,0.32x of measured requirement (width-limited; max observed DPR 3),jpg,image/jpeg,no,none,eager,true,home:img[srcset]; home:img[srcset]/transformed,docs/audits/2026-07-20T175853-0400-round-80/local/source-manifest.tsv: captured local source matched exact basename,medium,docs/audits/2026-07-20T175853-0400-round-80/public/public-bodycopy-dependencies.tsv; URL width contract; original dimensions from docs/audits/2026-07-20T175853-0400-round-80/freight/asset-manifest.csv,high for URL; medium for inferred decoded size,captured local source matched exact basename; decoded pixel format yuvj444p; natural size is inferred from the Cargo width request and probed original ratio; browser decode is pending; rendered maxima imported from audit/assets/rendered-media-measurements.json
5a93e7f785f1395c874d,image-rendition,home,eviive,eviive-04,cargo/assets/eviive-4.jpg,https://freight.cargo.site/w/886/q/85/i/J3028246254011184458481990678329/eviive-4.jpg,https://freight.cargo.site/w/886/q/85/i/J3028246254011184458481990678329/eviive-4.jpg,unknown,J3028246254011184458481990678329,eviive-4.jpg,transformed,886,886,744,443,372,787.547,661.328,0.68x of measured requirement (width-limited; max observed DPR 3),jpg,image/jpeg,no,none,eager,true,home:img[src]; home:img[src]/transformed; home:img[srcset]; home:img[srcset]/transformed,docs/audits/2026-07-20T175853-0400-round-80/local/source-manifest.tsv: captured local source matched exact basename,medium,docs/audits/2026-07-20T175853-0400-round-80/public/public-bodycopy-dependencies.tsv; URL width contract; original dimensions from docs/audits/2026-07-20T175853-0400-round-80/freight/asset-manifest.csv,high for URL; medium for inferred decoded size,captured local source matched exact basename; decoded pixel format yuvj444p; natural size is inferred from the Cargo width request and probed original ratio; browser decode is pending; rendered maxima imported from audit/assets/rendered-media-measurements.json
262704d212a9a7bab625,image-rendition,home,eviive,eviive-03,unknown,https://freight.cargo.site/w/1800/q/90/i/T3029359532540439699946090313529/eviive-sequence-3-retina.jpg,https://freight.cargo.site/w/1800/q/90/i/T3029359532540439699946090313529/eviive-sequence-3-retina.jpg,unknown,T3029359532540439699946090313529,eviive-sequence-3-retina.jpg,transformed,1800,1800,1014,896,504,1592.875,896,1.13x of measured requirement (width-limited; max observed DPR 3),jpg,image/jpeg,no,none,high,true,home:img[srcset]; home:img[srcset]/transformed,docs/audits/2026-07-20T175853-0400-round-80/local/source-manifest.tsv: no unambiguous source match exists in the frozen Phase 1 source manifest,unknown,docs/audits/2026-07-20T175853-0400-round-80/public/public-bodycopy-dependencies.tsv; URL width contract; original dimensions from docs/audits/2026-07-20T175853-0400-round-80/freight/asset-manifest.csv,high for URL; medium for inferred decoded size,no unambiguous source match exists in the frozen Phase 1 source manifest; decoded pixel format yuvj444p; natural size is inferred from the Cargo width request and probed original ratio; browser decode is pending; rendered maxima imported from audit/assets/rendered-media-measurements.json
9e777fcddffc888066e4,image-rendition,home,eviive,eviive-03,unknown,https://freight.cargo.site/w/2400/q/90/i/T3029359532540439699946090313529/eviive-sequence-3-retina.jpg,https://freight.cargo.site/w/2400/q/90/i/T3029359532540439699946090313529/eviive-sequence-3-retina.jpg,unknown,T3029359532540439699946090313529,eviive-sequence-3-retina.jpg,transformed,2400,2400,1352,896,504,1592.875,896,1.51x of measured requirement (width-limited; max observed DPR 3),jpg,image/jpeg,no,none,high,true,home:img[srcset]; home:img[srcset]/transformed,docs/audits/2026-07-20T175853-0400-round-80/local/source-manifest.tsv: no unambiguous source match exists in the frozen Phase 1 source manifest,unknown,docs/audits/2026-07-20T175853-0400-round-80/public/public-bodycopy-dependencies.tsv; URL width contract; original dimensions from docs/audits/2026-07-20T175853-0400-round-80/freight/asset-manifest.csv,high for URL; medium for inferred decoded size,no unambiguous source match exists in the frozen Phase 1 source manifest; decoded pixel format yuvj444p; natural size is inferred from the Cargo width request and probed original ratio; browser decode is pending; rendered maxima imported from audit/assets/rendered-media-measurements.json
380f18c94dfb11a90b25,image-rendition,home,eviive,eviive-03,unknown,https://freight.cargo.site/w/3200/q/90/i/T3029359532540439699946090313529/eviive-sequence-3-retina.jpg,https://freight.cargo.site/w/3200/q/90/i/T3029359532540439699946090313529/eviive-sequence-3-retina.jpg,unknown,T3029359532540439699946090313529,eviive-sequence-3-retina.jpg,transformed,3200,3200,1803,896,504,1592.875,896,2.01x of measured requirement (width-limited; max observed DPR 3),jpg,image/jpeg,no,none,high,true,home:img[srcset]; home:img[srcset]/transformed,docs/audits/2026-07-20T175853-0400-round-80/local/source-manifest.tsv: no unambiguous source match exists in the frozen Phase 1 source manifest,unknown,docs/audits/2026-07-20T175853-0400-round-80/public/public-bodycopy-dependencies.tsv; URL width contract; original dimensions from docs/audits/2026-07-20T175853-0400-round-80/freight/asset-manifest.csv,high for URL; medium for inferred decoded size,no unambiguous source match exists in the frozen Phase 1 source manifest; decoded pixel format yuvj444p; natural size is inferred from the Cargo width request and probed original ratio; browser decode is pending; rendered maxima imported from audit/assets/rendered-media-measurements.json
6b88f0d92b3ea9128a7e,image-rendition,home,eviive,eviive-03,unknown,https://freight.cargo.site/w/3600/q/90/i/T3029359532540439699946090313529/eviive-sequence-3-retina.jpg,https://freight.cargo.site/w/3600/q/90/i/T3029359532540439699946090313529/eviive-sequence-3-retina.jpg,unknown,T3029359532540439699946090313529,eviive-sequence-3-retina.jpg,transformed,3600,3600,2028,896,504,1592.875,896,2.26x of measured requirement (width-limited; max observed DPR 3),jpg,image/jpeg,no,none,high,true,home:img[src]; home:img[src]/transformed; home:img[srcset]; home:img[srcset]/transformed,docs/audits/2026-07-20T175853-0400-round-80/local/source-manifest.tsv: no unambiguous source match exists in the frozen Phase 1 source manifest,unknown,docs/audits/2026-07-20T175853-0400-round-80/public/public-bodycopy-dependencies.tsv; URL width contract; original dimensions from docs/audits/2026-07-20T175853-0400-round-80/freight/asset-manifest.csv,high for URL; medium for inferred decoded size,no unambiguous source match exists in the frozen Phase 1 source manifest; decoded pixel format yuvj444p; natural size is inferred from the Cargo width request and probed original ratio; browser decode is pending; rendered maxima imported from audit/assets/rendered-media-measurements.json
ba84471da160664ece47,image-rendition,home,eviive,eviive-03,unknown,https://freight.cargo.site/w/420/q/90/i/T3029359532540439699946090313529/eviive-sequence-3-retina.jpg,https://freight.cargo.site/w/420/q/90/i/T3029359532540439699946090313529/eviive-sequence-3-retina.jpg,unknown,T3029359532540439699946090313529,eviive-sequence-3-retina.jpg,transformed,420,420,237,896,504,1592.875,896,0.26x of measured requirement (width-limited; max observed DPR 3),jpg,image/jpeg,no,none,high,true,home:img[srcset]; home:img[srcset]/transformed,docs/audits/2026-07-20T175853-0400-round-80/local/source-manifest.tsv: no unambiguous source match exists in the frozen Phase 1 source manifest,unknown,docs/audits/2026-07-20T175853-0400-round-80/public/public-bodycopy-dependencies.tsv; URL width contract; original dimensions from docs/audits/2026-07-20T175853-0400-round-80/freight/asset-manifest.csv,high for URL; medium for inferred decoded size,no unambiguous source match exists in the frozen Phase 1 source manifest; decoded pixel format yuvj444p; natural size is inferred from the Cargo width request and probed original ratio; browser decode is pending; rendered maxima imported from audit/assets/rendered-media-measurements.json
0540bd37ed78083a58d7,image-rendition,home,eviive,eviive-03,unknown,https://freight.cargo.site/w/900/q/90/i/T3029359532540439699946090313529/eviive-sequence-3-retina.jpg,https://freight.cargo.site/w/900/q/90/i/T3029359532540439699946090313529/eviive-sequence-3-retina.jpg,unknown,T3029359532540439699946090313529,eviive-sequence-3-retina.jpg,transformed,900,900,507,896,504,1592.875,896,0.57x of measured requirement (width-limited; max observed DPR 3),jpg,image/jpeg,no,none,high,true,home:img[srcset]; home:img[srcset]/transformed,docs/audits/2026-07-20T175853-0400-round-80/local/source-manifest.tsv: no unambiguous source match exists in the frozen Phase 1 source manifest,unknown,docs/audits/2026-07-20T175853-0400-round-80/public/public-bodycopy-dependencies.tsv; URL width contract; original dimensions from docs/audits/2026-07-20T175853-0400-round-80/freight/asset-manifest.csv,high for URL; medium for inferred decoded size,no unambiguous source match exists in the frozen Phase 1 source manifest; decoded pixel format yuvj444p; natural size is inferred from the Cargo width request and probed original ratio; browser decode is pending; rendered maxima imported from audit/assets/rendered-media-measurements.json
682251fcdc27f028ba77,image-rendition,home,eviive,eviive-06,unknown,https://freight.cargo.site/w/1800/q/90/i/X3029359532558886444019799865145/eviive-sequence-6-retina.jpg,https://freight.cargo.site/w/1800/q/90/i/X3029359532558886444019799865145/eviive-sequence-6-retina.jpg,unknown,X3029359532558886444019799865145,eviive-sequence-6-retina.jpg,transformed,1800,1800,1014,670,377.593,1191.109,671.266,1.38x of measured requirement (height-limited; max observed DPR 3),jpg,image/jpeg,no,none,eager,true,home:img[srcset]; home:img[srcset]/transformed,docs/audits/2026-07-20T175853-0400-round-80/local/source-manifest.tsv: no unambiguous source match exists in the frozen Phase 1 source manifest,unknown,docs/audits/2026-07-20T175853-0400-round-80/public/public-bodycopy-dependencies.tsv; URL width contract; original dimensions from docs/audits/2026-07-20T175853-0400-round-80/freight/asset-manifest.csv,high for URL; medium for inferred decoded size,no unambiguous source match exists in the frozen Phase 1 source manifest; decoded pixel format yuvj444p; natural size is inferred from the Cargo width request and probed original ratio; browser decode is pending; rendered maxima imported from audit/assets/rendered-media-measurements.json
dfd072ce102590385301,image-rendition,home,eviive,eviive-06,unknown,https://freight.cargo.site/w/2400/q/90/i/X3029359532558886444019799865145/eviive-sequence-6-retina.jpg,https://freight.cargo.site/w/2400/q/90/i/X3029359532558886444019799865145/eviive-sequence-6-retina.jpg,unknown,X3029359532558886444019799865145,eviive-sequence-6-retina.jpg,transformed,2400,2400,1353,670,377.593,1191.109,671.266,1.84x of measured requirement (width-limited; max observed DPR 3),jpg,image/jpeg,no,none,eager,true,home:img[srcset]; home:img[srcset]/transformed,docs/audits/2026-07-20T175853-0400-round-80/local/source-manifest.tsv: no unambiguous source match exists in the frozen Phase 1 source manifest,unknown,docs/audits/2026-07-20T175853-0400-round-80/public/public-bodycopy-dependencies.tsv; URL width contract; original dimensions from docs/audits/2026-07-20T175853-0400-round-80/freight/asset-manifest.csv,high for URL; medium for inferred decoded size,no unambiguous source match exists in the frozen Phase 1 source manifest; decoded pixel format yuvj444p; natural size is inferred from the Cargo width request and probed original ratio; browser decode is pending; rendered maxima imported from audit/assets/rendered-media-measurements.json
f9dcbd7f8024ca73b23e,image-rendition,home,eviive,eviive-06,unknown,https://freight.cargo.site/w/2800/q/90/i/X3029359532558886444019799865145/eviive-sequence-6-retina.jpg,https://freight.cargo.site/w/2800/q/90/i/X3029359532558886444019799865145/eviive-sequence-6-retina.jpg,unknown,X3029359532558886444019799865145,eviive-sequence-6-retina.jpg,transformed,2800,2800,1578,670,377.593,1191.109,671.266,2.14x of measured requirement (width-limited; max observed DPR 3),jpg,image/jpeg,no,none,eager,true,home:img[src]; home:img[src]/transformed; home:img[srcset]; home:img[srcset]/transformed,docs/audits/2026-07-20T175853-0400-round-80/local/source-manifest.tsv: no unambiguous source match exists in the frozen Phase 1 source manifest,unknown,docs/audits/2026-07-20T175853-0400-round-80/public/public-bodycopy-dependencies.tsv; URL width contract; original dimensions from docs/audits/2026-07-20T175853-0400-round-80/freight/asset-manifest.csv,high for URL; medium for inferred decoded size,no unambiguous source match exists in the frozen Phase 1 source manifest; decoded pixel format yuvj444p; natural size is inferred from the Cargo width request and probed original ratio; browser decode is pending; rendered maxima imported from audit/assets/rendered-media-measurements.json
3a09bf82e3e106dccdae,image-rendition,home,eviive,eviive-06,unknown,https://freight.cargo.site/w/420/q/90/i/X3029359532558886444019799865145/eviive-sequence-6-retina.jpg,https://freight.cargo.site/w/420/q/90/i/X3029359532558886444019799865145/eviive-sequence-6-retina.jpg,unknown,X3029359532558886444019799865145,eviive-sequence-6-retina.jpg,transformed,420,420,237,670,377.593,1191.109,671.266,0.32x of measured requirement (width-limited; max observed DPR 3),jpg,image/jpeg,no,none,eager,true,home:img[srcset]; home:img[srcset]/transformed,docs/audits/2026-07-20T175853-0400-round-80/local/source-manifest.tsv: no unambiguous source match exists in the frozen Phase 1 source manifest,unknown,docs/audits/2026-07-20T175853-0400-round-80/public/public-bodycopy-dependencies.tsv; URL width contract; original dimensions from docs/audits/2026-07-20T175853-0400-round-80/freight/asset-manifest.csv,high for URL; medium for inferred decoded size,no unambiguous source match exists in the frozen Phase 1 source manifest; decoded pixel format yuvj444p; natural size is inferred from the Cargo width request and probed original ratio; browser decode is pending; rendered maxima imported from audit/assets/rendered-media-measurements.json
43068f71318f9c4506c8,image-rendition,home,eviive,eviive-06,unknown,https://freight.cargo.site/w/900/q/90/i/X3029359532558886444019799865145/eviive-sequence-6-retina.jpg,https://freight.cargo.site/w/900/q/90/i/X3029359532558886444019799865145/eviive-sequence-6-retina.jpg,unknown,X3029359532558886444019799865145,eviive-sequence-6-retina.jpg,transformed,900,900,507,670,377.593,1191.109,671.266,0.69x of measured requirement (height-limited; max observed DPR 3),jpg,image/jpeg,no,none,eager,true,home:img[srcset]; home:img[srcset]/transformed,docs/audits/2026-07-20T175853-0400-round-80/local/source-manifest.tsv: no unambiguous source match exists in the frozen Phase 1 source manifest,unknown,docs/audits/2026-07-20T175853-0400-round-80/public/public-bodycopy-dependencies.tsv; URL width contract; original dimensions from docs/audits/2026-07-20T175853-0400-round-80/freight/asset-manifest.csv,high for URL; medium for inferred decoded size,no unambiguous source match exists in the frozen Phase 1 source manifest; decoded pixel format yuvj444p; natural size is inferred from the Cargo width request and probed original ratio; browser decode is pending; rendered maxima imported from audit/assets/rendered-media-measurements.json
6db1b8c6cca1c10a4685,image-rendition,home,kelly,kelly-04,unknown,https://freight.cargo.site/w/1046/q/85/i/L3027050230656031721010905003833/kelly-sgc30-1.jpg,https://freight.cargo.site/w/1046/q/85/i/L3027050230656031721010905003833/kelly-sgc30-1.jpg,unknown,L3027050230656031721010905003833,kelly-sgc30-1.jpg,transformed,1046,1046,760,523.4,380.2,930.484,675.906,0.80x of measured requirement (width-limited; max observed DPR 3),jpg,image/jpeg,no,none,eager,true,home:img[src]; home:img[src]/transformed; home:img[srcset]; home:img[srcset]/transformed,docs/audits/2026-07-20T175853-0400-round-80/local/source-manifest.tsv: no unambiguous source match exists in the frozen Phase 1 source manifest,unknown,docs/audits/2026-07-20T175853-0400-round-80/public/public-bodycopy-dependencies.tsv; URL width contract; original dimensions from docs/audits/2026-07-20T175853-0400-round-80/freight/asset-manifest.csv,high for URL; medium for inferred decoded size,no unambiguous source match exists in the frozen Phase 1 source manifest; decoded pixel format yuvj444p; natural size is inferred from the Cargo width request and probed original ratio; browser decode is pending; rendered maxima imported from audit/assets/rendered-media-measurements.json
06a9faca4269d7882961,image-rendition,home,kelly,kelly-04,unknown,https://freight.cargo.site/w/420/q/85/i/L3027050230656031721010905003833/kelly-sgc30-1.jpg,https://freight.cargo.site/w/420/q/85/i/L3027050230656031721010905003833/kelly-sgc30-1.jpg,unknown,L3027050230656031721010905003833,kelly-sgc30-1.jpg,transformed,420,420,305,523.4,380.2,930.484,675.906,0.32x of measured requirement (height-limited; max observed DPR 3),jpg,image/jpeg,no,none,eager,true,home:img[srcset]; home:img[srcset]/transformed,docs/audits/2026-07-20T175853-0400-round-80/local/source-manifest.tsv: no unambiguous source match exists in the frozen Phase 1 source manifest,unknown,docs/audits/2026-07-20T175853-0400-round-80/public/public-bodycopy-dependencies.tsv; URL width contract; original dimensions from docs/audits/2026-07-20T175853-0400-round-80/freight/asset-manifest.csv,high for URL; medium for inferred decoded size,no unambiguous source match exists in the frozen Phase 1 source manifest; decoded pixel format yuvj444p; natural size is inferred from the Cargo width request and probed original ratio; browser decode is pending; rendered maxima imported from audit/assets/rendered-media-measurements.json
afb920b37073381a4678,image-rendition,home,kelly,kelly-04,unknown,https://freight.cargo.site/w/900/q/85/i/L3027050230656031721010905003833/kelly-sgc30-1.jpg,https://freight.cargo.site/w/900/q/85/i/L3027050230656031721010905003833/kelly-sgc30-1.jpg,unknown,L3027050230656031721010905003833,kelly-sgc30-1.jpg,transformed,900,900,654,523.4,380.2,930.484,675.906,0.69x of measured requirement (width-limited; max observed DPR 3),jpg,image/jpeg,no,none,eager,true,home:img[srcset]; home:img[srcset]/transformed,docs/audits/2026-07-20T175853-0400-round-80/local/source-manifest.tsv: no unambiguous source match exists in the frozen Phase 1 source manifest,unknown,docs/audits/2026-07-20T175853-0400-round-80/public/public-bodycopy-dependencies.tsv; URL width contract; original dimensions from docs/audits/2026-07-20T175853-0400-round-80/freight/asset-manifest.csv,high for URL; medium for inferred decoded size,no unambiguous source match exists in the frozen Phase 1 source manifest; decoded pixel format yuvj444p; natural size is inferred from the Cargo width request and probed original ratio; browser decode is pending; rendered maxima imported from audit/assets/rendered-media-measurements.json
da02d8871f887bf53213,image-rendition,home,kelly,kelly-02,unknown,https://freight.cargo.site/w/1046/q/85/i/R3027049892102937736219504195385/kelly-sgc30-3.jpg,https://freight.cargo.site/w/1046/q/85/i/R3027049892102937736219504195385/kelly-sgc30-3.jpg,unknown,R3027049892102937736219504195385,kelly-sgc30-3.jpg,transformed,1046,1046,760,523.4,380.2,930.484,675.906,0.80x of measured requirement (width-limited; max observed DPR 3),jpg,image/jpeg,no,none,eager,true,home:img[src]; home:img[src]/transformed; home:img[srcset]; home:img[srcset]/transformed,docs/audits/2026-07-20T175853-0400-round-80/local/source-manifest.tsv: no unambiguous source match exists in the frozen Phase 1 source manifest,unknown,docs/audits/2026-07-20T175853-0400-round-80/public/public-bodycopy-dependencies.tsv; URL width contract; original dimensions from docs/audits/2026-07-20T175853-0400-round-80/freight/asset-manifest.csv,high for URL; medium for inferred decoded size,no unambiguous source match exists in the frozen Phase 1 source manifest; decoded pixel format yuvj444p; natural size is inferred from the Cargo width request and probed original ratio; browser decode is pending; rendered maxima imported from audit/assets/rendered-media-measurements.json
8fe413d827f7899264d0,image-rendition,home,kelly,kelly-02,unknown,https://freight.cargo.site/w/420/q/85/i/R3027049892102937736219504195385/kelly-sgc30-3.jpg,https://freight.cargo.site/w/420/q/85/i/R3027049892102937736219504195385/kelly-sgc30-3.jpg,unknown,R3027049892102937736219504195385,kelly-sgc30-3.jpg,transformed,420,420,305,523.4,380.2,930.484,675.906,0.32x of measured requirement (height-limited; max observed DPR 3),jpg,image/jpeg,no,none,eager,true,home:img[srcset]; home:img[srcset]/transformed,docs/audits/2026-07-20T175853-0400-round-80/local/source-manifest.tsv: no unambiguous source match exists in the frozen Phase 1 source manifest,unknown,docs/audits/2026-07-20T175853-0400-round-80/public/public-bodycopy-dependencies.tsv; URL width contract; original dimensions from docs/audits/2026-07-20T175853-0400-round-80/freight/asset-manifest.csv,high for URL; medium for inferred decoded size,no unambiguous source match exists in the frozen Phase 1 source manifest; decoded pixel format yuvj444p; natural size is inferred from the Cargo width request and probed original ratio; browser decode is pending; rendered maxima imported from audit/assets/rendered-media-measurements.json
198dc13eaf4968f1ad96,image-rendition,home,kelly,kelly-02,unknown,https://freight.cargo.site/w/900/q/85/i/R3027049892102937736219504195385/kelly-sgc30-3.jpg,https://freight.cargo.site/w/900/q/85/i/R3027049892102937736219504195385/kelly-sgc30-3.jpg,unknown,R3027049892102937736219504195385,kelly-sgc30-3.jpg,transformed,900,900,654,523.4,380.2,930.484,675.906,0.69x of measured requirement (width-limited; max observed DPR 3),jpg,image/jpeg,no,none,eager,true,home:img[srcset]; home:img[srcset]/transformed,docs/audits/2026-07-20T175853-0400-round-80/local/source-manifest.tsv: no unambiguous source match exists in the frozen Phase 1 source manifest,unknown,docs/audits/2026-07-20T175853-0400-round-80/public/public-bodycopy-dependencies.tsv; URL width contract; original dimensions from docs/audits/2026-07-20T175853-0400-round-80/freight/asset-manifest.csv,high for URL; medium for inferred decoded size,no unambiguous source match exists in the frozen Phase 1 source manifest; decoded pixel format yuvj444p; natural size is inferred from the Cargo width request and probed original ratio; browser decode is pending; rendered maxima imported from audit/assets/rendered-media-measurements.json
da4603558ea9be035ed7,image-rendition,home,kelly,kelly-03,unknown,https://freight.cargo.site/w/1046/q/85/i/L3027050213316092291723926484793/kelly-sgc30-5.jpg,https://freight.cargo.site/w/1046/q/85/i/L3027050213316092291723926484793/kelly-sgc30-5.jpg,unknown,L3027050213316092291723926484793,kelly-sgc30-5.jpg,transformed,1046,1046,760,523.4,380.2,930.484,675.906,0.80x of measured requirement (width-limited; max observed DPR 3),jpg,image/jpeg,no,none,eager,true,home:img[src]; home:img[src]/transformed; home:img[srcset]; home:img[srcset]/transformed,docs/audits/2026-07-20T175853-0400-round-80/local/source-manifest.tsv: no unambiguous source match exists in the frozen Phase 1 source manifest,unknown,docs/audits/2026-07-20T175853-0400-round-80/public/public-bodycopy-dependencies.tsv; URL width contract; original dimensions from docs/audits/2026-07-20T175853-0400-round-80/freight/asset-manifest.csv,high for URL; medium for inferred decoded size,no unambiguous source match exists in the frozen Phase 1 source manifest; decoded pixel format yuvj444p; natural size is inferred from the Cargo width request and probed original ratio; browser decode is pending; rendered maxima imported from audit/assets/rendered-media-measurements.json
5b931d766db5d10ec964,image-rendition,home,kelly,kelly-03,unknown,https://freight.cargo.site/w/420/q/85/i/L3027050213316092291723926484793/kelly-sgc30-5.jpg,https://freight.cargo.site/w/420/q/85/i/L3027050213316092291723926484793/kelly-sgc30-5.jpg,unknown,L3027050213316092291723926484793,kelly-sgc30-5.jpg,transformed,420,420,305,523.4,380.2,930.484,675.906,0.32x of measured requirement (height-limited; max observed DPR 3),jpg,image/jpeg,no,none,eager,true,home:img[srcset]; home:img[srcset]/transformed,docs/audits/2026-07-20T175853-0400-round-80/local/source-manifest.tsv: no unambiguous source match exists in the frozen Phase 1 source manifest,unknown,docs/audits/2026-07-20T175853-0400-round-80/public/public-bodycopy-dependencies.tsv; URL width contract; original dimensions from docs/audits/2026-07-20T175853-0400-round-80/freight/asset-manifest.csv,high for URL; medium for inferred decoded size,no unambiguous source match exists in the frozen Phase 1 source manifest; decoded pixel format yuvj444p; natural size is inferred from the Cargo width request and probed original ratio; browser decode is pending; rendered maxima imported from audit/assets/rendered-media-measurements.json
6a0a7a06e4a7bf631e69,image-rendition,home,kelly,kelly-03,unknown,https://freight.cargo.site/w/900/q/85/i/L3027050213316092291723926484793/kelly-sgc30-5.jpg,https://freight.cargo.site/w/900/q/85/i/L3027050213316092291723926484793/kelly-sgc30-5.jpg,unknown,L3027050213316092291723926484793,kelly-sgc30-5.jpg,transformed,900,900,654,523.4,380.2,930.484,675.906,0.69x of measured requirement (width-limited; max observed DPR 3),jpg,image/jpeg,no,none,eager,true,home:img[srcset]; home:img[srcset]/transformed,docs/audits/2026-07-20T175853-0400-round-80/local/source-manifest.tsv: no unambiguous source match exists in the frozen Phase 1 source manifest,unknown,docs/audits/2026-07-20T175853-0400-round-80/public/public-bodycopy-dependencies.tsv; URL width contract; original dimensions from docs/audits/2026-07-20T175853-0400-round-80/freight/asset-manifest.csv,high for URL; medium for inferred decoded size,no unambiguous source match exists in the frozen Phase 1 source manifest; decoded pixel format yuvj444p; natural size is inferred from the Cargo width request and probed original ratio; browser decode is pending; rendered maxima imported from audit/assets/rendered-media-measurements.json
187ffc30ff7e33d4c37a,image-rendition,home,kelly,kelly-01,unknown,https://freight.cargo.site/w/1046/q/85/i/N3027049860337644441291656312633/kelly-sgc30-6.jpg,https://freight.cargo.site/w/1046/q/85/i/N3027049860337644441291656312633/kelly-sgc30-6.jpg,unknown,N3027049860337644441291656312633,kelly-sgc30-6.jpg,transformed,1046,1046,760,523.4,380.2,930.484,675.906,0.80x of measured requirement (width-limited; max observed DPR 3),jpg,image/jpeg,no,none,eager,true,home:img[src]; home:img[src]/transformed; home:img[srcset]; home:img[srcset]/transformed,docs/audits/2026-07-20T175853-0400-round-80/local/source-manifest.tsv: no unambiguous source match exists in the frozen Phase 1 source manifest,unknown,docs/audits/2026-07-20T175853-0400-round-80/public/public-bodycopy-dependencies.tsv; URL width contract; original dimensions from docs/audits/2026-07-20T175853-0400-round-80/freight/asset-manifest.csv,high for URL; medium for inferred decoded size,no unambiguous source match exists in the frozen Phase 1 source manifest; decoded pixel format yuvj444p; natural size is inferred from the Cargo width request and probed original ratio; browser decode is pending; rendered maxima imported from audit/assets/rendered-media-measurements.json
391b04fc8b98ed632b4f,image-rendition,home,kelly,kelly-01,unknown,https://freight.cargo.site/w/420/q/85/i/N3027049860337644441291656312633/kelly-sgc30-6.jpg,https://freight.cargo.site/w/420/q/85/i/N3027049860337644441291656312633/kelly-sgc30-6.jpg,unknown,N3027049860337644441291656312633,kelly-sgc30-6.jpg,transformed,420,420,305,523.4,380.2,930.484,675.906,0.32x of measured requirement (height-limited; max observed DPR 3),jpg,image/jpeg,no,none,eager,true,home:img[srcset]; home:img[srcset]/transformed,docs/audits/2026-07-20T175853-0400-round-80/local/source-manifest.tsv: no unambiguous source match exists in the frozen Phase 1 source manifest,unknown,docs/audits/2026-07-20T175853-0400-round-80/public/public-bodycopy-dependencies.tsv; URL width contract; original dimensions from docs/audits/2026-07-20T175853-0400-round-80/freight/asset-manifest.csv,high for URL; medium for inferred decoded size,no unambiguous source match exists in the frozen Phase 1 source manifest; decoded pixel format yuvj444p; natural size is inferred from the Cargo width request and probed original ratio; browser decode is pending; rendered maxima imported from audit/assets/rendered-media-measurements.json
1a12891c545cc11a3171,image-rendition,home,kelly,kelly-01,unknown,https://freight.cargo.site/w/900/q/85/i/N3027049860337644441291656312633/kelly-sgc30-6.jpg,https://freight.cargo.site/w/900/q/85/i/N3027049860337644441291656312633/kelly-sgc30-6.jpg,unknown,N3027049860337644441291656312633,kelly-sgc30-6.jpg,transformed,900,900,654,523.4,380.2,930.484,675.906,0.69x of measured requirement (width-limited; max observed DPR 3),jpg,image/jpeg,no,none,eager,true,home:img[srcset]; home:img[srcset]/transformed,docs/audits/2026-07-20T175853-0400-round-80/local/source-manifest.tsv: no unambiguous source match exists in the frozen Phase 1 source manifest,unknown,docs/audits/2026-07-20T175853-0400-round-80/public/public-bodycopy-dependencies.tsv; URL width contract; original dimensions from docs/audits/2026-07-20T175853-0400-round-80/freight/asset-manifest.csv,high for URL; medium for inferred decoded size,no unambiguous source match exists in the frozen Phase 1 source manifest; decoded pixel format yuvj444p; natural size is inferred from the Cargo width request and probed original ratio; browser decode is pending; rendered maxima imported from audit/assets/rendered-media-measurements.json
6bc5d0d02119d809214c,image-rendition,home,loop,loop-01,unknown,https://freight.cargo.site/w/1530/q/85/i/H3025362994634537346592378763065/loop-cover.jpg,https://freight.cargo.site/w/1530/q/85/i/H3025362994634537346592378763065/loop-cover.jpg,unknown,H3025362994634537346592378763065,loop-cover.jpg,transformed,1530,1530,1006,766,504,1361.766,896,0.90x of measured requirement (height-limited; max observed DPR 3),jpg,image/jpeg,no,none,eager,true,home:img[src]; home:img[src]/transformed; home:img[srcset]; home:img[srcset]/transformed,docs/audits/2026-07-20T175853-0400-round-80/local/source-manifest.tsv: no unambiguous source match exists in the frozen Phase 1 source manifest,unknown,docs/audits/2026-07-20T175853-0400-round-80/public/public-bodycopy-dependencies.tsv; URL width contract; original dimensions from docs/audits/2026-07-20T175853-0400-round-80/freight/asset-manifest.csv,high for URL; medium for inferred decoded size,no unambiguous source match exists in the frozen Phase 1 source manifest; decoded pixel format yuvj420p; natural size is inferred from the Cargo width request and probed original ratio; browser decode is pending; rendered maxima imported from audit/assets/rendered-media-measurements.json
580e5fa49f2cd5f01c9d,image-rendition,home,loop,loop-01,unknown,https://freight.cargo.site/w/420/q/85/i/H3025362994634537346592378763065/loop-cover.jpg,https://freight.cargo.site/w/420/q/85/i/H3025362994634537346592378763065/loop-cover.jpg,unknown,H3025362994634537346592378763065,loop-cover.jpg,transformed,420,420,276,766,504,1361.766,896,0.25x of measured requirement (height-limited; max observed DPR 3),jpg,image/jpeg,no,none,eager,true,home:img[srcset]; home:img[srcset]/transformed,docs/audits/2026-07-20T175853-0400-round-80/local/source-manifest.tsv: no unambiguous source match exists in the frozen Phase 1 source manifest,unknown,docs/audits/2026-07-20T175853-0400-round-80/public/public-bodycopy-dependencies.tsv; URL width contract; original dimensions from docs/audits/2026-07-20T175853-0400-round-80/freight/asset-manifest.csv,high for URL; medium for inferred decoded size,no unambiguous source match exists in the frozen Phase 1 source manifest; decoded pixel format yuvj420p; natural size is inferred from the Cargo width request and probed original ratio; browser decode is pending; rendered maxima imported from audit/assets/rendered-media-measurements.json
53d95101b949c6c90633,image-rendition,home,loop,loop-01,unknown,https://freight.cargo.site/w/900/q/85/i/H3025362994634537346592378763065/loop-cover.jpg,https://freight.cargo.site/w/900/q/85/i/H3025362994634537346592378763065/loop-cover.jpg,unknown,H3025362994634537346592378763065,loop-cover.jpg,transformed,900,900,592,766,504,1361.766,896,0.53x of measured requirement (height-limited; max observed DPR 3),jpg,image/jpeg,no,none,eager,true,home:img[srcset]; home:img[srcset]/transformed,docs/audits/2026-07-20T175853-0400-round-80/local/source-manifest.tsv: no unambiguous source match exists in the frozen Phase 1 source manifest,unknown,docs/audits/2026-07-20T175853-0400-round-80/public/public-bodycopy-dependencies.tsv; URL width contract; original dimensions from docs/audits/2026-07-20T175853-0400-round-80/freight/asset-manifest.csv,high for URL; medium for inferred decoded size,no unambiguous source match exists in the frozen Phase 1 source manifest; decoded pixel format yuvj420p; natural size is inferred from the Cargo width request and probed original ratio; browser decode is pending; rendered maxima imported from audit/assets/rendered-media-measurements.json
b485e26e4fd0a44d6ef0,image-rendition,home,loop,loop-04,unknown,https://freight.cargo.site/w/1157/q/85/i/U3026333005972541800612566185785/loop-image-2-v2.jpg,https://freight.cargo.site/w/1157/q/85/i/U3026333005972541800612566185785/loop-image-2-v2.jpg,unknown,U3026333005972541800612566185785,loop-image-2-v2.jpg,transformed,1157,1157,1006,579,504,1029.328,896,0.89x of measured requirement (height-limited; max observed DPR 3),jpg,image/jpeg,no,none,eager,true,home:img[src]; home:img[src]/transformed; home:img[srcset]; home:img[srcset]/transformed,docs/audits/2026-07-20T175853-0400-round-80/local/source-manifest.tsv: no unambiguous source match exists in the frozen Phase 1 source manifest,unknown,docs/audits/2026-07-20T175853-0400-round-80/public/public-bodycopy-dependencies.tsv; URL width contract; original dimensions from docs/audits/2026-07-20T175853-0400-round-80/freight/asset-manifest.csv,high for URL; medium for inferred decoded size,no unambiguous source match exists in the frozen Phase 1 source manifest; decoded pixel format yuvj420p; natural size is inferred from the Cargo width request and probed original ratio; browser decode is pending; rendered maxima imported from audit/assets/rendered-media-measurements.json
f0889cbd9b865768d97a,image-rendition,home,loop,loop-04,unknown,https://freight.cargo.site/w/420/q/85/i/U3026333005972541800612566185785/loop-image-2-v2.jpg,https://freight.cargo.site/w/420/q/85/i/U3026333005972541800612566185785/loop-image-2-v2.jpg,unknown,U3026333005972541800612566185785,loop-image-2-v2.jpg,transformed,420,420,365,579,504,1029.328,896,0.32x of measured requirement (height-limited; max observed DPR 3),jpg,image/jpeg,no,none,eager,true,home:img[srcset]; home:img[srcset]/transformed,docs/audits/2026-07-20T175853-0400-round-80/local/source-manifest.tsv: no unambiguous source match exists in the frozen Phase 1 source manifest,unknown,docs/audits/2026-07-20T175853-0400-round-80/public/public-bodycopy-dependencies.tsv; URL width contract; original dimensions from docs/audits/2026-07-20T175853-0400-round-80/freight/asset-manifest.csv,high for URL; medium for inferred decoded size,no unambiguous source match exists in the frozen Phase 1 source manifest; decoded pixel format yuvj420p; natural size is inferred from the Cargo width request and probed original ratio; browser decode is pending; rendered maxima imported from audit/assets/rendered-media-measurements.json
814610d93d034686f929,image-rendition,home,loop,loop-04,unknown,https://freight.cargo.site/w/900/q/85/i/U3026333005972541800612566185785/loop-image-2-v2.jpg,https://freight.cargo.site/w/900/q/85/i/U3026333005972541800612566185785/loop-image-2-v2.jpg,unknown,U3026333005972541800612566185785,loop-image-2-v2.jpg,transformed,900,900,783,579,504,1029.328,896,0.69x of measured requirement (height-limited; max observed DPR 3),jpg,image/jpeg,no,none,eager,true,home:img[srcset]; home:img[srcset]/transformed,docs/audits/2026-07-20T175853-0400-round-80/local/source-manifest.tsv: no unambiguous source match exists in the frozen Phase 1 source manifest,unknown,docs/audits/2026-07-20T175853-0400-round-80/public/public-bodycopy-dependencies.tsv; URL width contract; original dimensions from docs/audits/2026-07-20T175853-0400-round-80/freight/asset-manifest.csv,high for URL; medium for inferred decoded size,no unambiguous source match exists in the frozen Phase 1 source manifest; decoded pixel format yuvj420p; natural size is inferred from the Cargo width request and probed original ratio; browser decode is pending; rendered maxima imported from audit/assets/rendered-media-measurements.json
2369b326ed9359895259,image-rendition,home,loop,loop-05,unknown,https://freight.cargo.site/w/1374/q/90/i/K3029442176001478510919090222905/loop-sequence-last-retina.jpg,https://freight.cargo.site/w/1374/q/90/i/K3029442176001478510919090222905/loop-sequence-last-retina.jpg,unknown,K3029442176001478510919090222905,loop-sequence-last-retina.jpg,transformed,1374,1374,1196,290,252,652.797,567.25,1.05x of measured requirement (width-limited; max observed DPR 3),jpg,image/jpeg,no,none,eager,true,home:img[src]; home:img[src]/transformed; home:img[srcset]; home:img[srcset]/transformed,docs/audits/2026-07-20T175853-0400-round-80/local/source-manifest.tsv: no unambiguous source match exists in the frozen Phase 1 source manifest,unknown,docs/audits/2026-07-20T175853-0400-round-80/public/public-bodycopy-dependencies.tsv; URL width contract; original dimensions from docs/audits/2026-07-20T175853-0400-round-80/freight/asset-manifest.csv,high for URL; medium for inferred decoded size,no unambiguous source match exists in the frozen Phase 1 source manifest; decoded pixel format yuvj420p; natural size is inferred from the Cargo width request and probed original ratio; browser decode is pending; rendered maxima imported from audit/assets/rendered-media-measurements.json
888c4e21002bf6b05de8,image-rendition,home,loop,loop-05,unknown,https://freight.cargo.site/w/420/q/90/i/K3029442176001478510919090222905/loop-sequence-last-retina.jpg,https://freight.cargo.site/w/420/q/90/i/K3029442176001478510919090222905/loop-sequence-last-retina.jpg,unknown,K3029442176001478510919090222905,loop-sequence-last-retina.jpg,transformed,420,420,366,290,252,652.797,567.25,0.32x of measured requirement (width-limited; max observed DPR 3),jpg,image/jpeg,no,none,eager,true,home:img[srcset]; home:img[srcset]/transformed,docs/audits/2026-07-20T175853-0400-round-80/local/source-manifest.tsv: no unambiguous source match exists in the frozen Phase 1 source manifest,unknown,docs/audits/2026-07-20T175853-0400-round-80/public/public-bodycopy-dependencies.tsv; URL width contract; original dimensions from docs/audits/2026-07-20T175853-0400-round-80/freight/asset-manifest.csv,high for URL; medium for inferred decoded size,no unambiguous source match exists in the frozen Phase 1 source manifest; decoded pixel format yuvj420p; natural size is inferred from the Cargo width request and probed original ratio; browser decode is pending; rendered maxima imported from audit/assets/rendered-media-measurements.json
eeda768df53c677dd33a,image-rendition,home,loop,loop-05,unknown,https://freight.cargo.site/w/900/q/90/i/K3029442176001478510919090222905/loop-sequence-last-retina.jpg,https://freight.cargo.site/w/900/q/90/i/K3029442176001478510919090222905/loop-sequence-last-retina.jpg,unknown,K3029442176001478510919090222905,loop-sequence-last-retina.jpg,transformed,900,900,783,290,252,652.797,567.25,0.69x of measured requirement (width-limited; max observed DPR 3),jpg,image/jpeg,no,none,eager,true,home:img[srcset]; home:img[srcset]/transformed,docs/audits/2026-07-20T175853-0400-round-80/local/source-manifest.tsv: no unambiguous source match exists in the frozen Phase 1 source manifest,unknown,docs/audits/2026-07-20T175853-0400-round-80/public/public-bodycopy-dependencies.tsv; URL width contract; original dimensions from docs/audits/2026-07-20T175853-0400-round-80/freight/asset-manifest.csv,high for URL; medium for inferred decoded size,no unambiguous source match exists in the frozen Phase 1 source manifest; decoded pixel format yuvj420p; natural size is inferred from the Cargo width request and probed original ratio; browser decode is pending; rendered maxima imported from audit/assets/rendered-media-measurements.json
1d028390655374456e80,image-rendition,home,mandy,mandy-06,unknown,https://freight.cargo.site/w/420/q/85/i/G3025118686970596061344801797945/mandy-ig.jpg,https://freight.cargo.site/w/420/q/85/i/G3025118686970596061344801797945/mandy-ig.jpg,unknown,G3025118686970596061344801797945,mandy-ig.jpg,transformed,420,420,420,344,344,611.547,611.547,0.35x of measured requirement (width-limited; max observed DPR 3),jpg,image/jpeg,no,none,eager,true,home:img[srcset]; home:img[srcset]/transformed,docs/audits/2026-07-20T175853-0400-round-80/local/source-manifest.tsv: no unambiguous source match exists in the frozen Phase 1 source manifest,unknown,docs/audits/2026-07-20T175853-0400-round-80/public/public-bodycopy-dependencies.tsv; URL width contract; original dimensions from docs/audits/2026-07-20T175853-0400-round-80/freight/asset-manifest.csv,high for URL; medium for inferred decoded size,no unambiguous source match exists in the frozen Phase 1 source manifest; decoded pixel format yuvj444p; natural size is inferred from the Cargo width request and probed original ratio; browser decode is pending; rendered maxima imported from audit/assets/rendered-media-measurements.json
7a36ee50039fcace10cc,image-rendition,home,mandy,mandy-06,unknown,https://freight.cargo.site/w/700/q/85/i/G3025118686970596061344801797945/mandy-ig.jpg,https://freight.cargo.site/w/700/q/85/i/G3025118686970596061344801797945/mandy-ig.jpg,unknown,G3025118686970596061344801797945,mandy-ig.jpg,transformed,700,689,689,344,344,611.547,611.547,0.58x of measured requirement (width-limited; max observed DPR 3),jpg,image/jpeg,no,none,eager,true,home:img[src]; home:img[src]/transformed; home:img[srcset]; home:img[srcset]/transformed,docs/audits/2026-07-20T175853-0400-round-80/local/source-manifest.tsv: no unambiguous source match exists in the frozen Phase 1 source manifest,unknown,docs/audits/2026-07-20T175853-0400-round-80/public/public-bodycopy-dependencies.tsv; URL width contract; original dimensions from docs/audits/2026-07-20T175853-0400-round-80/freight/asset-manifest.csv,high for URL; medium for inferred decoded size,no unambiguous source match exists in the frozen Phase 1 source manifest; decoded pixel format yuvj444p; natural size is inferred from the Cargo width request and probed original ratio; browser decode is pending; rendered maxima imported from audit/assets/rendered-media-measurements.json
a19be1bed02d7098d889,image-rendition,home,mandy,mandy-07,unknown,https://freight.cargo.site/w/420/q/85/i/I3025317449180697499940409620281/mandy-mewmew-v4.png,https://freight.cargo.site/w/420/q/85/i/I3025317449180697499940409620281/mandy-mewmew-v4.png,unknown,I3025317449180697499940409620281,mandy-mewmew-v4.png,transformed,420,420,250,335,200,869.547,519.125,0.32x of measured requirement (height-limited; max observed DPR 3),png,image/png,yes,none,eager,true,home:img[srcset]; home:img[srcset]/transformed,docs/audits/2026-07-20T175853-0400-round-80/local/source-manifest.tsv: no unambiguous source match exists in the frozen Phase 1 source manifest,unknown,docs/audits/2026-07-20T175853-0400-round-80/public/public-bodycopy-dependencies.tsv; URL width contract; original dimensions from docs/audits/2026-07-20T175853-0400-round-80/freight/asset-manifest.csv,high for URL; medium for inferred decoded size,no unambiguous source match exists in the frozen Phase 1 source manifest; decoded pixel format rgba; natural size is inferred from the Cargo width request and probed original ratio; browser decode is pending; rendered maxima imported from audit/assets/rendered-media-measurements.json
bbb83ff100c5c48ca714,image-rendition,home,mandy,mandy-07,unknown,https://freight.cargo.site/w/703/q/85/i/I3025317449180697499940409620281/mandy-mewmew-v4.png,https://freight.cargo.site/w/703/q/85/i/I3025317449180697499940409620281/mandy-mewmew-v4.png,unknown,I3025317449180697499940409620281,mandy-mewmew-v4.png,transformed,703,703,419,335,200,869.547,519.125,0.54x of measured requirement (height-limited; max observed DPR 3),png,image/png,yes,none,eager,true,home:img[src]; home:img[src]/transformed; home:img[srcset]; home:img[srcset]/transformed,docs/audits/2026-07-20T175853-0400-round-80/local/source-manifest.tsv: no unambiguous source match exists in the frozen Phase 1 source manifest,unknown,docs/audits/2026-07-20T175853-0400-round-80/public/public-bodycopy-dependencies.tsv; URL width contract; original dimensions from docs/audits/2026-07-20T175853-0400-round-80/freight/asset-manifest.csv,high for URL; medium for inferred decoded size,no unambiguous source match exists in the frozen Phase 1 source manifest; decoded pixel format rgba; natural size is inferred from the Cargo width request and probed original ratio; browser decode is pending; rendered maxima imported from audit/assets/rendered-media-measurements.json
6a7537bfca906f799a8b,image-rendition,home,mandy,mandy-05,unknown,https://freight.cargo.site/w/1240/q/85/i/E3025118669852017560942337898297/mandy-photo-2.jpg,https://freight.cargo.site/w/1240/q/85/i/E3025118669852017560942337898297/mandy-photo-2.jpg,unknown,E3025118669852017560942337898297,mandy-photo-2.jpg,transformed,1240,1225,689,612,344,1088,611.547,0.94x of measured requirement (width-limited; max observed DPR 3),jpg,image/jpeg,no,none,eager,true,home:img[src]; home:img[src]/transformed; home:img[srcset]; home:img[srcset]/transformed,docs/audits/2026-07-20T175853-0400-round-80/local/source-manifest.tsv: no unambiguous source match exists in the frozen Phase 1 source manifest,unknown,docs/audits/2026-07-20T175853-0400-round-80/public/public-bodycopy-dependencies.tsv; URL width contract; original dimensions from docs/audits/2026-07-20T175853-0400-round-80/freight/asset-manifest.csv,high for URL; medium for inferred decoded size,no unambiguous source match exists in the frozen Phase 1 source manifest; decoded pixel format yuvj444p; natural size is inferred from the Cargo width request and probed original ratio; browser decode is pending; rendered maxima imported from audit/assets/rendered-media-measurements.json
5c8f5fec27cb49afcd4e,image-rendition,home,mandy,mandy-05,unknown,https://freight.cargo.site/w/420/q/85/i/E3025118669852017560942337898297/mandy-photo-2.jpg,https://freight.cargo.site/w/420/q/85/i/E3025118669852017560942337898297/mandy-photo-2.jpg,unknown,E3025118669852017560942337898297,mandy-photo-2.jpg,transformed,420,420,236,612,344,1088,611.547,0.32x of measured requirement (height-limited; max observed DPR 3),jpg,image/jpeg,no,none,eager,true,home:img[srcset]; home:img[srcset]/transformed,docs/audits/2026-07-20T175853-0400-round-80/local/source-manifest.tsv: no unambiguous source match exists in the frozen Phase 1 source manifest,unknown,docs/audits/2026-07-20T175853-0400-round-80/public/public-bodycopy-dependencies.tsv; URL width contract; original dimensions from docs/audits/2026-07-20T175853-0400-round-80/freight/asset-manifest.csv,high for URL; medium for inferred decoded size,no unambiguous source match exists in the frozen Phase 1 source manifest; decoded pixel format yuvj444p; natural size is inferred from the Cargo width request and probed original ratio; browser decode is pending; rendered maxima imported from audit/assets/rendered-media-measurements.json
65c437622d5e7c33e686,image-rendition,home,mandy,mandy-05,unknown,https://freight.cargo.site/w/900/q/85/i/E3025118669852017560942337898297/mandy-photo-2.jpg,https://freight.cargo.site/w/900/q/85/i/E3025118669852017560942337898297/mandy-photo-2.jpg,unknown,E3025118669852017560942337898297,mandy-photo-2.jpg,transformed,900,900,506,612,344,1088,611.547,0.69x of measured requirement (width-limited; max observed DPR 3),jpg,image/jpeg,no,none,eager,true,home:img[srcset]; home:img[srcset]/transformed,docs/audits/2026-07-20T175853-0400-round-80/local/source-manifest.tsv: no unambiguous source match exists in the frozen Phase 1 source manifest,unknown,docs/audits/2026-07-20T175853-0400-round-80/public/public-bodycopy-dependencies.tsv; URL width contract; original dimensions from docs/audits/2026-07-20T175853-0400-round-80/freight/asset-manifest.csv,high for URL; medium for inferred decoded size,no unambiguous source match exists in the frozen Phase 1 source manifest; decoded pixel format yuvj444p; natural size is inferred from the Cargo width request and probed original ratio; browser decode is pending; rendered maxima imported from audit/assets/rendered-media-measurements.json
3e64b3b33ee830d70e8e,image-rendition,home,mandy,mandy-03,unknown,https://freight.cargo.site/w/420/q/85/i/A3025291300404464182587126495033/mandy-photo1-fix.jpg,https://freight.cargo.site/w/420/q/85/i/A3025291300404464182587126495033/mandy-photo1-fix.jpg,unknown,A3025291300404464182587126495033,mandy-photo1-fix.jpg,transformed,420,420,563,377,504,670.219,896,0.38x of measured requirement (width-limited; max observed DPR 3),jpg,image/jpeg,no,none,eager,true,home:img[srcset]; home:img[srcset]/transformed,docs/audits/2026-07-20T175853-0400-round-80/local/source-manifest.tsv: no unambiguous source match exists in the frozen Phase 1 source manifest,unknown,docs/audits/2026-07-20T175853-0400-round-80/public/public-bodycopy-dependencies.tsv; URL width contract; original dimensions from docs/audits/2026-07-20T175853-0400-round-80/freight/asset-manifest.csv,high for URL; medium for inferred decoded size,no unambiguous source match exists in the frozen Phase 1 source manifest; decoded pixel format yuvj420p; natural size is inferred from the Cargo width request and probed original ratio; browser decode is pending; rendered maxima imported from audit/assets/rendered-media-measurements.json
122def0b006f1fe391c8,image-rendition,home,mandy,mandy-03,unknown,https://freight.cargo.site/w/752/q/85/i/A3025291300404464182587126495033/mandy-photo1-fix.jpg,https://freight.cargo.site/w/752/q/85/i/A3025291300404464182587126495033/mandy-photo1-fix.jpg,unknown,A3025291300404464182587126495033,mandy-photo1-fix.jpg,transformed,752,752,1008,377,504,670.219,896,0.69x of measured requirement (width-limited; max observed DPR 3),jpg,image/jpeg,no,none,eager,true,home:img[src]; home:img[src]/transformed; home:img[srcset]; home:img[srcset]/transformed,docs/audits/2026-07-20T175853-0400-round-80/local/source-manifest.tsv: no unambiguous source match exists in the frozen Phase 1 source manifest,unknown,docs/audits/2026-07-20T175853-0400-round-80/public/public-bodycopy-dependencies.tsv; URL width contract; original dimensions from docs/audits/2026-07-20T175853-0400-round-80/freight/asset-manifest.csv,high for URL; medium for inferred decoded size,no unambiguous source match exists in the frozen Phase 1 source manifest; decoded pixel format yuvj420p; natural size is inferred from the Cargo width request and probed original ratio; browser decode is pending; rendered maxima imported from audit/assets/rendered-media-measurements.json
2ca924fc230a1a1308e7,image-rendition,home,mandy,mandy-04,unknown,https://freight.cargo.site/w/1000/q/85/i/M3025118651718868136485848659769/mandy-tee.jpg,https://freight.cargo.site/w/1000/q/85/i/M3025118651718868136485848659769/mandy-tee.jpg,unknown,M3025118651718868136485848659769,mandy-tee.jpg,transformed,1000,1000,1000,504,504,896,896,0.84x of measured requirement (width-limited; max observed DPR 3),jpg,image/jpeg,no,none,eager,true,home:img[src]; home:img[src]/transformed; home:img[srcset]; home:img[srcset]/transformed,docs/audits/2026-07-20T175853-0400-round-80/local/source-manifest.tsv: no unambiguous source match exists in the frozen Phase 1 source manifest,unknown,docs/audits/2026-07-20T175853-0400-round-80/public/public-bodycopy-dependencies.tsv; URL width contract; original dimensions from docs/audits/2026-07-20T175853-0400-round-80/freight/asset-manifest.csv,high for URL; medium for inferred decoded size,no unambiguous source match exists in the frozen Phase 1 source manifest; decoded pixel format yuvj444p; natural size is inferred from the Cargo width request and probed original ratio; browser decode is pending; rendered maxima imported from audit/assets/rendered-media-measurements.json
4cc06563dadc28c43091,image-rendition,home,mandy,mandy-04,unknown,https://freight.cargo.site/w/420/q/85/i/M3025118651718868136485848659769/mandy-tee.jpg,https://freight.cargo.site/w/420/q/85/i/M3025118651718868136485848659769/mandy-tee.jpg,unknown,M3025118651718868136485848659769,mandy-tee.jpg,transformed,420,420,420,504,504,896,896,0.35x of measured requirement (width-limited; max observed DPR 3),jpg,image/jpeg,no,none,eager,true,home:img[srcset]; home:img[srcset]/transformed,docs/audits/2026-07-20T175853-0400-round-80/local/source-manifest.tsv: no unambiguous source match exists in the frozen Phase 1 source manifest,unknown,docs/audits/2026-07-20T175853-0400-round-80/public/public-bodycopy-dependencies.tsv; URL width contract; original dimensions from docs/audits/2026-07-20T175853-0400-round-80/freight/asset-manifest.csv,high for URL; medium for inferred decoded size,no unambiguous source match exists in the frozen Phase 1 source manifest; decoded pixel format yuvj444p; natural size is inferred from the Cargo width request and probed original ratio; browser decode is pending; rendered maxima imported from audit/assets/rendered-media-measurements.json
7b7bb1909d62d1fa8339,image-rendition,home,mandy,mandy-04,unknown,https://freight.cargo.site/w/900/q/85/i/M3025118651718868136485848659769/mandy-tee.jpg,https://freight.cargo.site/w/900/q/85/i/M3025118651718868136485848659769/mandy-tee.jpg,unknown,M3025118651718868136485848659769,mandy-tee.jpg,transformed,900,900,900,504,504,896,896,0.76x of measured requirement (width-limited; max observed DPR 3),jpg,image/jpeg,no,none,eager,true,home:img[srcset]; home:img[srcset]/transformed,docs/audits/2026-07-20T175853-0400-round-80/local/source-manifest.tsv: no unambiguous source match exists in the frozen Phase 1 source manifest,unknown,docs/audits/2026-07-20T175853-0400-round-80/public/public-bodycopy-dependencies.tsv; URL width contract; original dimensions from docs/audits/2026-07-20T175853-0400-round-80/freight/asset-manifest.csv,high for URL; medium for inferred decoded size,no unambiguous source match exists in the frozen Phase 1 source manifest; decoded pixel format yuvj444p; natural size is inferred from the Cargo width request and probed original ratio; browser decode is pending; rendered maxima imported from audit/assets/rendered-media-measurements.json
98f841c3dc0769439151,image-rendition,home,montran,montran-04,unknown,https://freight.cargo.site/w/1800/q/90/i/H3029359532577333188093509416761/map-generator-retina.png,https://freight.cargo.site/w/1800/q/90/i/H3029359532577333188093509416761/map-generator-retina.png,unknown,H3029359532577333188093509416761,map-generator-retina.png,transformed,1800,1800,1152,690,442,1227,785.984,1.38x of measured requirement (height-limited; max observed DPR 3),png,image/png,yes,none,eager,true,home:img[srcset]; home:img[srcset]/transformed,docs/audits/2026-07-20T175853-0400-round-80/local/source-manifest.tsv: no unambiguous source match exists in the frozen Phase 1 source manifest,unknown,docs/audits/2026-07-20T175853-0400-round-80/public/public-bodycopy-dependencies.tsv; URL width contract; original dimensions from docs/audits/2026-07-20T175853-0400-round-80/freight/asset-manifest.csv,high for URL; medium for inferred decoded size,no unambiguous source match exists in the frozen Phase 1 source manifest; decoded pixel format rgba; natural size is inferred from the Cargo width request and probed original ratio; browser decode is pending; rendered maxima imported from audit/assets/rendered-media-measurements.json
40e226272c41209455ab,image-rendition,home,montran,montran-04,unknown,https://freight.cargo.site/w/2400/q/90/i/H3029359532577333188093509416761/map-generator-retina.png,https://freight.cargo.site/w/2400/q/90/i/H3029359532577333188093509416761/map-generator-retina.png,unknown,H3029359532577333188093509416761,map-generator-retina.png,transformed,2400,2400,1536,690,442,1227,785.984,1.84x of measured requirement (height-limited; max observed DPR 3),png,image/png,yes,none,eager,true,home:img[srcset]; home:img[srcset]/transformed,docs/audits/2026-07-20T175853-0400-round-80/local/source-manifest.tsv: no unambiguous source match exists in the frozen Phase 1 source manifest,unknown,docs/audits/2026-07-20T175853-0400-round-80/public/public-bodycopy-dependencies.tsv; URL width contract; original dimensions from docs/audits/2026-07-20T175853-0400-round-80/freight/asset-manifest.csv,high for URL; medium for inferred decoded size,no unambiguous source match exists in the frozen Phase 1 source manifest; decoded pixel format rgba; natural size is inferred from the Cargo width request and probed original ratio; browser decode is pending; rendered maxima imported from audit/assets/rendered-media-measurements.json
c6bc4cf61cb1730cd530,image-rendition,home,montran,montran-04,unknown,https://freight.cargo.site/w/3200/q/90/i/H3029359532577333188093509416761/map-generator-retina.png,https://freight.cargo.site/w/3200/q/90/i/H3029359532577333188093509416761/map-generator-retina.png,unknown,H3029359532577333188093509416761,map-generator-retina.png,transformed,3200,3200,2048,690,442,1227,785.984,2.45x of measured requirement (height-limited; max observed DPR 3),png,image/png,yes,none,eager,true,home:img[src]; home:img[src]/transformed; home:img[srcset]; home:img[srcset]/transformed,docs/audits/2026-07-20T175853-0400-round-80/local/source-manifest.tsv: no unambiguous source match exists in the frozen Phase 1 source manifest,unknown,docs/audits/2026-07-20T175853-0400-round-80/public/public-bodycopy-dependencies.tsv; URL width contract; original dimensions from docs/audits/2026-07-20T175853-0400-round-80/freight/asset-manifest.csv,high for URL; medium for inferred decoded size,no unambiguous source match exists in the frozen Phase 1 source manifest; decoded pixel format rgba; natural size is inferred from the Cargo width request and probed original ratio; browser decode is pending; rendered maxima imported from audit/assets/rendered-media-measurements.json
33f17fecce9fb915928e,image-rendition,home,montran,montran-04,unknown,https://freight.cargo.site/w/420/q/90/i/H3029359532577333188093509416761/map-generator-retina.png,https://freight.cargo.site/w/420/q/90/i/H3029359532577333188093509416761/map-generator-retina.png,unknown,H3029359532577333188093509416761,map-generator-retina.png,transformed,420,420,269,690,442,1227,785.984,0.32x of measured requirement (height-limited; max observed DPR 3),png,image/png,yes,none,eager,true,home:img[srcset]; home:img[srcset]/transformed,docs/audits/2026-07-20T175853-0400-round-80/local/source-manifest.tsv: no unambiguous source match exists in the frozen Phase 1 source manifest,unknown,docs/audits/2026-07-20T175853-0400-round-80/public/public-bodycopy-dependencies.tsv; URL width contract; original dimensions from docs/audits/2026-07-20T175853-0400-round-80/freight/asset-manifest.csv,high for URL; medium for inferred decoded size,no unambiguous source match exists in the frozen Phase 1 source manifest; decoded pixel format rgba; natural size is inferred from the Cargo width request and probed original ratio; browser decode is pending; rendered maxima imported from audit/assets/rendered-media-measurements.json
d4635c33db4999c28d6c,image-rendition,home,montran,montran-04,unknown,https://freight.cargo.site/w/900/q/90/i/H3029359532577333188093509416761/map-generator-retina.png,https://freight.cargo.site/w/900/q/90/i/H3029359532577333188093509416761/map-generator-retina.png,unknown,H3029359532577333188093509416761,map-generator-retina.png,transformed,900,900,576,690,442,1227,785.984,0.69x of measured requirement (height-limited; max observed DPR 3),png,image/png,yes,none,eager,true,home:img[srcset]; home:img[srcset]/transformed,docs/audits/2026-07-20T175853-0400-round-80/local/source-manifest.tsv: no unambiguous source match exists in the frozen Phase 1 source manifest,unknown,docs/audits/2026-07-20T175853-0400-round-80/public/public-bodycopy-dependencies.tsv; URL width contract; original dimensions from docs/audits/2026-07-20T175853-0400-round-80/freight/asset-manifest.csv,high for URL; medium for inferred decoded size,no unambiguous source match exists in the frozen Phase 1 source manifest; decoded pixel format rgba; natural size is inferred from the Cargo width request and probed original ratio; browser decode is pending; rendered maxima imported from audit/assets/rendered-media-measurements.json
78ca333a0346f08270a2,image-rendition,home,montran,montran-06,unknown,https://freight.cargo.site/w/1800/q/90/i/M3029359532595779932167218968377/montran-last-retina.jpg,https://freight.cargo.site/w/1800/q/90/i/M3029359532595779932167218968377/montran-last-retina.jpg,unknown,M3029359532595779932167218968377,montran-last-retina.jpg,transformed,1800,1800,1013,695,391,1235.547,695.109,1.38x of measured requirement (width-limited; max observed DPR 3),jpg,image/jpeg,no,none,eager,true,home:img[srcset]; home:img[srcset]/transformed,docs/audits/2026-07-20T175853-0400-round-80/local/source-manifest.tsv: no unambiguous source match exists in the frozen Phase 1 source manifest,unknown,docs/audits/2026-07-20T175853-0400-round-80/public/public-bodycopy-dependencies.tsv; URL width contract; original dimensions from docs/audits/2026-07-20T175853-0400-round-80/freight/asset-manifest.csv,high for URL; medium for inferred decoded size,no unambiguous source match exists in the frozen Phase 1 source manifest; decoded pixel format yuvj444p; natural size is inferred from the Cargo width request and probed original ratio; browser decode is pending; rendered maxima imported from audit/assets/rendered-media-measurements.json
1ea9955878f69fc37a7a,image-rendition,home,montran,montran-06,unknown,https://freight.cargo.site/w/2400/q/90/i/M3029359532595779932167218968377/montran-last-retina.jpg,https://freight.cargo.site/w/2400/q/90/i/M3029359532595779932167218968377/montran-last-retina.jpg,unknown,M3029359532595779932167218968377,montran-last-retina.jpg,transformed,2400,2400,1350,695,391,1235.547,695.109,1.84x of measured requirement (height-limited; max observed DPR 3),jpg,image/jpeg,no,none,eager,true,home:img[srcset]; home:img[srcset]/transformed,docs/audits/2026-07-20T175853-0400-round-80/local/source-manifest.tsv: no unambiguous source match exists in the frozen Phase 1 source manifest,unknown,docs/audits/2026-07-20T175853-0400-round-80/public/public-bodycopy-dependencies.tsv; URL width contract; original dimensions from docs/audits/2026-07-20T175853-0400-round-80/freight/asset-manifest.csv,high for URL; medium for inferred decoded size,no unambiguous source match exists in the frozen Phase 1 source manifest; decoded pixel format yuvj444p; natural size is inferred from the Cargo width request and probed original ratio; browser decode is pending; rendered maxima imported from audit/assets/rendered-media-measurements.json
07cbacedec1d4e2ba414,image-rendition,home,montran,montran-06,unknown,https://freight.cargo.site/w/2782/q/90/i/M3029359532595779932167218968377/montran-last-retina.jpg,https://freight.cargo.site/w/2782/q/90/i/M3029359532595779932167218968377/montran-last-retina.jpg,unknown,M3029359532595779932167218968377,montran-last-retina.jpg,transformed,2782,2782,1565,695,391,1235.547,695.109,2.13x of measured requirement (height-limited; max observed DPR 3),jpg,image/jpeg,no,none,eager,true,home:img[src]; home:img[src]/transformed; home:img[srcset]; home:img[srcset]/transformed,docs/audits/2026-07-20T175853-0400-round-80/local/source-manifest.tsv: no unambiguous source match exists in the frozen Phase 1 source manifest,unknown,docs/audits/2026-07-20T175853-0400-round-80/public/public-bodycopy-dependencies.tsv; URL width contract; original dimensions from docs/audits/2026-07-20T175853-0400-round-80/freight/asset-manifest.csv,high for URL; medium for inferred decoded size,no unambiguous source match exists in the frozen Phase 1 source manifest; decoded pixel format yuvj444p; natural size is inferred from the Cargo width request and probed original ratio; browser decode is pending; rendered maxima imported from audit/assets/rendered-media-measurements.json
97d4d7e065b5951f0f88,image-rendition,home,montran,montran-06,unknown,https://freight.cargo.site/w/420/q/90/i/M3029359532595779932167218968377/montran-last-retina.jpg,https://freight.cargo.site/w/420/q/90/i/M3029359532595779932167218968377/montran-last-retina.jpg,unknown,M3029359532595779932167218968377,montran-last-retina.jpg,transformed,420,420,236,695,391,1235.547,695.109,0.32x of measured requirement (height-limited; max observed DPR 3),jpg,image/jpeg,no,none,eager,true,home:img[srcset]; home:img[srcset]/transformed,docs/audits/2026-07-20T175853-0400-round-80/local/source-manifest.tsv: no unambiguous source match exists in the frozen Phase 1 source manifest,unknown,docs/audits/2026-07-20T175853-0400-round-80/public/public-bodycopy-dependencies.tsv; URL width contract; original dimensions from docs/audits/2026-07-20T175853-0400-round-80/freight/asset-manifest.csv,high for URL; medium for inferred decoded size,no unambiguous source match exists in the frozen Phase 1 source manifest; decoded pixel format yuvj444p; natural size is inferred from the Cargo width request and probed original ratio; browser decode is pending; rendered maxima imported from audit/assets/rendered-media-measurements.json
6a864e522199fa39c500,image-rendition,home,montran,montran-06,unknown,https://freight.cargo.site/w/900/q/90/i/M3029359532595779932167218968377/montran-last-retina.jpg,https://freight.cargo.site/w/900/q/90/i/M3029359532595779932167218968377/montran-last-retina.jpg,unknown,M3029359532595779932167218968377,montran-last-retina.jpg,transformed,900,900,506,695,391,1235.547,695.109,0.69x of measured requirement (height-limited; max observed DPR 3),jpg,image/jpeg,no,none,eager,true,home:img[srcset]; home:img[srcset]/transformed,docs/audits/2026-07-20T175853-0400-round-80/local/source-manifest.tsv: no unambiguous source match exists in the frozen Phase 1 source manifest,unknown,docs/audits/2026-07-20T175853-0400-round-80/public/public-bodycopy-dependencies.tsv; URL width contract; original dimensions from docs/audits/2026-07-20T175853-0400-round-80/freight/asset-manifest.csv,high for URL; medium for inferred decoded size,no unambiguous source match exists in the frozen Phase 1 source manifest; decoded pixel format yuvj444p; natural size is inferred from the Cargo width request and probed original ratio; browser decode is pending; rendered maxima imported from audit/assets/rendered-media-measurements.json
d7c933c1b2b35816d3f0,image-rendition,home,montran,montran-02,unknown,https://freight.cargo.site/w/1800/q/90/i/J3029442176019925254992799774521/montran-sequence-2-retina.jpg,https://freight.cargo.site/w/1800/q/90/i/J3029442176019925254992799774521/montran-sequence-2-retina.jpg,unknown,J3029442176019925254992799774521,montran-sequence-2-retina.jpg,transformed,1800,1800,1238,733,504,1303.109,896,1.38x of measured requirement (width-limited; max observed DPR 3),jpg,image/jpeg,no,none,eager,true,home:img[srcset]; home:img[srcset]/transformed,docs/audits/2026-07-20T175853-0400-round-80/local/source-manifest.tsv: no unambiguous source match exists in the frozen Phase 1 source manifest,unknown,docs/audits/2026-07-20T175853-0400-round-80/public/public-bodycopy-dependencies.tsv; URL width contract; original dimensions from docs/audits/2026-07-20T175853-0400-round-80/freight/asset-manifest.csv,high for URL; medium for inferred decoded size,no unambiguous source match exists in the frozen Phase 1 source manifest; decoded pixel format yuvj420p; natural size is inferred from the Cargo width request and probed original ratio; browser decode is pending; rendered maxima imported from audit/assets/rendered-media-measurements.json
4c1038ac5d62a8ba0ff8,image-rendition,home,montran,montran-02,unknown,https://freight.cargo.site/w/2400/q/90/i/J3029442176019925254992799774521/montran-sequence-2-retina.jpg,https://freight.cargo.site/w/2400/q/90/i/J3029442176019925254992799774521/montran-sequence-2-retina.jpg,unknown,J3029442176019925254992799774521,montran-sequence-2-retina.jpg,transformed,2400,2400,1650,733,504,1303.109,896,1.84x of measured requirement (height-limited; max observed DPR 3),jpg,image/jpeg,no,none,eager,true,home:img[srcset]; home:img[srcset]/transformed,docs/audits/2026-07-20T175853-0400-round-80/local/source-manifest.tsv: no unambiguous source match exists in the frozen Phase 1 source manifest,unknown,docs/audits/2026-07-20T175853-0400-round-80/public/public-bodycopy-dependencies.tsv; URL width contract; original dimensions from docs/audits/2026-07-20T175853-0400-round-80/freight/asset-manifest.csv,high for URL; medium for inferred decoded size,no unambiguous source match exists in the frozen Phase 1 source manifest; decoded pixel format yuvj420p; natural size is inferred from the Cargo width request and probed original ratio; browser decode is pending; rendered maxima imported from audit/assets/rendered-media-measurements.json
b6705c3a3dcf835b88b5,image-rendition,home,montran,montran-02,unknown,https://freight.cargo.site/w/3200/q/90/i/J3029442176019925254992799774521/montran-sequence-2-retina.jpg,https://freight.cargo.site/w/3200/q/90/i/J3029442176019925254992799774521/montran-sequence-2-retina.jpg,unknown,J3029442176019925254992799774521,montran-sequence-2-retina.jpg,transformed,3200,3200,2200,733,504,1303.109,896,2.45x of measured requirement (height-limited; max observed DPR 3),jpg,image/jpeg,no,none,eager,true,home:img[src]; home:img[src]/transformed; home:img[srcset]; home:img[srcset]/transformed,docs/audits/2026-07-20T175853-0400-round-80/local/source-manifest.tsv: no unambiguous source match exists in the frozen Phase 1 source manifest,unknown,docs/audits/2026-07-20T175853-0400-round-80/public/public-bodycopy-dependencies.tsv; URL width contract; original dimensions from docs/audits/2026-07-20T175853-0400-round-80/freight/asset-manifest.csv,high for URL; medium for inferred decoded size,no unambiguous source match exists in the frozen Phase 1 source manifest; decoded pixel format yuvj420p; natural size is inferred from the Cargo width request and probed original ratio; browser decode is pending; rendered maxima imported from audit/assets/rendered-media-measurements.json
17742f8a47c0e05b0caa,image-rendition,home,montran,montran-02,unknown,https://freight.cargo.site/w/420/q/90/i/J3029442176019925254992799774521/montran-sequence-2-retina.jpg,https://freight.cargo.site/w/420/q/90/i/J3029442176019925254992799774521/montran-sequence-2-retina.jpg,unknown,J3029442176019925254992799774521,montran-sequence-2-retina.jpg,transformed,420,420,289,733,504,1303.109,896,0.32x of measured requirement (width-limited; max observed DPR 3),jpg,image/jpeg,no,none,eager,true,home:img[srcset]; home:img[srcset]/transformed,docs/audits/2026-07-20T175853-0400-round-80/local/source-manifest.tsv: no unambiguous source match exists in the frozen Phase 1 source manifest,unknown,docs/audits/2026-07-20T175853-0400-round-80/public/public-bodycopy-dependencies.tsv; URL width contract; original dimensions from docs/audits/2026-07-20T175853-0400-round-80/freight/asset-manifest.csv,high for URL; medium for inferred decoded size,no unambiguous source match exists in the frozen Phase 1 source manifest; decoded pixel format yuvj420p; natural size is inferred from the Cargo width request and probed original ratio; browser decode is pending; rendered maxima imported from audit/assets/rendered-media-measurements.json
4c26d5fdd965734d1951,image-rendition,home,montran,montran-02,unknown,https://freight.cargo.site/w/900/q/90/i/J3029442176019925254992799774521/montran-sequence-2-retina.jpg,https://freight.cargo.site/w/900/q/90/i/J3029442176019925254992799774521/montran-sequence-2-retina.jpg,unknown,J3029442176019925254992799774521,montran-sequence-2-retina.jpg,transformed,900,900,619,733,504,1303.109,896,0.69x of measured requirement (width-limited; max observed DPR 3),jpg,image/jpeg,no,none,eager,true,home:img[srcset]; home:img[srcset]/transformed,docs/audits/2026-07-20T175853-0400-round-80/local/source-manifest.tsv: no unambiguous source match exists in the frozen Phase 1 source manifest,unknown,docs/audits/2026-07-20T175853-0400-round-80/public/public-bodycopy-dependencies.tsv; URL width contract; original dimensions from docs/audits/2026-07-20T175853-0400-round-80/freight/asset-manifest.csv,high for URL; medium for inferred decoded size,no unambiguous source match exists in the frozen Phase 1 source manifest; decoded pixel format yuvj420p; natural size is inferred from the Cargo width request and probed original ratio; browser decode is pending; rendered maxima imported from audit/assets/rendered-media-measurements.json
9c0fcba969bb16f921b5,image-rendition,home,purelove,purelove-01,unknown,https://freight.cargo.site/w/1254/q/85/i/I3028246618297486426098215991097/purelove-1.jpg,https://freight.cargo.site/w/1254/q/85/i/I3028246618297486426098215991097/purelove-1.jpg,unknown,I3028246618297486426098215991097,purelove-1.jpg,transformed,1254,1254,1567,627.2,783.9,1115.016,1393.594,1.12x of measured requirement (height-limited; max observed DPR 3),jpg,image/jpeg,no,none,eager,true,home:img[src]; home:img[src]/transformed; home:img[srcset]; home:img[srcset]/transformed,docs/audits/2026-07-20T175853-0400-round-80/local/source-manifest.tsv: no unambiguous source match exists in the frozen Phase 1 source manifest,unknown,docs/audits/2026-07-20T175853-0400-round-80/public/public-bodycopy-dependencies.tsv; URL width contract; original dimensions from docs/audits/2026-07-20T175853-0400-round-80/freight/asset-manifest.csv,high for URL; medium for inferred decoded size,no unambiguous source match exists in the frozen Phase 1 source manifest; decoded pixel format yuvj444p; natural size is inferred from the Cargo width request and probed original ratio; browser decode is pending; rendered maxima imported from audit/assets/rendered-media-measurements.json
c9ae48c31207fe9f0595,image-rendition,home,purelove,purelove-01,unknown,https://freight.cargo.site/w/420/q/85/i/I3028246618297486426098215991097/purelove-1.jpg,https://freight.cargo.site/w/420/q/85/i/I3028246618297486426098215991097/purelove-1.jpg,unknown,I3028246618297486426098215991097,purelove-1.jpg,transformed,420,420,525,627.2,783.9,1115.016,1393.594,0.38x of measured requirement (width-limited; max observed DPR 3),jpg,image/jpeg,no,none,eager,true,home:img[srcset]; home:img[srcset]/transformed,docs/audits/2026-07-20T175853-0400-round-80/local/source-manifest.tsv: no unambiguous source match exists in the frozen Phase 1 source manifest,unknown,docs/audits/2026-07-20T175853-0400-round-80/public/public-bodycopy-dependencies.tsv; URL width contract; original dimensions from docs/audits/2026-07-20T175853-0400-round-80/freight/asset-manifest.csv,high for URL; medium for inferred decoded size,no unambiguous source match exists in the frozen Phase 1 source manifest; decoded pixel format yuvj444p; natural size is inferred from the Cargo width request and probed original ratio; browser decode is pending; rendered maxima imported from audit/assets/rendered-media-measurements.json
2b9373c7b69d4ceadcc3,image-rendition,home,purelove,purelove-01,unknown,https://freight.cargo.site/w/900/q/85/i/I3028246618297486426098215991097/purelove-1.jpg,https://freight.cargo.site/w/900/q/85/i/I3028246618297486426098215991097/purelove-1.jpg,unknown,I3028246618297486426098215991097,purelove-1.jpg,transformed,900,900,1124,627.2,783.9,1115.016,1393.594,0.81x of measured requirement (height-limited; max observed DPR 3),jpg,image/jpeg,no,none,eager,true,home:img[srcset]; home:img[srcset]/transformed,docs/audits/2026-07-20T175853-0400-round-80/local/source-manifest.tsv: no unambiguous source match exists in the frozen Phase 1 source manifest,unknown,docs/audits/2026-07-20T175853-0400-round-80/public/public-bodycopy-dependencies.tsv; URL width contract; original dimensions from docs/audits/2026-07-20T175853-0400-round-80/freight/asset-manifest.csv,high for URL; medium for inferred decoded size,no unambiguous source match exists in the frozen Phase 1 source manifest; decoded pixel format yuvj444p; natural size is inferred from the Cargo width request and probed original ratio; browser decode is pending; rendered maxima imported from audit/assets/rendered-media-measurements.json
b203660b25d26d4699fc,image-rendition,home,purelove,purelove-02,unknown,https://freight.cargo.site/w/1088/q/85/i/Q3028246916120169496138926831417/purelove-2.jpg,https://freight.cargo.site/w/1088/q/85/i/Q3028246916120169496138926831417/purelove-2.jpg,unknown,Q3028246916120169496138926831417,purelove-2.jpg,transformed,1088,1088,1359,544.3,680,967.641,1208.875,0.99x of measured requirement (height-limited; max observed DPR 3),jpg,image/jpeg,no,none,eager,true,home:img[src]; home:img[src]/transformed; home:img[srcset]; home:img[srcset]/transformed,docs/audits/2026-07-20T175853-0400-round-80/local/source-manifest.tsv: no unambiguous source match exists in the frozen Phase 1 source manifest,unknown,docs/audits/2026-07-20T175853-0400-round-80/public/public-bodycopy-dependencies.tsv; URL width contract; original dimensions from docs/audits/2026-07-20T175853-0400-round-80/freight/asset-manifest.csv,high for URL; medium for inferred decoded size,no unambiguous source match exists in the frozen Phase 1 source manifest; decoded pixel format yuvj444p; natural size is inferred from the Cargo width request and probed original ratio; browser decode is pending; rendered maxima imported from audit/assets/rendered-media-measurements.json
09f760a842093d7762fe,image-rendition,home,purelove,purelove-02,unknown,https://freight.cargo.site/w/420/q/85/i/Q3028246916120169496138926831417/purelove-2.jpg,https://freight.cargo.site/w/420/q/85/i/Q3028246916120169496138926831417/purelove-2.jpg,unknown,Q3028246916120169496138926831417,purelove-2.jpg,transformed,420,420,525,544.3,680,967.641,1208.875,0.38x of measured requirement (width-limited; max observed DPR 3),jpg,image/jpeg,no,none,eager,true,home:img[srcset]; home:img[srcset]/transformed,docs/audits/2026-07-20T175853-0400-round-80/local/source-manifest.tsv: no unambiguous source match exists in the frozen Phase 1 source manifest,unknown,docs/audits/2026-07-20T175853-0400-round-80/public/public-bodycopy-dependencies.tsv; URL width contract; original dimensions from docs/audits/2026-07-20T175853-0400-round-80/freight/asset-manifest.csv,high for URL; medium for inferred decoded size,no unambiguous source match exists in the frozen Phase 1 source manifest; decoded pixel format yuvj444p; natural size is inferred from the Cargo width request and probed original ratio; browser decode is pending; rendered maxima imported from audit/assets/rendered-media-measurements.json
cd25d1eb573b8e66c0c9,image-rendition,home,purelove,purelove-02,unknown,https://freight.cargo.site/w/900/q/85/i/Q3028246916120169496138926831417/purelove-2.jpg,https://freight.cargo.site/w/900/q/85/i/Q3028246916120169496138926831417/purelove-2.jpg,unknown,Q3028246916120169496138926831417,purelove-2.jpg,transformed,900,900,1124,544.3,680,967.641,1208.875,0.82x of measured requirement (height-limited; max observed DPR 3),jpg,image/jpeg,no,none,eager,true,home:img[srcset]; home:img[srcset]/transformed,docs/audits/2026-07-20T175853-0400-round-80/local/source-manifest.tsv: no unambiguous source match exists in the frozen Phase 1 source manifest,unknown,docs/audits/2026-07-20T175853-0400-round-80/public/public-bodycopy-dependencies.tsv; URL width contract; original dimensions from docs/audits/2026-07-20T175853-0400-round-80/freight/asset-manifest.csv,high for URL; medium for inferred decoded size,no unambiguous source match exists in the frozen Phase 1 source manifest; decoded pixel format yuvj444p; natural size is inferred from the Cargo width request and probed original ratio; browser decode is pending; rendered maxima imported from audit/assets/rendered-media-measurements.json
2221b047e076234573c6,image-rendition,home,purelove,purelove-03,unknown,https://freight.cargo.site/w/420/q/85/i/G3028246944196113976324864390969/purelove-3.jpg,https://freight.cargo.site/w/420/q/85/i/G3028246944196113976324864390969/purelove-3.jpg,unknown,G3028246944196113976324864390969,purelove-3.jpg,transformed,420,420,525,440,550,782.219,977.766,0.38x of measured requirement (width-limited; max observed DPR 3),jpg,image/jpeg,no,none,eager,true,home:img[srcset]; home:img[srcset]/transformed,docs/audits/2026-07-20T175853-0400-round-80/local/source-manifest.tsv: no unambiguous source match exists in the frozen Phase 1 source manifest,unknown,docs/audits/2026-07-20T175853-0400-round-80/public/public-bodycopy-dependencies.tsv; URL width contract; original dimensions from docs/audits/2026-07-20T175853-0400-round-80/freight/asset-manifest.csv,high for URL; medium for inferred decoded size,no unambiguous source match exists in the frozen Phase 1 source manifest; decoded pixel format yuvj444p; natural size is inferred from the Cargo width request and probed original ratio; browser decode is pending; rendered maxima imported from audit/assets/rendered-media-measurements.json
ed168a6f8e878e210212,image-rendition,home,purelove,purelove-03,unknown,https://freight.cargo.site/w/880/q/85/i/G3028246944196113976324864390969/purelove-3.jpg,https://freight.cargo.site/w/880/q/85/i/G3028246944196113976324864390969/purelove-3.jpg,unknown,G3028246944196113976324864390969,purelove-3.jpg,transformed,880,880,1100,440,550,782.219,977.766,0.80x of measured requirement (width-limited; max observed DPR 3),jpg,image/jpeg,no,none,eager,true,home:img[src]; home:img[src]/transformed; home:img[srcset]; home:img[srcset]/transformed,docs/audits/2026-07-20T175853-0400-round-80/local/source-manifest.tsv: no unambiguous source match exists in the frozen Phase 1 source manifest,unknown,docs/audits/2026-07-20T175853-0400-round-80/public/public-bodycopy-dependencies.tsv; URL width contract; original dimensions from docs/audits/2026-07-20T175853-0400-round-80/freight/asset-manifest.csv,high for URL; medium for inferred decoded size,no unambiguous source match exists in the frozen Phase 1 source manifest; decoded pixel format yuvj444p; natural size is inferred from the Cargo width request and probed original ratio; browser decode is pending; rendered maxima imported from audit/assets/rendered-media-measurements.json
f8446888b79c187dee41,image-rendition,home,purelove,purelove-04,unknown,https://freight.cargo.site/w/1746/q/85/i/S3028289855602474049842539181881/purelove-4-v2.png,https://freight.cargo.site/w/1746/q/85/i/S3028289855602474049842539181881/purelove-4-v2.png,unknown,S3028289855602474049842539181881,purelove-4-v2.png,transformed,1746,1746,1360,873,680,1552,1208.875,1.12x of measured requirement (width-limited; max observed DPR 3),png,image/png,yes,none,eager,true,home:img[src]; home:img[src]/transformed; home:img[srcset]; home:img[srcset]/transformed,docs/audits/2026-07-20T175853-0400-round-80/local/source-manifest.tsv: no unambiguous source match exists in the frozen Phase 1 source manifest,unknown,docs/audits/2026-07-20T175853-0400-round-80/public/public-bodycopy-dependencies.tsv; URL width contract; original dimensions from docs/audits/2026-07-20T175853-0400-round-80/freight/asset-manifest.csv,high for URL; medium for inferred decoded size,no unambiguous source match exists in the frozen Phase 1 source manifest; decoded pixel format rgba; natural size is inferred from the Cargo width request and probed original ratio; browser decode is pending; rendered maxima imported from audit/assets/rendered-media-measurements.json
927ce99c850d2e2dc963,image-rendition,home,purelove,purelove-04,unknown,https://freight.cargo.site/w/420/q/85/i/S3028289855602474049842539181881/purelove-4-v2.png,https://freight.cargo.site/w/420/q/85/i/S3028289855602474049842539181881/purelove-4-v2.png,unknown,S3028289855602474049842539181881,purelove-4-v2.png,transformed,420,420,327,873,680,1552,1208.875,0.27x of measured requirement (height-limited; max observed DPR 3),png,image/png,yes,none,eager,true,home:img[srcset]; home:img[srcset]/transformed,docs/audits/2026-07-20T175853-0400-round-80/local/source-manifest.tsv: no unambiguous source match exists in the frozen Phase 1 source manifest,unknown,docs/audits/2026-07-20T175853-0400-round-80/public/public-bodycopy-dependencies.tsv; URL width contract; original dimensions from docs/audits/2026-07-20T175853-0400-round-80/freight/asset-manifest.csv,high for URL; medium for inferred decoded size,no unambiguous source match exists in the frozen Phase 1 source manifest; decoded pixel format rgba; natural size is inferred from the Cargo width request and probed original ratio; browser decode is pending; rendered maxima imported from audit/assets/rendered-media-measurements.json
132add6cb1bee0a6f161,image-rendition,home,purelove,purelove-04,unknown,https://freight.cargo.site/w/900/q/85/i/S3028289855602474049842539181881/purelove-4-v2.png,https://freight.cargo.site/w/900/q/85/i/S3028289855602474049842539181881/purelove-4-v2.png,unknown,S3028289855602474049842539181881,purelove-4-v2.png,transformed,900,900,701,873,680,1552,1208.875,0.58x of measured requirement (height-limited; max observed DPR 3),png,image/png,yes,none,eager,true,home:img[srcset]; home:img[srcset]/transformed,docs/audits/2026-07-20T175853-0400-round-80/local/source-manifest.tsv: no unambiguous source match exists in the frozen Phase 1 source manifest,unknown,docs/audits/2026-07-20T175853-0400-round-80/public/public-bodycopy-dependencies.tsv; URL width contract; original dimensions from docs/audits/2026-07-20T175853-0400-round-80/freight/asset-manifest.csv,high for URL; medium for inferred decoded size,no unambiguous source match exists in the frozen Phase 1 source manifest; decoded pixel format rgba; natural size is inferred from the Cargo width request and probed original ratio; browser decode is pending; rendered maxima imported from audit/assets/rendered-media-measurements.json
dbf0e743997a28a6c39e,image-rendition,home,touchbaes,touchbaes-03,unknown,https://freight.cargo.site/w/420/q/85/i/J3022057905776630719280532993849/touchbaes-booking.jpg,https://freight.cargo.site/w/420/q/85/i/J3022057905776630719280532993849/touchbaes-booking.jpg,unknown,J3022057905776630719280532993849,touchbaes-booking.jpg,transformed,420,420,525,403,504,716.438,896,0.38x of measured requirement (height-limited; max observed DPR 3),jpg,image/jpeg,no,none,eager,true,home:img[srcset]; home:img[srcset]/transformed,docs/audits/2026-07-20T175853-0400-round-80/local/source-manifest.tsv: no unambiguous source match exists in the frozen Phase 1 source manifest,unknown,docs/audits/2026-07-20T175853-0400-round-80/public/public-bodycopy-dependencies.tsv; URL width contract; original dimensions from docs/audits/2026-07-20T175853-0400-round-80/freight/asset-manifest.csv,high for URL; medium for inferred decoded size,no unambiguous source match exists in the frozen Phase 1 source manifest; decoded pixel format yuvj444p; natural size is inferred from the Cargo width request and probed original ratio; browser decode is pending; rendered maxima imported from audit/assets/rendered-media-measurements.json
2c4fe83fb79672489727,image-rendition,home,touchbaes,touchbaes-03,unknown,https://freight.cargo.site/w/840/q/85/i/J3022057905776630719280532993849/touchbaes-booking.jpg,https://freight.cargo.site/w/840/q/85/i/J3022057905776630719280532993849/touchbaes-booking.jpg,unknown,J3022057905776630719280532993849,touchbaes-booking.jpg,transformed,840,807,1008,403,504,716.438,896,0.74x of measured requirement (height-limited; max observed DPR 3),jpg,image/jpeg,no,none,eager,true,home:img[src]; home:img[src]/transformed; home:img[srcset]; home:img[srcset]/transformed,docs/audits/2026-07-20T175853-0400-round-80/local/source-manifest.tsv: no unambiguous source match exists in the frozen Phase 1 source manifest,unknown,docs/audits/2026-07-20T175853-0400-round-80/public/public-bodycopy-dependencies.tsv; URL width contract; original dimensions from docs/audits/2026-07-20T175853-0400-round-80/freight/asset-manifest.csv,high for URL; medium for inferred decoded size,no unambiguous source match exists in the frozen Phase 1 source manifest; decoded pixel format yuvj444p; natural size is inferred from the Cargo width request and probed original ratio; browser decode is pending; rendered maxima imported from audit/assets/rendered-media-measurements.json
8656399e6ef5141b3b8c,image-rendition,home,touchbaes,touchbaes-07,unknown,https://freight.cargo.site/w/1800/q/90/i/Y3029359532614226676240928519993/touchbaes-last-retina.jpg,https://freight.cargo.site/w/1800/q/90/i/Y3029359532614226676240928519993/touchbaes-last-retina.jpg,unknown,Y3029359532614226676240928519993,touchbaes-last-retina.jpg,transformed,1800,1800,1200,558,372,992,661.328,1.38x of measured requirement (width-limited; max observed DPR 3),jpg,image/jpeg,no,none,eager,true,home:img[srcset]; home:img[srcset]/transformed,docs/audits/2026-07-20T175853-0400-round-80/local/source-manifest.tsv: no unambiguous source match exists in the frozen Phase 1 source manifest,unknown,docs/audits/2026-07-20T175853-0400-round-80/public/public-bodycopy-dependencies.tsv; URL width contract; original dimensions from docs/audits/2026-07-20T175853-0400-round-80/freight/asset-manifest.csv,high for URL; medium for inferred decoded size,no unambiguous source match exists in the frozen Phase 1 source manifest; decoded pixel format yuvj444p; natural size is inferred from the Cargo width request and probed original ratio; browser decode is pending; rendered maxima imported from audit/assets/rendered-media-measurements.json
b3267be780fd44578ff8,image-rendition,home,touchbaes,touchbaes-07,unknown,https://freight.cargo.site/w/2400/q/90/i/Y3029359532614226676240928519993/touchbaes-last-retina.jpg,https://freight.cargo.site/w/2400/q/90/i/Y3029359532614226676240928519993/touchbaes-last-retina.jpg,unknown,Y3029359532614226676240928519993,touchbaes-last-retina.jpg,transformed,2400,2400,1600,558,372,992,661.328,1.84x of measured requirement (width-limited; max observed DPR 3),jpg,image/jpeg,no,none,eager,true,home:img[src]; home:img[src]/transformed; home:img[srcset]; home:img[srcset]/transformed,docs/audits/2026-07-20T175853-0400-round-80/local/source-manifest.tsv: no unambiguous source match exists in the frozen Phase 1 source manifest,unknown,docs/audits/2026-07-20T175853-0400-round-80/public/public-bodycopy-dependencies.tsv; URL width contract; original dimensions from docs/audits/2026-07-20T175853-0400-round-80/freight/asset-manifest.csv,high for URL; medium for inferred decoded size,no unambiguous source match exists in the frozen Phase 1 source manifest; decoded pixel format yuvj444p; natural size is inferred from the Cargo width request and probed original ratio; browser decode is pending; rendered maxima imported from audit/assets/rendered-media-measurements.json
a87bcbc5ac26c6aaca2f,image-rendition,home,touchbaes,touchbaes-07,unknown,https://freight.cargo.site/w/420/q/90/i/Y3029359532614226676240928519993/touchbaes-last-retina.jpg,https://freight.cargo.site/w/420/q/90/i/Y3029359532614226676240928519993/touchbaes-last-retina.jpg,unknown,Y3029359532614226676240928519993,touchbaes-last-retina.jpg,transformed,420,420,280,558,372,992,661.328,0.32x of measured requirement (width-limited; max observed DPR 3),jpg,image/jpeg,no,none,eager,true,home:img[srcset]; home:img[srcset]/transformed,docs/audits/2026-07-20T175853-0400-round-80/local/source-manifest.tsv: no unambiguous source match exists in the frozen Phase 1 source manifest,unknown,docs/audits/2026-07-20T175853-0400-round-80/public/public-bodycopy-dependencies.tsv; URL width contract; original dimensions from docs/audits/2026-07-20T175853-0400-round-80/freight/asset-manifest.csv,high for URL; medium for inferred decoded size,no unambiguous source match exists in the frozen Phase 1 source manifest; decoded pixel format yuvj444p; natural size is inferred from the Cargo width request and probed original ratio; browser decode is pending; rendered maxima imported from audit/assets/rendered-media-measurements.json
05e00209172c8997e406,image-rendition,home,touchbaes,touchbaes-07,unknown,https://freight.cargo.site/w/900/q/90/i/Y3029359532614226676240928519993/touchbaes-last-retina.jpg,https://freight.cargo.site/w/900/q/90/i/Y3029359532614226676240928519993/touchbaes-last-retina.jpg,unknown,Y3029359532614226676240928519993,touchbaes-last-retina.jpg,transformed,900,900,600,558,372,992,661.328,0.69x of measured requirement (width-limited; max observed DPR 3),jpg,image/jpeg,no,none,eager,true,home:img[srcset]; home:img[srcset]/transformed,docs/audits/2026-07-20T175853-0400-round-80/local/source-manifest.tsv: no unambiguous source match exists in the frozen Phase 1 source manifest,unknown,docs/audits/2026-07-20T175853-0400-round-80/public/public-bodycopy-dependencies.tsv; URL width contract; original dimensions from docs/audits/2026-07-20T175853-0400-round-80/freight/asset-manifest.csv,high for URL; medium for inferred decoded size,no unambiguous source match exists in the frozen Phase 1 source manifest; decoded pixel format yuvj444p; natural size is inferred from the Cargo width request and probed original ratio; browser decode is pending; rendered maxima imported from audit/assets/rendered-media-measurements.json
ea780ee9698f429763c7,image-rendition,home,touchbaes,touchbaes-04,unknown,https://freight.cargo.site/w/420/q/85/i/Q3028246600809973044221561059129/touchbaes-sticker-v2.png,https://freight.cargo.site/w/420/q/85/i/Q3028246600809973044221561059129/touchbaes-sticker-v2.png,unknown,Q3028246600809973044221561059129,touchbaes-sticker-v2.png,transformed,420,420,970,262.5,606.5,466.656,1078.219,0.60x of measured requirement (height-limited; max observed DPR 3),png,image/png,yes,none,eager,true,home:img[srcset]; home:img[srcset]/transformed,docs/audits/2026-07-20T175853-0400-round-80/local/source-manifest.tsv: no unambiguous source match exists in the frozen Phase 1 source manifest,unknown,docs/audits/2026-07-20T175853-0400-round-80/public/public-bodycopy-dependencies.tsv; URL width contract; original dimensions from docs/audits/2026-07-20T175853-0400-round-80/freight/asset-manifest.csv,high for URL; medium for inferred decoded size,no unambiguous source match exists in the frozen Phase 1 source manifest; decoded pixel format rgba; natural size is inferred from the Cargo width request and probed original ratio; browser decode is pending; rendered maxima imported from audit/assets/rendered-media-measurements.json
37c47fa042ea9a548d72,image-rendition,home,touchbaes,touchbaes-04,unknown,https://freight.cargo.site/w/525/q/85/i/Q3028246600809973044221561059129/touchbaes-sticker-v2.png,https://freight.cargo.site/w/525/q/85/i/Q3028246600809973044221561059129/touchbaes-sticker-v2.png,unknown,Q3028246600809973044221561059129,touchbaes-sticker-v2.png,transformed,525,525,1213,262.5,606.5,466.656,1078.219,0.75x of measured requirement (height-limited; max observed DPR 3),png,image/png,yes,none,eager,true,home:img[src]; home:img[src]/transformed; home:img[srcset]; home:img[srcset]/transformed,docs/audits/2026-07-20T175853-0400-round-80/local/source-manifest.tsv: no unambiguous source match exists in the frozen Phase 1 source manifest,unknown,docs/audits/2026-07-20T175853-0400-round-80/public/public-bodycopy-dependencies.tsv; URL width contract; original dimensions from docs/audits/2026-07-20T175853-0400-round-80/freight/asset-manifest.csv,high for URL; medium for inferred decoded size,no unambiguous source match exists in the frozen Phase 1 source manifest; decoded pixel format rgba; natural size is inferred from the Cargo width request and probed original ratio; browser decode is pending; rendered maxima imported from audit/assets/rendered-media-measurements.json
23612a0d3548a559bf66,image-rendition,home,v7,v7-02,unknown,https://freight.cargo.site/w/420/q/85/i/R3025118182046317275766954964793/v7-postcard.jpg,https://freight.cargo.site/w/420/q/85/i/R3025118182046317275766954964793/v7-postcard.jpg,unknown,R3025118182046317275766954964793,v7-postcard.jpg,transformed,420,420,630,336,504,597.328,896,0.39x of measured requirement (height-limited; max observed DPR 3),jpg,image/jpeg,no,none,eager,true,home:img[srcset]; home:img[srcset]/transformed,docs/audits/2026-07-20T175853-0400-round-80/local/source-manifest.tsv: no unambiguous source match exists in the frozen Phase 1 source manifest,unknown,docs/audits/2026-07-20T175853-0400-round-80/public/public-bodycopy-dependencies.tsv; URL width contract; original dimensions from docs/audits/2026-07-20T175853-0400-round-80/freight/asset-manifest.csv,high for URL; medium for inferred decoded size,no unambiguous source match exists in the frozen Phase 1 source manifest; decoded pixel format yuvj444p; natural size is inferred from the Cargo width request and probed original ratio; browser decode is pending; rendered maxima imported from audit/assets/rendered-media-measurements.json
449c689093e9fc03b21d,image-rendition,home,v7,v7-02,unknown,https://freight.cargo.site/w/680/q/85/i/R3025118182046317275766954964793/v7-postcard.jpg,https://freight.cargo.site/w/680/q/85/i/R3025118182046317275766954964793/v7-postcard.jpg,unknown,R3025118182046317275766954964793,v7-postcard.jpg,transformed,680,672,1008,336,504,597.328,896,0.62x of measured requirement (height-limited; max observed DPR 3),jpg,image/jpeg,no,none,eager,true,home:img[src]; home:img[src]/transformed; home:img[srcset]; home:img[srcset]/transformed,docs/audits/2026-07-20T175853-0400-round-80/local/source-manifest.tsv: no unambiguous source match exists in the frozen Phase 1 source manifest,unknown,docs/audits/2026-07-20T175853-0400-round-80/public/public-bodycopy-dependencies.tsv; URL width contract; original dimensions from docs/audits/2026-07-20T175853-0400-round-80/freight/asset-manifest.csv,high for URL; medium for inferred decoded size,no unambiguous source match exists in the frozen Phase 1 source manifest; decoded pixel format yuvj444p; natural size is inferred from the Cargo width request and probed original ratio; browser decode is pending; rendered maxima imported from audit/assets/rendered-media-measurements.json
4fb68592d417643c4715,image-rendition,home,v7,v7-06,unknown,https://freight.cargo.site/w/1122/q/90/i/A3029359532632673420314638071609/v7-sequence-6-retina.jpg,https://freight.cargo.site/w/1122/q/90/i/A3029359532632673420314638071609/v7-sequence-6-retina.jpg,unknown,A3029359532632673420314638071609,v7-sequence-6-retina.jpg,transformed,1122,1122,1496,281,374,499.547,664.875,1.02x of measured requirement (width-limited; max observed DPR 3),jpg,image/jpeg,no,none,eager,true,home:img[src]; home:img[src]/transformed; home:img[srcset]; home:img[srcset]/transformed,docs/audits/2026-07-20T175853-0400-round-80/local/source-manifest.tsv: no unambiguous source match exists in the frozen Phase 1 source manifest,unknown,docs/audits/2026-07-20T175853-0400-round-80/public/public-bodycopy-dependencies.tsv; URL width contract; original dimensions from docs/audits/2026-07-20T175853-0400-round-80/freight/asset-manifest.csv,high for URL; medium for inferred decoded size,no unambiguous source match exists in the frozen Phase 1 source manifest; decoded pixel format yuvj444p; natural size is inferred from the Cargo width request and probed original ratio; browser decode is pending; rendered maxima imported from audit/assets/rendered-media-measurements.json
7e6d302b614ec4ece480,image-rendition,home,v7,v7-06,unknown,https://freight.cargo.site/w/420/q/90/i/A3029359532632673420314638071609/v7-sequence-6-retina.jpg,https://freight.cargo.site/w/420/q/90/i/A3029359532632673420314638071609/v7-sequence-6-retina.jpg,unknown,A3029359532632673420314638071609,v7-sequence-6-retina.jpg,transformed,420,420,560,281,374,499.547,664.875,0.38x of measured requirement (width-limited; max observed DPR 3),jpg,image/jpeg,no,none,eager,true,home:img[srcset]; home:img[srcset]/transformed,docs/audits/2026-07-20T175853-0400-round-80/local/source-manifest.tsv: no unambiguous source match exists in the frozen Phase 1 source manifest,unknown,docs/audits/2026-07-20T175853-0400-round-80/public/public-bodycopy-dependencies.tsv; URL width contract; original dimensions from docs/audits/2026-07-20T175853-0400-round-80/freight/asset-manifest.csv,high for URL; medium for inferred decoded size,no unambiguous source match exists in the frozen Phase 1 source manifest; decoded pixel format yuvj444p; natural size is inferred from the Cargo width request and probed original ratio; browser decode is pending; rendered maxima imported from audit/assets/rendered-media-measurements.json
311f4a4b64b5aa017f17,image-rendition,home,v7,v7-06,unknown,https://freight.cargo.site/w/900/q/90/i/A3029359532632673420314638071609/v7-sequence-6-retina.jpg,https://freight.cargo.site/w/900/q/90/i/A3029359532632673420314638071609/v7-sequence-6-retina.jpg,unknown,A3029359532632673420314638071609,v7-sequence-6-retina.jpg,transformed,900,900,1200,281,374,499.547,664.875,0.82x of measured requirement (width-limited; max observed DPR 3),jpg,image/jpeg,no,none,eager,true,home:img[srcset]; home:img[srcset]/transformed,docs/audits/2026-07-20T175853-0400-round-80/local/source-manifest.tsv: no unambiguous source match exists in the frozen Phase 1 source manifest,unknown,docs/audits/2026-07-20T175853-0400-round-80/public/public-bodycopy-dependencies.tsv; URL width contract; original dimensions from docs/audits/2026-07-20T175853-0400-round-80/freight/asset-manifest.csv,high for URL; medium for inferred decoded size,no unambiguous source match exists in the frozen Phase 1 source manifest; decoded pixel format yuvj444p; natural size is inferred from the Cargo width request and probed original ratio; browser decode is pending; rendered maxima imported from audit/assets/rendered-media-measurements.json
20542e349e30c345ac12,image-rendition,home,wtw,wtw-01,unknown,https://freight.cargo.site/w/1494/q/85/i/C3028244178623348957641467017017/wtw-lanyard.png,https://freight.cargo.site/w/1494/q/85/i/C3028244178623348957641467017017/wtw-lanyard.png,unknown,C3028244178623348957641467017017,wtw-lanyard.png,transformed,1494,1494,1008,746.7,504,1327.453,896,1.12x of measured requirement (height-limited; max observed DPR 3),png,image/png,yes,none,eager,true,home:img[src]; home:img[src]/transformed; home:img[srcset]; home:img[srcset]/transformed,docs/audits/2026-07-20T175853-0400-round-80/local/source-manifest.tsv: no unambiguous source match exists in the frozen Phase 1 source manifest,unknown,docs/audits/2026-07-20T175853-0400-round-80/public/public-bodycopy-dependencies.tsv; URL width contract; original dimensions from docs/audits/2026-07-20T175853-0400-round-80/freight/asset-manifest.csv,high for URL; medium for inferred decoded size,no unambiguous source match exists in the frozen Phase 1 source manifest; decoded pixel format rgba; natural size is inferred from the Cargo width request and probed original ratio; browser decode is pending; rendered maxima imported from audit/assets/rendered-media-measurements.json
b309c5d65a4cfa3018a5,image-rendition,home,wtw,wtw-01,unknown,https://freight.cargo.site/w/420/q/85/i/C3028244178623348957641467017017/wtw-lanyard.png,https://freight.cargo.site/w/420/q/85/i/C3028244178623348957641467017017/wtw-lanyard.png,unknown,C3028244178623348957641467017017,wtw-lanyard.png,transformed,420,420,283,746.7,504,1327.453,896,0.32x of measured requirement (height-limited; max observed DPR 3),png,image/png,yes,none,eager,true,home:img[srcset]; home:img[srcset]/transformed,docs/audits/2026-07-20T175853-0400-round-80/local/source-manifest.tsv: no unambiguous source match exists in the frozen Phase 1 source manifest,unknown,docs/audits/2026-07-20T175853-0400-round-80/public/public-bodycopy-dependencies.tsv; URL width contract; original dimensions from docs/audits/2026-07-20T175853-0400-round-80/freight/asset-manifest.csv,high for URL; medium for inferred decoded size,no unambiguous source match exists in the frozen Phase 1 source manifest; decoded pixel format rgba; natural size is inferred from the Cargo width request and probed original ratio; browser decode is pending; rendered maxima imported from audit/assets/rendered-media-measurements.json
abd5a1ab1c825abd1859,image-rendition,home,wtw,wtw-01,unknown,https://freight.cargo.site/w/900/q/85/i/C3028244178623348957641467017017/wtw-lanyard.png,https://freight.cargo.site/w/900/q/85/i/C3028244178623348957641467017017/wtw-lanyard.png,unknown,C3028244178623348957641467017017,wtw-lanyard.png,transformed,900,900,607,746.7,504,1327.453,896,0.68x of measured requirement (height-limited; max observed DPR 3),png,image/png,yes,none,eager,true,home:img[srcset]; home:img[srcset]/transformed,docs/audits/2026-07-20T175853-0400-round-80/local/source-manifest.tsv: no unambiguous source match exists in the frozen Phase 1 source manifest,unknown,docs/audits/2026-07-20T175853-0400-round-80/public/public-bodycopy-dependencies.tsv; URL width contract; original dimensions from docs/audits/2026-07-20T175853-0400-round-80/freight/asset-manifest.csv,high for URL; medium for inferred decoded size,no unambiguous source match exists in the frozen Phase 1 source manifest; decoded pixel format rgba; natural size is inferred from the Cargo width request and probed original ratio; browser decode is pending; rendered maxima imported from audit/assets/rendered-media-measurements.json
657d4394e26694ad4352,internal-link,home,site-shell,,cargo/home.html,/,/,observed verbatim in the frozen Cargo draft bodycopy,,/,not applicable,,unknown,unknown,unknown,unknown,unknown,unknown,unknown,URI,not applicable,not applicable,not applicable,user navigation,true,home:a[href],exact canonical path captured in docs/audits/2026-07-20T175853-0400-round-80/local/source-manifest.tsv; delivered bodycopy in docs/audits/2026-07-20T175853-0400-round-80/cargo-draft/home.bodycopy.html,medium,docs/audits/2026-07-20T175853-0400-round-80/cargo-draft/home.bodycopy.html,high,
1bcee8f784d30d0177d7,internal-link,home,site-shell,,cargo/home.html,/who,/who,observed verbatim in the frozen Cargo draft bodycopy,,/who,not applicable,,unknown,unknown,unknown,unknown,unknown,unknown,unknown,URI,not applicable,not applicable,not applicable,user navigation,true,home:a[href],exact canonical path captured in docs/audits/2026-07-20T175853-0400-round-80/local/source-manifest.tsv; delivered bodycopy in docs/audits/2026-07-20T175853-0400-round-80/cargo-draft/home.bodycopy.html,medium,docs/audits/2026-07-20T175853-0400-round-80/cargo-draft/home.bodycopy.html,high,
204d73610e01732426a6,internal-link,home,site-shell,,cargo/home.html,/write,/write,observed verbatim in the frozen Cargo draft bodycopy,,/write,not applicable,,unknown,unknown,unknown,unknown,unknown,unknown,unknown,URI,not applicable,not applicable,not applicable,user navigation,true,home:a[href],exact canonical path captured in docs/audits/2026-07-20T175853-0400-round-80/local/source-manifest.tsv; delivered bodycopy in docs/audits/2026-07-20T175853-0400-round-80/cargo-draft/home.bodycopy.html,medium,docs/audits/2026-07-20T175853-0400-round-80/cargo-draft/home.bodycopy.html,high,
5f1176caa330e7f2de61,internal-link,who,site-shell,,cargo/who.html,/,/,observed verbatim in the frozen Cargo draft bodycopy,,/,not applicable,,unknown,unknown,unknown,unknown,unknown,unknown,unknown,URI,not applicable,not applicable,not applicable,user navigation,true,who:a[href],exact canonical path captured in docs/audits/2026-07-20T175853-0400-round-80/local/source-manifest.tsv; delivered bodycopy in docs/audits/2026-07-20T175853-0400-round-80/cargo-draft/who.bodycopy.html,medium,docs/audits/2026-07-20T175853-0400-round-80/cargo-draft/who.bodycopy.html,high,
96e8dfc4ca1962d787ac,internal-link,who,site-shell,,cargo/who.html,/who,/who,observed verbatim in the frozen Cargo draft bodycopy,,/who,not applicable,,unknown,unknown,unknown,unknown,unknown,unknown,unknown,URI,not applicable,not applicable,not applicable,user navigation,true,who:a[href],exact canonical path captured in docs/audits/2026-07-20T175853-0400-round-80/local/source-manifest.tsv; delivered bodycopy in docs/audits/2026-07-20T175853-0400-round-80/cargo-draft/who.bodycopy.html,medium,docs/audits/2026-07-20T175853-0400-round-80/cargo-draft/who.bodycopy.html,high,
4ffdd8909f4f716232d0,internal-link,who,site-shell,,cargo/who.html,/write,/write,observed verbatim in the frozen Cargo draft bodycopy,,/write,not applicable,,unknown,unknown,unknown,unknown,unknown,unknown,unknown,URI,not applicable,not applicable,not applicable,user navigation,true,who:a[href],exact canonical path captured in docs/audits/2026-07-20T175853-0400-round-80/local/source-manifest.tsv; delivered bodycopy in docs/audits/2026-07-20T175853-0400-round-80/cargo-draft/who.bodycopy.html,medium,docs/audits/2026-07-20T175853-0400-round-80/cargo-draft/who.bodycopy.html,high,
5ac3a7877796968c488a,internal-link,write,site-shell,,cargo/write.html,/,/,observed verbatim in the frozen Cargo draft bodycopy,,/,not applicable,,unknown,unknown,unknown,unknown,unknown,unknown,unknown,URI,not applicable,not applicable,not applicable,user navigation,true,write:a[href],exact canonical path captured in docs/audits/2026-07-20T175853-0400-round-80/local/source-manifest.tsv; delivered bodycopy in docs/audits/2026-07-20T175853-0400-round-80/cargo-draft/write.bodycopy.html,medium,docs/audits/2026-07-20T175853-0400-round-80/cargo-draft/write.bodycopy.html,high,
d75acf8383204ec07380,internal-link,write,site-shell,,cargo/write.html,/who,/who,observed verbatim in the frozen Cargo draft bodycopy,,/who,not applicable,,unknown,unknown,unknown,unknown,unknown,unknown,unknown,URI,not applicable,not applicable,not applicable,user navigation,true,write:a[href],exact canonical path captured in docs/audits/2026-07-20T175853-0400-round-80/local/source-manifest.tsv; delivered bodycopy in docs/audits/2026-07-20T175853-0400-round-80/cargo-draft/write.bodycopy.html,medium,docs/audits/2026-07-20T175853-0400-round-80/cargo-draft/write.bodycopy.html,high,
5d479644895c7b417661,internal-link,write,site-shell,,cargo/write.html,/write,/write,observed verbatim in the frozen Cargo draft bodycopy,,/write,not applicable,,unknown,unknown,unknown,unknown,unknown,unknown,unknown,URI,not applicable,not applicable,not applicable,user navigation,true,write:a[href],exact canonical path captured in docs/audits/2026-07-20T175853-0400-round-80/local/source-manifest.tsv; delivered bodycopy in docs/audits/2026-07-20T175853-0400-round-80/cargo-draft/write.bodycopy.html,medium,docs/audits/2026-07-20T175853-0400-round-80/cargo-draft/write.bodycopy.html,high,
178865a4b145dd093baa,pdf,home,montran,,work/montran-direct-pdf-v10-src/assets/montran_sustainability-report_2025_v4-web.pdf,https://freight.cargo.site/t/original/i/P3028590574867085520722012452665/montran_sustainability-report_2025_v4-web.pdf,https://freight.cargo.site/t/original/i/P3028590574867085520722012452665/montran_sustainability-report_2025_v4-web.pdf,observed verbatim in the captured bodycopy dependency table,P3028590574867085520722012452665,montran_sustainability-report_2025_v4-web.pdf,original,,unknown,unknown,unknown,unknown,unknown,unknown,unknown,pdf,application/pdf,not applicable,none,lazy,true,home:iframe-query[pdf]/original,docs/audits/2026-07-20T175853-0400-round-80/local/source-manifest.tsv: local file matched remote SHA-256,high,docs/audits/2026-07-20T175853-0400-round-80/public/public-bodycopy-dependencies.tsv; docs/audits/2026-07-20T175853-0400-round-80/freight/asset-manifest.csv,high,local file matched remote SHA-256
e0b741e9ecbd31fbd37a,poster,Cargo library,unknown,,unknown,https://freight.cargo.site/t/original/i/M3028308593675976915489103853369/3d-animation_social-nov-8-cargo-under-1mb-1080-h264.jpg,https://freight.cargo.site/t/original/i/M3028308593675976915489103853369/3d-animation_social-nov-8-cargo-under-1mb-1080-h264.jpg,derived from Cargo media hash and filename; not observed in Phase 1 delivery,M3028308593675976915489103853369,3d-animation_social-nov-8-cargo-under-1mb-1080-h264.jpg,original,,834,834,unknown,unknown,unknown,unknown,unknown,jpg,image/jpg,no,none,none (unreferenced),false,none,docs/audits/2026-07-20T175853-0400-round-80/local/source-manifest.tsv: no unambiguous source match exists in the frozen Phase 1 source manifest,unknown,docs/audits/2026-07-20T175853-0400-round-80/cargo-draft/media-inventory.tsv,medium,no unambiguous source match exists in the frozen Phase 1 source manifest; JPEG has no alpha channel; Cargo library in_use=False; bodycopy reference is authoritative
d3adc6cbe66c92272e6e,poster,Cargo library,unknown,,unknown,https://freight.cargo.site/t/original/i/D3022828932768841599094692034361/3d-animation_social-nov-8-cargo-under-1mb-1080.jpg,https://freight.cargo.site/t/original/i/D3022828932768841599094692034361/3d-animation_social-nov-8-cargo-under-1mb-1080.jpg,derived from Cargo media hash and filename; not observed in Phase 1 delivery,D3022828932768841599094692034361,3d-animation_social-nov-8-cargo-under-1mb-1080.jpg,original,,1080,1080,unknown,unknown,unknown,unknown,unknown,jpg,image/jpg,no,none,none (unreferenced),false,none,docs/audits/2026-07-20T175853-0400-round-80/local/source-manifest.tsv: no unambiguous source match exists in the frozen Phase 1 source manifest,unknown,docs/audits/2026-07-20T175853-0400-round-80/cargo-draft/media-inventory.tsv,medium,no unambiguous source match exists in the frozen Phase 1 source manifest; JPEG has no alpha channel; Cargo library in_use=False; bodycopy reference is authoritative
383871860c66b3973be5,poster,Cargo library,unknown,,unknown,https://freight.cargo.site/t/original/i/F3022813872791639590395624077113/6x-images-for-MMS_EVIIVE_Image-5-web-smooth-hq-white-bg.jpg,https://freight.cargo.site/t/original/i/F3022813872791639590395624077113/6x-images-for-MMS_EVIIVE_Image-5-web-smooth-hq-white-bg.jpg,derived from Cargo media hash and filename; not observed in Phase 1 delivery,F3022813872791639590395624077113,6x-images-for-MMS_EVIIVE_Image-5-web-smooth-hq-white-bg.jpg,original,,1600,1600,unknown,unknown,unknown,unknown,unknown,jpg,image/jpg,no,none,none (unreferenced),false,none,docs/audits/2026-07-20T175853-0400-round-80/local/source-manifest.tsv: no unambiguous source match exists in the frozen Phase 1 source manifest,unknown,docs/audits/2026-07-20T175853-0400-round-80/cargo-draft/media-inventory.tsv,medium,no unambiguous source match exists in the frozen Phase 1 source manifest; JPEG has no alpha channel; Cargo library in_use=False; bodycopy reference is authoritative
6e0c78ba782bc7a9ddec,poster,Cargo library,unknown,,unknown,https://freight.cargo.site/t/original/i/D3028473499137833837195285804857/8bit-girls-alpha-v2.jpg,https://freight.cargo.site/t/original/i/D3028473499137833837195285804857/8bit-girls-alpha-v2.jpg,derived from Cargo media hash and filename; not observed in Phase 1 delivery,D3028473499137833837195285804857,8bit-girls-alpha-v2.jpg,original,,1080,1920,unknown,unknown,unknown,unknown,unknown,jpg,image/jpg,no,none,none (unreferenced),false,none,docs/audits/2026-07-20T175853-0400-round-80/local/source-manifest.tsv: no unambiguous source match exists in the frozen Phase 1 source manifest,unknown,docs/audits/2026-07-20T175853-0400-round-80/cargo-draft/media-inventory.tsv,medium,no unambiguous source match exists in the frozen Phase 1 source manifest; JPEG has no alpha channel; Cargo library in_use=False; bodycopy reference is authoritative
6ff487870b3e5d2c577c,poster,Cargo library,unknown,,unknown,https://freight.cargo.site/t/original/i/F3028483059753245847529116448569/8bit-girls-alpha-v2.jpg,https://freight.cargo.site/t/original/i/F3028483059753245847529116448569/8bit-girls-alpha-v2.jpg,derived from Cargo media hash and filename; not observed in Phase 1 delivery,F3028483059753245847529116448569,8bit-girls-alpha-v2.jpg,original,,1080,1920,unknown,unknown,unknown,unknown,unknown,jpg,image/jpg,no,none,none (unreferenced),false,none,docs/audits/2026-07-20T175853-0400-round-80/local/source-manifest.tsv: no unambiguous source match exists in the frozen Phase 1 source manifest,unknown,docs/audits/2026-07-20T175853-0400-round-80/cargo-draft/media-inventory.tsv,medium,no unambiguous source match exists in the frozen Phase 1 source manifest; JPEG has no alpha channel; Cargo library in_use=False; bodycopy reference is authoritative
de8e3c0932b38d9fda05,poster,Cargo library,unknown,,unknown,https://freight.cargo.site/t/original/i/K3028474690299438908842162304825/8bit-girls-alpha-v2.jpg,https://freight.cargo.site/t/original/i/K3028474690299438908842162304825/8bit-girls-alpha-v2.jpg,derived from Cargo media hash and filename; not observed in Phase 1 delivery,K3028474690299438908842162304825,8bit-girls-alpha-v2.jpg,original,,1080,1920,unknown,unknown,unknown,unknown,unknown,jpg,image/jpg,no,none,none (unreferenced),false,none,docs/audits/2026-07-20T175853-0400-round-80/local/source-manifest.tsv: no unambiguous source match exists in the frozen Phase 1 source manifest,unknown,docs/audits/2026-07-20T175853-0400-round-80/cargo-draft/media-inventory.tsv,medium,no unambiguous source match exists in the frozen Phase 1 source manifest; JPEG has no alpha channel; Cargo library in_use=False; bodycopy reference is authoritative
fb4c19f8abfe0e0cb615,poster,Cargo library,unknown,,unknown,https://freight.cargo.site/t/original/i/D3028308607012972880781109671737/8bit-girls-final-alpha-1080-hevc.jpg,https://freight.cargo.site/t/original/i/D3028308607012972880781109671737/8bit-girls-final-alpha-1080-hevc.jpg,derived from Cargo media hash and filename; not observed in Phase 1 delivery,D3028308607012972880781109671737,8bit-girls-final-alpha-1080-hevc.jpg,original,,1080,1920,unknown,unknown,unknown,unknown,unknown,jpg,image/jpg,no,none,none (unreferenced),false,none,docs/audits/2026-07-20T175853-0400-round-80/local/source-manifest.tsv: no unambiguous source match exists in the frozen Phase 1 source manifest,unknown,docs/audits/2026-07-20T175853-0400-round-80/cargo-draft/media-inventory.tsv,medium,no unambiguous source match exists in the frozen Phase 1 source manifest; JPEG has no alpha channel; Cargo library in_use=False; bodycopy reference is authoritative
23ffc8ef834519a8d83a,poster,Cargo library,unknown,,unknown,https://freight.cargo.site/t/original/i/I3022812577369037014142361843513/8bit-girls-final-alpha-1080.jpg,https://freight.cargo.site/t/original/i/I3022812577369037014142361843513/8bit-girls-final-alpha-1080.jpg,derived from Cargo media hash and filename; not observed in Phase 1 delivery,I3022812577369037014142361843513,8bit-girls-final-alpha-1080.jpg,original,,1080,1920,unknown,unknown,unknown,unknown,unknown,jpg,image/jpg,no,none,none (unreferenced),false,none,docs/audits/2026-07-20T175853-0400-round-80/local/source-manifest.tsv: no unambiguous source match exists in the frozen Phase 1 source manifest,unknown,docs/audits/2026-07-20T175853-0400-round-80/cargo-draft/media-inventory.tsv,medium,no unambiguous source match exists in the frozen Phase 1 source manifest; JPEG has no alpha channel; Cargo library in_use=False; bodycopy reference is authoritative
f69e2ea4a0b11459434c,poster,Cargo library,unknown,,unknown,https://freight.cargo.site/t/original/i/N3028308709705997139122183518009/anyday-hotel-report-h264.jpg,https://freight.cargo.site/t/original/i/N3028308709705997139122183518009/anyday-hotel-report-h264.jpg,derived from Cargo media hash and filename; not observed in Phase 1 delivery,N3028308709705997139122183518009,anyday-hotel-report-h264.jpg,original,,1600,1600,unknown,unknown,unknown,unknown,unknown,jpg,image/jpg,no,none,none (unreferenced),false,none,docs/audits/2026-07-20T175853-0400-round-80/local/source-manifest.tsv: no unambiguous source match exists in the frozen Phase 1 source manifest,unknown,docs/audits/2026-07-20T175853-0400-round-80/cargo-draft/media-inventory.tsv,medium,no unambiguous source match exists in the frozen Phase 1 source manifest; JPEG has no alpha channel; Cargo library in_use=False; bodycopy reference is authoritative
6889bfdd2abef0ad635b,poster,Cargo library,unknown,,unknown,https://freight.cargo.site/t/original/i/T3027108620983598461245274502969/anyday-hotel-report.jpg,https://freight.cargo.site/t/original/i/T3027108620983598461245274502969/anyday-hotel-report.jpg,derived from Cargo media hash and filename; not observed in Phase 1 delivery,T3027108620983598461245274502969,anyday-hotel-report.jpg,original,,1600,1600,unknown,unknown,unknown,unknown,unknown,jpg,image/jpg,no,none,none (unreferenced),false,none,docs/audits/2026-07-20T175853-0400-round-80/local/source-manifest.tsv: no unambiguous source match exists in the frozen Phase 1 source manifest,unknown,docs/audits/2026-07-20T175853-0400-round-80/cargo-draft/media-inventory.tsv,medium,no unambiguous source match exists in the frozen Phase 1 source manifest; JPEG has no alpha channel; Cargo library in_use=False; bodycopy reference is authoritative
5539a19a9f1b6292f99c,poster,Cargo library,unknown,,unknown,https://freight.cargo.site/t/original/i/N3028243486593745032427638142777/anyday-logo-slideshow-v2.jpg,https://freight.cargo.site/t/original/i/N3028243486593745032427638142777/anyday-logo-slideshow-v2.jpg,derived from Cargo media hash and filename; not observed in Phase 1 delivery,N3028243486593745032427638142777,anyday-logo-slideshow-v2.jpg,original,,2046,1364,unknown,unknown,unknown,unknown,unknown,jpg,image/jpg,no,none,none (unreferenced),false,none,docs/audits/2026-07-20T175853-0400-round-80/local/source-manifest.tsv: no unambiguous source match exists in the frozen Phase 1 source manifest,unknown,docs/audits/2026-07-20T175853-0400-round-80/cargo-draft/media-inventory.tsv,medium,no unambiguous source match exists in the frozen Phase 1 source manifest; JPEG has no alpha channel; Cargo library in_use=False; bodycopy reference is authoritative
2b0ab808c5a399a7b639,poster,Cargo library,unknown,,unknown,https://freight.cargo.site/t/original/i/P3028308682644623582990271297337/anyday-logo-slideshow-v3-h264.jpg,https://freight.cargo.site/t/original/i/P3028308682644623582990271297337/anyday-logo-slideshow-v3-h264.jpg,derived from Cargo media hash and filename; not observed in Phase 1 delivery,P3028308682644623582990271297337,anyday-logo-slideshow-v3-h264.jpg,original,,2042,1364,unknown,unknown,unknown,unknown,unknown,jpg,image/jpg,no,none,none (unreferenced),false,none,docs/audits/2026-07-20T175853-0400-round-80/local/source-manifest.tsv: no unambiguous source match exists in the frozen Phase 1 source manifest,unknown,docs/audits/2026-07-20T175853-0400-round-80/cargo-draft/media-inventory.tsv,medium,no unambiguous source match exists in the frozen Phase 1 source manifest; JPEG has no alpha channel; Cargo library in_use=False; bodycopy reference is authoritative
a78fed4aecc41832139a,poster,Cargo library,unknown,,unknown,https://freight.cargo.site/t/original/i/L3028279563315405099893053241145/anyday-logo-slideshow-v3.jpg,https://freight.cargo.site/t/original/i/L3028279563315405099893053241145/anyday-logo-slideshow-v3.jpg,derived from Cargo media hash and filename; not observed in Phase 1 delivery,L3028279563315405099893053241145,anyday-logo-slideshow-v3.jpg,original,,2042,1364,unknown,unknown,unknown,unknown,unknown,jpg,image/jpg,no,none,none (unreferenced),false,none,docs/audits/2026-07-20T175853-0400-round-80/local/source-manifest.tsv: no unambiguous source match exists in the frozen Phase 1 source manifest,unknown,docs/audits/2026-07-20T175853-0400-round-80/cargo-draft/media-inventory.tsv,medium,no unambiguous source match exists in the frozen Phase 1 source manifest; JPEG has no alpha channel; Cargo library in_use=False; bodycopy reference is authoritative
0421bc971c8b3ab6abff,poster,Cargo library,unknown,,unknown,https://freight.cargo.site/t/original/i/Z3027108597556233487634143950649/anyday-logo-slideshow.jpg,https://freight.cargo.site/t/original/i/Z3027108597556233487634143950649/anyday-logo-slideshow.jpg,derived from Cargo media hash and filename; not observed in Phase 1 delivery,Z3027108597556233487634143950649,anyday-logo-slideshow.jpg,original,,2048,1364,unknown,unknown,unknown,unknown,unknown,jpg,image/jpg,no,none,none (unreferenced),false,none,docs/audits/2026-07-20T175853-0400-round-80/local/source-manifest.tsv: no unambiguous source match exists in the frozen Phase 1 source manifest,unknown,docs/audits/2026-07-20T175853-0400-round-80/cargo-draft/media-inventory.tsv,medium,no unambiguous source match exists in the frozen Phase 1 source manifest; JPEG has no alpha channel; Cargo library in_use=False; bodycopy reference is authoritative
183a0cf257939144a64c,poster,Cargo library,unknown,,unknown,https://freight.cargo.site/t/original/i/F3028308697365125353810493486905/anyday-money-moments-h264.jpg,https://freight.cargo.site/t/original/i/F3028308697365125353810493486905/anyday-money-moments-h264.jpg,derived from Cargo media hash and filename; not observed in Phase 1 delivery,F3028308697365125353810493486905,anyday-money-moments-h264.jpg,original,,1440,1440,unknown,unknown,unknown,unknown,unknown,jpg,image/jpg,no,none,none (unreferenced),false,none,docs/audits/2026-07-20T175853-0400-round-80/local/source-manifest.tsv: no unambiguous source match exists in the frozen Phase 1 source manifest,unknown,docs/audits/2026-07-20T175853-0400-round-80/cargo-draft/media-inventory.tsv,medium,no unambiguous source match exists in the frozen Phase 1 source manifest; JPEG has no alpha channel; Cargo library in_use=False; bodycopy reference is authoritative
ec85cd748d004fc958d2,poster,Cargo library,unknown,,unknown,https://freight.cargo.site/t/original/i/N3027108936773410259079088617273/anyday-money-moments.jpg,https://freight.cargo.site/t/original/i/N3027108936773410259079088617273/anyday-money-moments.jpg,derived from Cargo media hash and filename; not observed in Phase 1 delivery,N3027108936773410259079088617273,anyday-money-moments.jpg,original,,1440,1440,unknown,unknown,unknown,unknown,unknown,jpg,image/jpg,no,none,none (unreferenced),false,none,docs/audits/2026-07-20T175853-0400-round-80/local/source-manifest.tsv: no unambiguous source match exists in the frozen Phase 1 source manifest,unknown,docs/audits/2026-07-20T175853-0400-round-80/cargo-draft/media-inventory.tsv,medium,no unambiguous source match exists in the frozen Phase 1 source manifest; JPEG has no alpha channel; Cargo library in_use=False; bodycopy reference is authoritative
86992aaa69acc5d67683,poster,Cargo library,unknown,,unknown,https://freight.cargo.site/t/original/i/H3028308727341084473588514862905/anyday-scroller-h264.jpg,https://freight.cargo.site/t/original/i/H3028308727341084473588514862905/anyday-scroller-h264.jpg,derived from Cargo media hash and filename; not observed in Phase 1 delivery,H3028308727341084473588514862905,anyday-scroller-h264.jpg,original,,704,939,unknown,unknown,unknown,unknown,unknown,jpg,image/jpg,no,none,none (unreferenced),false,none,docs/audits/2026-07-20T175853-0400-round-80/local/source-manifest.tsv: no unambiguous source match exists in the frozen Phase 1 source manifest,unknown,docs/audits/2026-07-20T175853-0400-round-80/cargo-draft/media-inventory.tsv,medium,no unambiguous source match exists in the frozen Phase 1 source manifest; JPEG has no alpha channel; Cargo library in_use=False; bodycopy reference is authoritative
c497309d5e6a1552cd36,poster,Cargo library,unknown,,unknown,https://freight.cargo.site/t/original/i/N3027108951383231565457053497145/anyday-scroller.jpg,https://freight.cargo.site/t/original/i/N3027108951383231565457053497145/anyday-scroller.jpg,derived from Cargo media hash and filename; not observed in Phase 1 delivery,N3027108951383231565457053497145,anyday-scroller.jpg,original,,900,1200,unknown,unknown,unknown,unknown,unknown,jpg,image/jpg,no,none,none (unreferenced),false,none,docs/audits/2026-07-20T175853-0400-round-80/local/source-manifest.tsv: no unambiguous source match exists in the frozen Phase 1 source manifest,unknown,docs/audits/2026-07-20T175853-0400-round-80/cargo-draft/media-inventory.tsv,medium,no unambiguous source match exists in the frozen Phase 1 source manifest; JPEG has no alpha channel; Cargo library in_use=False; bodycopy reference is authoritative
b9e73d0b44efde19c50a,poster,Cargo library,unknown,,unknown,https://freight.cargo.site/t/original/i/G3028308740548953230364553819961/curate-image1-vid-h264.jpg,https://freight.cargo.site/t/original/i/G3028308740548953230364553819961/curate-image1-vid-h264.jpg,derived from Cargo media hash and filename; not observed in Phase 1 delivery,G3028308740548953230364553819961,curate-image1-vid-h264.jpg,original,,1600,900,unknown,unknown,unknown,unknown,unknown,jpg,image/jpg,no,none,none (unreferenced),false,none,docs/audits/2026-07-20T175853-0400-round-80/local/source-manifest.tsv: no unambiguous source match exists in the frozen Phase 1 source manifest,unknown,docs/audits/2026-07-20T175853-0400-round-80/cargo-draft/media-inventory.tsv,medium,no unambiguous source match exists in the frozen Phase 1 source manifest; JPEG has no alpha channel; Cargo library in_use=False; bodycopy reference is authoritative
9cc1a639039e49666b45,poster,Cargo library,unknown,,unknown,https://freight.cargo.site/t/original/i/M3027108967800833791058554435385/curate-image1-vid.jpg,https://freight.cargo.site/t/original/i/M3027108967800833791058554435385/curate-image1-vid.jpg,derived from Cargo media hash and filename; not observed in Phase 1 delivery,M3027108967800833791058554435385,curate-image1-vid.jpg,original,,1600,900,unknown,unknown,unknown,unknown,unknown,jpg,image/jpg,no,none,none (unreferenced),false,none,docs/audits/2026-07-20T175853-0400-round-80/local/source-manifest.tsv: no unambiguous source match exists in the frozen Phase 1 source manifest,unknown,docs/audits/2026-07-20T175853-0400-round-80/cargo-draft/media-inventory.tsv,medium,no unambiguous source match exists in the frozen Phase 1 source manifest; JPEG has no alpha channel; Cargo library in_use=False; bodycopy reference is authoritative
db66486676fbfac1cb72,poster,Cargo library,unknown,,unknown,https://freight.cargo.site/t/original/i/K3028244207363376224480948434745/dg-slides.jpg,https://freight.cargo.site/t/original/i/K3028244207363376224480948434745/dg-slides.jpg,derived from Cargo media hash and filename; not observed in Phase 1 delivery,K3028244207363376224480948434745,dg-slides.jpg,original,,1004,874,unknown,unknown,unknown,unknown,unknown,jpg,image/jpg,no,none,none (unreferenced),false,none,docs/audits/2026-07-20T175853-0400-round-80/local/source-manifest.tsv: no unambiguous source match exists in the frozen Phase 1 source manifest,unknown,docs/audits/2026-07-20T175853-0400-round-80/cargo-draft/media-inventory.tsv,medium,no unambiguous source match exists in the frozen Phase 1 source manifest; JPEG has no alpha channel; Cargo library in_use=False; bodycopy reference is authoritative
9f6c04bd9f9c2650a1d3,poster,Cargo library,unknown,,unknown,https://freight.cargo.site/t/original/i/L3028308533059975889279517243193/Final_Navy_EVIIVE-Logo-Animation_Jul-2026-web-hq-1800-h264.jpg,https://freight.cargo.site/t/original/i/L3028308533059975889279517243193/Final_Navy_EVIIVE-Logo-Animation_Jul-2026-web-hq-1800-h264.jpg,derived from Cargo media hash and filename; not observed in Phase 1 delivery,L3028308533059975889279517243193,Final_Navy_EVIIVE-Logo-Animation_Jul-2026-web-hq-1800-h264.jpg,original,,1800,1200,unknown,unknown,unknown,unknown,unknown,jpg,image/jpg,no,none,none (unreferenced),false,none,docs/audits/2026-07-20T175853-0400-round-80/local/source-manifest.tsv: no unambiguous source match exists in the frozen Phase 1 source manifest,unknown,docs/audits/2026-07-20T175853-0400-round-80/cargo-draft/media-inventory.tsv,medium,no unambiguous source match exists in the frozen Phase 1 source manifest; JPEG has no alpha channel; Cargo library in_use=False; bodycopy reference is authoritative
09e97389cb1ae076e99b,poster,Cargo library,unknown,,unknown,https://freight.cargo.site/t/original/i/Q3022811938170908116032688797497/Final_Navy_EVIIVE-Logo-Animation_Jul-2026-web-hq-1800.jpg,https://freight.cargo.site/t/original/i/Q3022811938170908116032688797497/Final_Navy_EVIIVE-Logo-Animation_Jul-2026-web-hq-1800.jpg,derived from Cargo media hash and filename; not observed in Phase 1 delivery,Q3022811938170908116032688797497,Final_Navy_EVIIVE-Logo-Animation_Jul-2026-web-hq-1800.jpg,original,,1800,1200,unknown,unknown,unknown,unknown,unknown,jpg,image/jpg,no,none,none (unreferenced),false,none,docs/audits/2026-07-20T175853-0400-round-80/local/source-manifest.tsv: no unambiguous source match exists in the frozen Phase 1 source manifest,unknown,docs/audits/2026-07-20T175853-0400-round-80/cargo-draft/media-inventory.tsv,medium,no unambiguous source match exists in the frozen Phase 1 source manifest; JPEG has no alpha channel; Cargo library in_use=False; bodycopy reference is authoritative
14337f7d43d6a2afe0c4,poster,Cargo library,unknown,,unknown,https://freight.cargo.site/t/original/i/A3033684599708724399446229038905/Final_Profile-Pic_CCH-cargo-poster.jpg,https://freight.cargo.site/t/original/i/A3033684599708724399446229038905/Final_Profile-Pic_CCH-cargo-poster.jpg,derived from Cargo media hash and filename; not observed in Phase 1 delivery,A3033684599708724399446229038905,Final_Profile-Pic_CCH-cargo-poster.jpg,original,,600,750,unknown,unknown,unknown,unknown,unknown,jpg,image/jpeg,no,none,none (unreferenced),false,none,docs/audits/2026-07-20T175853-0400-round-80/local/source-manifest.tsv: no unambiguous source match exists in the frozen Phase 1 source manifest,unknown,docs/audits/2026-07-20T175853-0400-round-80/cargo-draft/media-inventory.tsv,medium,no unambiguous source match exists in the frozen Phase 1 source manifest; JPEG has no alpha channel; Cargo library in_use=False; bodycopy reference is authoritative
58c3615f45e4be123858,poster,Cargo library,unknown,,unknown,https://freight.cargo.site/t/original/i/H3033681755331468697875627161401/Final_Profile-Pic_CCH-cargo.jpg,https://freight.cargo.site/t/original/i/H3033681755331468697875627161401/Final_Profile-Pic_CCH-cargo.jpg,derived from Cargo media hash and filename; not observed in Phase 1 delivery,H3033681755331468697875627161401,Final_Profile-Pic_CCH-cargo.jpg,original,,1200,1500,unknown,unknown,unknown,unknown,unknown,jpg,image/jpg,no,none,none (unreferenced),false,none,docs/audits/2026-07-20T175853-0400-round-80/local/source-manifest.tsv: no unambiguous source match exists in the frozen Phase 1 source manifest,unknown,docs/audits/2026-07-20T175853-0400-round-80/cargo-draft/media-inventory.tsv,medium,no unambiguous source match exists in the frozen Phase 1 source manifest; JPEG has no alpha channel; Cargo library in_use=False; bodycopy reference is authoritative
2f96813ca0aad2269d73,poster,Cargo library,unknown,,unknown,https://freight.cargo.site/t/original/i/L3033680252087847387210556421945/Final_Profile-Pic_CCH-cargo.jpg,https://freight.cargo.site/t/original/i/L3033680252087847387210556421945/Final_Profile-Pic_CCH-cargo.jpg,derived from Cargo media hash and filename; not observed in Phase 1 delivery,L3033680252087847387210556421945,Final_Profile-Pic_CCH-cargo.jpg,original,,1200,1500,unknown,unknown,unknown,unknown,unknown,jpg,image/jpg,no,none,none (unreferenced),false,none,docs/audits/2026-07-20T175853-0400-round-80/local/source-manifest.tsv: no unambiguous source match exists in the frozen Phase 1 source manifest,unknown,docs/audits/2026-07-20T175853-0400-round-80/cargo-draft/media-inventory.tsv,medium,no unambiguous source match exists in the frozen Phase 1 source manifest; JPEG has no alpha channel; Cargo library in_use=False; bodycopy reference is authoritative
3ce859ea0736c14d210e,poster,Cargo library,unknown,,unknown,https://freight.cargo.site/t/original/i/K3033694276759985003034749482809/Final_Profile-Pic_CHY-cargo-poster.jpg,https://freight.cargo.site/t/original/i/K3033694276759985003034749482809/Final_Profile-Pic_CHY-cargo-poster.jpg,derived from Cargo media hash and filename; not observed in Phase 1 delivery,K3033694276759985003034749482809,Final_Profile-Pic_CHY-cargo-poster.jpg,original,,600,750,unknown,unknown,unknown,unknown,unknown,jpg,image/jpeg,no,none,none (unreferenced),false,none,docs/audits/2026-07-20T175853-0400-round-80/local/source-manifest.tsv: no unambiguous source match exists in the frozen Phase 1 source manifest,unknown,docs/audits/2026-07-20T175853-0400-round-80/cargo-draft/media-inventory.tsv,medium,no unambiguous source match exists in the frozen Phase 1 source manifest; JPEG has no alpha channel; Cargo library in_use=False; bodycopy reference is authoritative
b4da401690f3e998c62d,poster,Cargo library,unknown,,unknown,https://freight.cargo.site/t/original/i/L3033690042697264508555076613945/Final_Profile-Pic_CHY-cargo-poster.jpg,https://freight.cargo.site/t/original/i/L3033690042697264508555076613945/Final_Profile-Pic_CHY-cargo-poster.jpg,derived from Cargo media hash and filename; not observed in Phase 1 delivery,L3033690042697264508555076613945,Final_Profile-Pic_CHY-cargo-poster.jpg,original,,600,750,unknown,unknown,unknown,unknown,unknown,jpg,image/jpeg,no,none,none (unreferenced),false,none,docs/audits/2026-07-20T175853-0400-round-80/local/source-manifest.tsv: no unambiguous source match exists in the frozen Phase 1 source manifest,unknown,docs/audits/2026-07-20T175853-0400-round-80/cargo-draft/media-inventory.tsv,medium,no unambiguous source match exists in the frozen Phase 1 source manifest; JPEG has no alpha channel; Cargo library in_use=False; bodycopy reference is authoritative
7131a5f9a8f7a17628a8,poster,Cargo library,unknown,,unknown,https://freight.cargo.site/t/original/i/P3033682180713387037617887426361/Final_Profile-Pic_CHY-cargo-poster.jpg,https://freight.cargo.site/t/original/i/P3033682180713387037617887426361/Final_Profile-Pic_CHY-cargo-poster.jpg,derived from Cargo media hash and filename; not observed in Phase 1 delivery,P3033682180713387037617887426361,Final_Profile-Pic_CHY-cargo-poster.jpg,original,,600,750,unknown,unknown,unknown,unknown,unknown,jpg,image/jpeg,no,none,none (unreferenced),false,none,docs/audits/2026-07-20T175853-0400-round-80/local/source-manifest.tsv: no unambiguous source match exists in the frozen Phase 1 source manifest,unknown,docs/audits/2026-07-20T175853-0400-round-80/cargo-draft/media-inventory.tsv,medium,no unambiguous source match exists in the frozen Phase 1 source manifest; JPEG has no alpha channel; Cargo library in_use=False; bodycopy reference is authoritative
dc989ada12cd63f60784,poster,Cargo library,unknown,,unknown,https://freight.cargo.site/t/original/i/Z3033683283201493346942949308217/Final_Profile-Pic_CHY-cargo-poster.jpg,https://freight.cargo.site/t/original/i/Z3033683283201493346942949308217/Final_Profile-Pic_CHY-cargo-poster.jpg,derived from Cargo media hash and filename; not observed in Phase 1 delivery,Z3033683283201493346942949308217,Final_Profile-Pic_CHY-cargo-poster.jpg,original,,600,750,unknown,unknown,unknown,unknown,unknown,jpg,image/jpeg,no,none,none (unreferenced),false,none,docs/audits/2026-07-20T175853-0400-round-80/local/source-manifest.tsv: no unambiguous source match exists in the frozen Phase 1 source manifest,unknown,docs/audits/2026-07-20T175853-0400-round-80/cargo-draft/media-inventory.tsv,medium,no unambiguous source match exists in the frozen Phase 1 source manifest; JPEG has no alpha channel; Cargo library in_use=False; bodycopy reference is authoritative
5822e250cc0a30870f66,poster,Cargo library,unknown,,unknown,https://freight.cargo.site/t/original/i/P3033679720600257135490955261753/Final_Profile-Pic_CHY-cargo.jpg,https://freight.cargo.site/t/original/i/P3033679720600257135490955261753/Final_Profile-Pic_CHY-cargo.jpg,derived from Cargo media hash and filename; not observed in Phase 1 delivery,P3033679720600257135490955261753,Final_Profile-Pic_CHY-cargo.jpg,original,,1200,1500,unknown,unknown,unknown,unknown,unknown,jpg,image/jpg,no,none,none (unreferenced),false,none,docs/audits/2026-07-20T175853-0400-round-80/local/source-manifest.tsv: no unambiguous source match exists in the frozen Phase 1 source manifest,unknown,docs/audits/2026-07-20T175853-0400-round-80/cargo-draft/media-inventory.tsv,medium,no unambiguous source match exists in the frozen Phase 1 source manifest; JPEG has no alpha channel; Cargo library in_use=False; bodycopy reference is authoritative
967c7369b8efbc5ce331,poster,Cargo library,unknown,,unknown,https://freight.cargo.site/t/original/i/H3028308562076704317224641935161/Freetothink_motionthecity_260303-upscaled-4x-retina-h264.jpg,https://freight.cargo.site/t/original/i/H3028308562076704317224641935161/Freetothink_motionthecity_260303-upscaled-4x-retina-h264.jpg,derived from Cargo media hash and filename; not observed in Phase 1 delivery,H3028308562076704317224641935161,Freetothink_motionthecity_260303-upscaled-4x-retina-h264.jpg,original,,3840,960,unknown,unknown,unknown,unknown,unknown,jpg,image/jpg,no,none,none (unreferenced),false,none,docs/audits/2026-07-20T175853-0400-round-80/local/source-manifest.tsv: no unambiguous source match exists in the frozen Phase 1 source manifest,unknown,docs/audits/2026-07-20T175853-0400-round-80/cargo-draft/media-inventory.tsv,medium,no unambiguous source match exists in the frozen Phase 1 source manifest; JPEG has no alpha channel; Cargo library in_use=False; bodycopy reference is authoritative
4808956a0c66c8c91179,poster,Cargo library,unknown,,unknown,https://freight.cargo.site/t/original/i/M3025153500108733823779640751929/Freetothink_motionthecity_260303-upscaled-4x-retina.jpg,https://freight.cargo.site/t/original/i/M3025153500108733823779640751929/Freetothink_motionthecity_260303-upscaled-4x-retina.jpg,derived from Cargo media hash and filename; not observed in Phase 1 delivery,M3025153500108733823779640751929,Freetothink_motionthecity_260303-upscaled-4x-retina.jpg,original,,3840,960,unknown,unknown,unknown,unknown,unknown,jpg,image/jpg,no,none,none (unreferenced),false,none,docs/audits/2026-07-20T175853-0400-round-80/local/source-manifest.tsv: no unambiguous source match exists in the frozen Phase 1 source manifest,unknown,docs/audits/2026-07-20T175853-0400-round-80/cargo-draft/media-inventory.tsv,medium,no unambiguous source match exists in the frozen Phase 1 source manifest; JPEG has no alpha channel; Cargo library in_use=False; bodycopy reference is authoritative
54c4416e5bbac51592a0,poster,Cargo library,unknown,,unknown,https://freight.cargo.site/t/original/i/N3025152096385296790777600980793/Freetothink_motionthecity_260303-upscaled-4x-retina.jpg,https://freight.cargo.site/t/original/i/N3025152096385296790777600980793/Freetothink_motionthecity_260303-upscaled-4x-retina.jpg,derived from Cargo media hash and filename; not observed in Phase 1 delivery,N3025152096385296790777600980793,Freetothink_motionthecity_260303-upscaled-4x-retina.jpg,original,,3840,960,unknown,unknown,unknown,unknown,unknown,jpg,image/jpg,no,none,none (unreferenced),false,none,docs/audits/2026-07-20T175853-0400-round-80/local/source-manifest.tsv: no unambiguous source match exists in the frozen Phase 1 source manifest,unknown,docs/audits/2026-07-20T175853-0400-round-80/cargo-draft/media-inventory.tsv,medium,no unambiguous source match exists in the frozen Phase 1 source manifest; JPEG has no alpha channel; Cargo library in_use=False; bodycopy reference is authoritative
3f65b12e6a4babc219b1,poster,Cargo library,unknown,,unknown,https://freight.cargo.site/t/original/i/E3025158178461285333553864292153/hf_20260708_032138_2ca7e18b-6113-498e-9b3e-603f187014fb-alpha-small-ratio-1.jpg,https://freight.cargo.site/t/original/i/E3025158178461285333553864292153/hf_20260708_032138_2ca7e18b-6113-498e-9b3e-603f187014fb-alpha-small-ratio-1.jpg,derived from Cargo media hash and filename; not observed in Phase 1 delivery,E3025158178461285333553864292153,hf_20260708_032138_2ca7e18b-6113-498e-9b3e-603f187014fb-alpha-small-ratio-1.jpg,original,,1392,900,unknown,unknown,unknown,unknown,unknown,jpg,image/jpg,no,none,none (unreferenced),false,none,docs/audits/2026-07-20T175853-0400-round-80/local/source-manifest.tsv: no unambiguous source match exists in the frozen Phase 1 source manifest,unknown,docs/audits/2026-07-20T175853-0400-round-80/cargo-draft/media-inventory.tsv,medium,no unambiguous source match exists in the frozen Phase 1 source manifest; JPEG has no alpha channel; Cargo library in_use=False; bodycopy reference is authoritative
4273ea6e680c304f06a1,poster,Cargo library,unknown,,unknown,https://freight.cargo.site/t/original/i/Q3028308636361742702053006292793/hf_20260708_032138_2ca7e18b-6113-498e-9b3e-603f187014fb-alpha-small-ratio-1.jpg,https://freight.cargo.site/t/original/i/Q3028308636361742702053006292793/hf_20260708_032138_2ca7e18b-6113-498e-9b3e-603f187014fb-alpha-small-ratio-1.jpg,derived from Cargo media hash and filename; not observed in Phase 1 delivery,Q3028308636361742702053006292793,hf_20260708_032138_2ca7e18b-6113-498e-9b3e-603f187014fb-alpha-small-ratio-1.jpg,original,,1392,900,unknown,unknown,unknown,unknown,unknown,jpg,image/jpg,no,none,none (unreferenced),false,none,docs/audits/2026-07-20T175853-0400-round-80/local/source-manifest.tsv: no unambiguous source match exists in the frozen Phase 1 source manifest,unknown,docs/audits/2026-07-20T175853-0400-round-80/cargo-draft/media-inventory.tsv,medium,no unambiguous source match exists in the frozen Phase 1 source manifest; JPEG has no alpha channel; Cargo library in_use=False; bodycopy reference is authoritative
86f7d980818837a90d8a,poster,Cargo library,unknown,,unknown,https://freight.cargo.site/t/original/i/Z3028308519704533179913801873209/Logo-symbol_Animation_EVIIVE-cargo-h264.jpg,https://freight.cargo.site/t/original/i/Z3028308519704533179913801873209/Logo-symbol_Animation_EVIIVE-cargo-h264.jpg,derived from Cargo media hash and filename; not observed in Phase 1 delivery,Z3028308519704533179913801873209,Logo-symbol_Animation_EVIIVE-cargo-h264.jpg,original,,2160,2160,unknown,unknown,unknown,unknown,unknown,jpg,image/jpg,no,none,none (unreferenced),false,none,docs/audits/2026-07-20T175853-0400-round-80/local/source-manifest.tsv: no unambiguous source match exists in the frozen Phase 1 source manifest,unknown,docs/audits/2026-07-20T175853-0400-round-80/cargo-draft/media-inventory.tsv,medium,no unambiguous source match exists in the frozen Phase 1 source manifest; JPEG has no alpha channel; Cargo library in_use=False; bodycopy reference is authoritative
9cb6c579761dea992742,poster,Cargo library,unknown,,unknown,https://freight.cargo.site/t/original/i/B3023108986146067293163489900345/Logo-symbol_Animation_EVIIVE-cargo.jpg,https://freight.cargo.site/t/original/i/B3023108986146067293163489900345/Logo-symbol_Animation_EVIIVE-cargo.jpg,derived from Cargo media hash and filename; not observed in Phase 1 delivery,B3023108986146067293163489900345,Logo-symbol_Animation_EVIIVE-cargo.jpg,original,,2160,2160,unknown,unknown,unknown,unknown,unknown,jpg,image/jpg,no,none,none (unreferenced),false,none,docs/audits/2026-07-20T175853-0400-round-80/local/source-manifest.tsv: no unambiguous source match exists in the frozen Phase 1 source manifest,unknown,docs/audits/2026-07-20T175853-0400-round-80/cargo-draft/media-inventory.tsv,medium,no unambiguous source match exists in the frozen Phase 1 source manifest; JPEG has no alpha channel; Cargo library in_use=False; bodycopy reference is authoritative
4befdb005746cc2437ae,poster,Cargo library,unknown,,unknown,https://freight.cargo.site/t/original/i/V3028308667333826001811343456057/Loop-Card_3D-Animation-cargo-h264.jpg,https://freight.cargo.site/t/original/i/V3028308667333826001811343456057/Loop-Card_3D-Animation-cargo-h264.jpg,derived from Cargo media hash and filename; not observed in Phase 1 delivery,V3028308667333826001811343456057,Loop-Card_3D-Animation-cargo-h264.jpg,original,,1664,1248,unknown,unknown,unknown,unknown,unknown,jpg,image/jpg,no,none,none (unreferenced),false,none,docs/audits/2026-07-20T175853-0400-round-80/local/source-manifest.tsv: no unambiguous source match exists in the frozen Phase 1 source manifest,unknown,docs/audits/2026-07-20T175853-0400-round-80/cargo-draft/media-inventory.tsv,medium,no unambiguous source match exists in the frozen Phase 1 source manifest; JPEG has no alpha channel; Cargo library in_use=False; bodycopy reference is authoritative
222840a38586c15d4326,poster,Cargo library,unknown,,unknown,https://freight.cargo.site/t/original/i/Y3025368796024868063804104685369/Loop-Card_3D-Animation-cargo.jpg,https://freight.cargo.site/t/original/i/Y3025368796024868063804104685369/Loop-Card_3D-Animation-cargo.jpg,derived from Cargo media hash and filename; not observed in Phase 1 delivery,Y3025368796024868063804104685369,Loop-Card_3D-Animation-cargo.jpg,original,,1664,1248,unknown,unknown,unknown,unknown,unknown,jpg,image/jpg,no,none,none (unreferenced),false,none,docs/audits/2026-07-20T175853-0400-round-80/local/source-manifest.tsv: no unambiguous source match exists in the frozen Phase 1 source manifest,unknown,docs/audits/2026-07-20T175853-0400-round-80/cargo-draft/media-inventory.tsv,medium,no unambiguous source match exists in the frozen Phase 1 source manifest; JPEG has no alpha channel; Cargo library in_use=False; bodycopy reference is authoritative
5bd2c8dd15bf83ceeae2,poster,Cargo library,unknown,,unknown,https://freight.cargo.site/t/original/i/I3025368770051852408021056010041/Loop-Wrapped_Animated-illustration-cargo-alpha.jpg,https://freight.cargo.site/t/original/i/I3025368770051852408021056010041/Loop-Wrapped_Animated-illustration-cargo-alpha.jpg,derived from Cargo media hash and filename; not observed in Phase 1 delivery,I3025368770051852408021056010041,Loop-Wrapped_Animated-illustration-cargo-alpha.jpg,original,,1248,1664,unknown,unknown,unknown,unknown,unknown,jpg,image/jpg,no,none,none (unreferenced),false,none,docs/audits/2026-07-20T175853-0400-round-80/local/source-manifest.tsv: no unambiguous source match exists in the frozen Phase 1 source manifest,unknown,docs/audits/2026-07-20T175853-0400-round-80/cargo-draft/media-inventory.tsv,medium,no unambiguous source match exists in the frozen Phase 1 source manifest; JPEG has no alpha channel; Cargo library in_use=False; bodycopy reference is authoritative
b44737e94e6aa962fd82,poster,Cargo library,unknown,,unknown,https://freight.cargo.site/t/original/i/L3028473498824239187942223427385/mandy-hf-alpha-v2.jpg,https://freight.cargo.site/t/original/i/L3028473498824239187942223427385/mandy-hf-alpha-v2.jpg,derived from Cargo media hash and filename; not observed in Phase 1 delivery,L3028473498824239187942223427385,mandy-hf-alpha-v2.jpg,original,,1392,900,unknown,unknown,unknown,unknown,unknown,jpg,image/jpg,no,none,none (unreferenced),false,none,docs/audits/2026-07-20T175853-0400-round-80/local/source-manifest.tsv: no unambiguous source match exists in the frozen Phase 1 source manifest,unknown,docs/audits/2026-07-20T175853-0400-round-80/cargo-draft/media-inventory.tsv,medium,no unambiguous source match exists in the frozen Phase 1 source manifest; JPEG has no alpha channel; Cargo library in_use=False; bodycopy reference is authoritative
025854d41c2851c3b2a8,poster,Cargo library,unknown,,unknown,https://freight.cargo.site/t/original/i/O3028483082295167105602188523321/mandy-hf-alpha-v2.jpg,https://freight.cargo.site/t/original/i/O3028483082295167105602188523321/mandy-hf-alpha-v2.jpg,derived from Cargo media hash and filename; not observed in Phase 1 delivery,O3028483082295167105602188523321,mandy-hf-alpha-v2.jpg,original,,1392,900,unknown,unknown,unknown,unknown,unknown,jpg,image/jpg,no,none,none (unreferenced),false,none,docs/audits/2026-07-20T175853-0400-round-80/local/source-manifest.tsv: no unambiguous source match exists in the frozen Phase 1 source manifest,unknown,docs/audits/2026-07-20T175853-0400-round-80/cargo-draft/media-inventory.tsv,medium,no unambiguous source match exists in the frozen Phase 1 source manifest; JPEG has no alpha channel; Cargo library in_use=False; bodycopy reference is authoritative
c9682c1184dd843ab844,poster,Cargo library,unknown,,unknown,https://freight.cargo.site/t/original/i/T3028474690502353093652967372601/mandy-hf-alpha-v2.jpg,https://freight.cargo.site/t/original/i/T3028474690502353093652967372601/mandy-hf-alpha-v2.jpg,derived from Cargo media hash and filename; not observed in Phase 1 delivery,T3028474690502353093652967372601,mandy-hf-alpha-v2.jpg,original,,1392,900,unknown,unknown,unknown,unknown,unknown,jpg,image/jpg,no,none,none (unreferenced),false,none,docs/audits/2026-07-20T175853-0400-round-80/local/source-manifest.tsv: no unambiguous source match exists in the frozen Phase 1 source manifest,unknown,docs/audits/2026-07-20T175853-0400-round-80/cargo-draft/media-inventory.tsv,medium,no unambiguous source match exists in the frozen Phase 1 source manifest; JPEG has no alpha channel; Cargo library in_use=False; bodycopy reference is authoritative
d028e01da91dcb45b0a5,poster,Cargo library,unknown,,unknown,https://freight.cargo.site/t/original/i/R3028308579195282817627105834809/Mockup_Video-Truck_V7-cargo-small-h264.jpg,https://freight.cargo.site/t/original/i/R3028308579195282817627105834809/Mockup_Video-Truck_V7-cargo-small-h264.jpg,derived from Cargo media hash and filename; not observed in Phase 1 delivery,R3028308579195282817627105834809,Mockup_Video-Truck_V7-cargo-small-h264.jpg,original,,1280,960,unknown,unknown,unknown,unknown,unknown,jpg,image/jpg,no,none,none (unreferenced),false,none,docs/audits/2026-07-20T175853-0400-round-80/local/source-manifest.tsv: no unambiguous source match exists in the frozen Phase 1 source manifest,unknown,docs/audits/2026-07-20T175853-0400-round-80/cargo-draft/media-inventory.tsv,medium,no unambiguous source match exists in the frozen Phase 1 source manifest; JPEG has no alpha channel; Cargo library in_use=False; bodycopy reference is authoritative
fb7c961c0a00c23e61ab,poster,Cargo library,unknown,,unknown,https://freight.cargo.site/t/original/i/Z3025156323401361049100225132345/Mockup_Video-Truck_V7-cargo-small.jpg,https://freight.cargo.site/t/original/i/Z3025156323401361049100225132345/Mockup_Video-Truck_V7-cargo-small.jpg,derived from Cargo media hash and filename; not observed in Phase 1 delivery,Z3025156323401361049100225132345,Mockup_Video-Truck_V7-cargo-small.jpg,original,,1280,960,unknown,unknown,unknown,unknown,unknown,jpg,image/jpg,no,none,none (unreferenced),false,none,docs/audits/2026-07-20T175853-0400-round-80/local/source-manifest.tsv: no unambiguous source match exists in the frozen Phase 1 source manifest,unknown,docs/audits/2026-07-20T175853-0400-round-80/cargo-draft/media-inventory.tsv,medium,no unambiguous source match exists in the frozen Phase 1 source manifest; JPEG has no alpha channel; Cargo library in_use=False; bodycopy reference is authoritative
fc8d5dbee1b1f567b95d,poster,Cargo library,unknown,,unknown,https://freight.cargo.site/t/original/i/A3027041725046806774273750382393/montran-booklet-poster.jpg,https://freight.cargo.site/t/original/i/A3027041725046806774273750382393/montran-booklet-poster.jpg,derived from Cargo media hash and filename; not observed in Phase 1 delivery,A3027041725046806774273750382393,montran-booklet-poster.jpg,original,,2022,1008,unknown,unknown,unknown,unknown,unknown,jpg,image/jpeg,no,none,none (unreferenced),false,none,docs/audits/2026-07-20T175853-0400-round-80/local/source-manifest.tsv: no unambiguous source match exists in the frozen Phase 1 source manifest,unknown,docs/audits/2026-07-20T175853-0400-round-80/cargo-draft/media-inventory.tsv,medium,no unambiguous source match exists in the frozen Phase 1 source manifest; JPEG has no alpha channel; Cargo library in_use=False; bodycopy reference is authoritative
9f4f0c388c5b032dbbfe,poster,Cargo library,unknown,,unknown,https://freight.cargo.site/t/original/i/T3026651797456982052518628996921/montran-icon-animation.jpg,https://freight.cargo.site/t/original/i/T3026651797456982052518628996921/montran-icon-animation.jpg,derived from Cargo media hash and filename; not observed in Phase 1 delivery,T3026651797456982052518628996921,montran-icon-animation.jpg,original,,1280,1280,unknown,unknown,unknown,unknown,unknown,jpg,image/jpg,no,none,none (unreferenced),false,none,docs/audits/2026-07-20T175853-0400-round-80/local/source-manifest.tsv: no unambiguous source match exists in the frozen Phase 1 source manifest,unknown,docs/audits/2026-07-20T175853-0400-round-80/cargo-draft/media-inventory.tsv,medium,no unambiguous source match exists in the frozen Phase 1 source manifest; JPEG has no alpha channel; Cargo library in_use=False; bodycopy reference is authoritative
37fa0a52e57086b49305,poster,Cargo library,unknown,,unknown,https://freight.cargo.site/t/original/i/W3026651812509525216665623115577/Montran_CSD_RS_EN-noaudio.jpg,https://freight.cargo.site/t/original/i/W3026651812509525216665623115577/Montran_CSD_RS_EN-noaudio.jpg,derived from Cargo media hash and filename; not observed in Phase 1 delivery,W3026651812509525216665623115577,Montran_CSD_RS_EN-noaudio.jpg,original,,1080,1350,unknown,unknown,unknown,unknown,unknown,jpg,image/jpg,no,none,none (unreferenced),false,none,docs/audits/2026-07-20T175853-0400-round-80/local/source-manifest.tsv: no unambiguous source match exists in the frozen Phase 1 source manifest,unknown,docs/audits/2026-07-20T175853-0400-round-80/cargo-draft/media-inventory.tsv,medium,no unambiguous source match exists in the frozen Phase 1 source manifest; JPEG has no alpha channel; Cargo library in_use=False; bodycopy reference is authoritative
a6722a7e55029b01bae0,poster,Cargo library,unknown,,unknown,https://freight.cargo.site/t/original/i/S3028308549182430209701665355577/OOH_Train-Station_Video-Slide-cargo-small-h264.jpg,https://freight.cargo.site/t/original/i/S3028308549182430209701665355577/OOH_Train-Station_Video-Slide-cargo-small-h264.jpg,derived from Cargo media hash and filename; not observed in Phase 1 delivery,S3028308549182430209701665355577,OOH_Train-Station_Video-Slide-cargo-small-h264.jpg,original,,1600,1062,unknown,unknown,unknown,unknown,unknown,jpg,image/jpg,no,none,none (unreferenced),false,none,docs/audits/2026-07-20T175853-0400-round-80/local/source-manifest.tsv: no unambiguous source match exists in the frozen Phase 1 source manifest,unknown,docs/audits/2026-07-20T175853-0400-round-80/cargo-draft/media-inventory.tsv,medium,no unambiguous source match exists in the frozen Phase 1 source manifest; JPEG has no alpha channel; Cargo library in_use=False; bodycopy reference is authoritative
6b6f9d21ac6e617f9d6a,poster,Cargo library,unknown,,unknown,https://freight.cargo.site/t/original/i/F3025151378087529304601370605369/OOH_Train-Station_Video-Slide-cargo-small.jpg,https://freight.cargo.site/t/original/i/F3025151378087529304601370605369/OOH_Train-Station_Video-Slide-cargo-small.jpg,derived from Cargo media hash and filename; not observed in Phase 1 delivery,F3025151378087529304601370605369,OOH_Train-Station_Video-Slide-cargo-small.jpg,original,,1600,1062,unknown,unknown,unknown,unknown,unknown,jpg,image/jpg,no,none,none (unreferenced),false,none,docs/audits/2026-07-20T175853-0400-round-80/local/source-manifest.tsv: no unambiguous source match exists in the frozen Phase 1 source manifest,unknown,docs/audits/2026-07-20T175853-0400-round-80/cargo-draft/media-inventory.tsv,medium,no unambiguous source match exists in the frozen Phase 1 source manifest; JPEG has no alpha channel; Cargo library in_use=False; bodycopy reference is authoritative
c32eee6b393874a4f1c1,poster,Cargo library,unknown,,unknown,https://freight.cargo.site/t/original/i/R3033713149476272862687331399481/profile-cch.jpg,https://freight.cargo.site/t/original/i/R3033713149476272862687331399481/profile-cch.jpg,derived from Cargo media hash and filename; not observed in Phase 1 delivery,R3033713149476272862687331399481,profile-cch.jpg,original,,1200,1500,unknown,unknown,unknown,unknown,unknown,jpg,image/jpg,no,none,none (unreferenced),false,none,docs/audits/2026-07-20T175853-0400-round-80/local/source-manifest.tsv: no unambiguous source match exists in the frozen Phase 1 source manifest,unknown,docs/audits/2026-07-20T175853-0400-round-80/cargo-draft/media-inventory.tsv,medium,no unambiguous source match exists in the frozen Phase 1 source manifest; JPEG has no alpha channel; Cargo library in_use=False; bodycopy reference is authoritative
effeb04c2d2848b57842,poster,Cargo library,unknown,,unknown,https://freight.cargo.site/t/original/i/E3033698590162151758539203852089/profile-chy-poster.jpg,https://freight.cargo.site/t/original/i/E3033698590162151758539203852089/profile-chy-poster.jpg,derived from Cargo media hash and filename; not observed in Phase 1 delivery,E3033698590162151758539203852089,profile-chy-poster.jpg,original,,600,750,unknown,unknown,unknown,unknown,unknown,jpg,image/jpeg,no,none,none (unreferenced),false,none,docs/audits/2026-07-20T175853-0400-round-80/local/source-manifest.tsv: no unambiguous source match exists in the frozen Phase 1 source manifest,unknown,docs/audits/2026-07-20T175853-0400-round-80/cargo-draft/media-inventory.tsv,medium,no unambiguous source match exists in the frozen Phase 1 source manifest; JPEG has no alpha channel; Cargo library in_use=False; bodycopy reference is authoritative
43b144f607183b04c400,poster,Cargo library,unknown,,unknown,https://freight.cargo.site/t/original/i/S3033696405514251109117005969209/profile-chy-poster.jpg,https://freight.cargo.site/t/original/i/S3033696405514251109117005969209/profile-chy-poster.jpg,derived from Cargo media hash and filename; not observed in Phase 1 delivery,S3033696405514251109117005969209,profile-chy-poster.jpg,original,,600,750,unknown,unknown,unknown,unknown,unknown,jpg,image/jpeg,no,none,none (unreferenced),false,none,docs/audits/2026-07-20T175853-0400-round-80/local/source-manifest.tsv: no unambiguous source match exists in the frozen Phase 1 source manifest,unknown,docs/audits/2026-07-20T175853-0400-round-80/cargo-draft/media-inventory.tsv,medium,no unambiguous source match exists in the frozen Phase 1 source manifest; JPEG has no alpha channel; Cargo library in_use=False; bodycopy reference is authoritative
545353bbbb1aaf3e0922,poster,Cargo library,unknown,,unknown,https://freight.cargo.site/t/original/i/Z3033697097396281081741158430521/profile-chy.jpg,https://freight.cargo.site/t/original/i/Z3033697097396281081741158430521/profile-chy.jpg,derived from Cargo media hash and filename; not observed in Phase 1 delivery,Z3033697097396281081741158430521,profile-chy.jpg,original,,1200,1500,unknown,unknown,unknown,unknown,unknown,jpg,image/jpg,no,none,none (unreferenced),false,none,docs/audits/2026-07-20T175853-0400-round-80/local/source-manifest.tsv: no unambiguous source match exists in the frozen Phase 1 source manifest,unknown,docs/audits/2026-07-20T175853-0400-round-80/cargo-draft/media-inventory.tsv,medium,no unambiguous source match exists in the frozen Phase 1 source manifest; JPEG has no alpha channel; Cargo library in_use=False; bodycopy reference is authoritative
fa409ce1ad4a792781c9,poster,Cargo library,unknown,,unknown,https://freight.cargo.site/t/original/i/S3028279591870964925995439142713/purelove-flash.jpg,https://freight.cargo.site/t/original/i/S3028279591870964925995439142713/purelove-flash.jpg,derived from Cargo media hash and filename; not observed in Phase 1 delivery,S3028279591870964925995439142713,purelove-flash.jpg,original,,1200,1600,unknown,unknown,unknown,unknown,unknown,jpg,image/jpg,no,none,none (unreferenced),false,none,docs/audits/2026-07-20T175853-0400-round-80/local/source-manifest.tsv: no unambiguous source match exists in the frozen Phase 1 source manifest,unknown,docs/audits/2026-07-20T175853-0400-round-80/cargo-draft/media-inventory.tsv,medium,no unambiguous source match exists in the frozen Phase 1 source manifest; JPEG has no alpha channel; Cargo library in_use=False; bodycopy reference is authoritative
3e29c8b3e6fd93e2285b,poster,Cargo library,unknown,,unknown,https://freight.cargo.site/t/original/i/O3028308756044218252280577177401/randompics-slideshow-h264.jpg,https://freight.cargo.site/t/original/i/O3028308756044218252280577177401/randompics-slideshow-h264.jpg,derived from Cargo media hash and filename; not observed in Phase 1 delivery,O3028308756044218252280577177401,randompics-slideshow-h264.jpg,original,,864,1334,unknown,unknown,unknown,unknown,unknown,jpg,image/jpg,no,none,none (unreferenced),false,none,docs/audits/2026-07-20T175853-0400-round-80/local/source-manifest.tsv: no unambiguous source match exists in the frozen Phase 1 source manifest,unknown,docs/audits/2026-07-20T175853-0400-round-80/cargo-draft/media-inventory.tsv,medium,no unambiguous source match exists in the frozen Phase 1 source manifest; JPEG has no alpha channel; Cargo library in_use=False; bodycopy reference is authoritative
e1d6f1556f2750984abf,poster,Cargo library,unknown,,unknown,https://freight.cargo.site/t/original/i/I3028244217748893137979425994553/randompics-slideshow.jpg,https://freight.cargo.site/t/original/i/I3028244217748893137979425994553/randompics-slideshow.jpg,derived from Cargo media hash and filename; not observed in Phase 1 delivery,I3028244217748893137979425994553,randompics-slideshow.jpg,original,,900,1390,unknown,unknown,unknown,unknown,unknown,jpg,image/jpg,no,none,none (unreferenced),false,none,docs/audits/2026-07-20T175853-0400-round-80/local/source-manifest.tsv: no unambiguous source match exists in the frozen Phase 1 source manifest,unknown,docs/audits/2026-07-20T175853-0400-round-80/cargo-draft/media-inventory.tsv,medium,no unambiguous source match exists in the frozen Phase 1 source manifest; JPEG has no alpha channel; Cargo library in_use=False; bodycopy reference is authoritative
50123ff9d243a606b0c1,poster,Cargo library,unknown,,unknown,https://freight.cargo.site/t/original/i/H3028308621788814883822460516153/SATAIC-transformation-Comp-cargo-small-h264.jpg,https://freight.cargo.site/t/original/i/H3028308621788814883822460516153/SATAIC-transformation-Comp-cargo-small-h264.jpg,derived from Cargo media hash and filename; not observed in Phase 1 delivery,H3028308621788814883822460516153,SATAIC-transformation-Comp-cargo-small-h264.jpg,original,,1080,1440,unknown,unknown,unknown,unknown,unknown,jpg,image/jpg,no,none,none (unreferenced),false,none,docs/audits/2026-07-20T175853-0400-round-80/local/source-manifest.tsv: no unambiguous source match exists in the frozen Phase 1 source manifest,unknown,docs/audits/2026-07-20T175853-0400-round-80/cargo-draft/media-inventory.tsv,medium,no unambiguous source match exists in the frozen Phase 1 source manifest; JPEG has no alpha channel; Cargo library in_use=False; bodycopy reference is authoritative
022da5c0f424ecd7ba7a,poster,Cargo library,unknown,,unknown,https://freight.cargo.site/t/original/i/F3025157079570294118602164975417/SATAIC-transformation-Comp-cargo-small.jpg,https://freight.cargo.site/t/original/i/F3025157079570294118602164975417/SATAIC-transformation-Comp-cargo-small.jpg,derived from Cargo media hash and filename; not observed in Phase 1 delivery,F3025157079570294118602164975417,SATAIC-transformation-Comp-cargo-small.jpg,original,,1080,1440,unknown,unknown,unknown,unknown,unknown,jpg,image/jpg,no,none,none (unreferenced),false,none,docs/audits/2026-07-20T175853-0400-round-80/local/source-manifest.tsv: no unambiguous source match exists in the frozen Phase 1 source manifest,unknown,docs/audits/2026-07-20T175853-0400-round-80/cargo-draft/media-inventory.tsv,medium,no unambiguous source match exists in the frozen Phase 1 source manifest; JPEG has no alpha channel; Cargo library in_use=False; bodycopy reference is authoritative
1acec2559e0613d1c142,poster,Cargo library,unknown,,unknown,https://freight.cargo.site/t/original/i/F3031232748377430797032075343673/touchbaes-game-poster.png,https://freight.cargo.site/t/original/i/F3031232748377430797032075343673/touchbaes-game-poster.png,derived from Cargo media hash and filename; not observed in Phase 1 delivery,F3031232748377430797032075343673,touchbaes-game-poster.png,original,,780,945,unknown,unknown,unknown,unknown,unknown,png,image/png,unknown,none,none (unreferenced),false,none,docs/audits/2026-07-20T175853-0400-round-80/local/source-manifest.tsv: no unambiguous source match exists in the frozen Phase 1 source manifest,unknown,docs/audits/2026-07-20T175853-0400-round-80/cargo-draft/media-inventory.tsv,medium,no unambiguous source match exists in the frozen Phase 1 source manifest; alpha channel was not decoded in Phase 1; Cargo library in_use=False; bodycopy reference is authoritative
cff6e2a4e92e17f186a5,poster,Cargo library,unknown,,unknown,https://freight.cargo.site/t/original/i/E3028308652613324230991121266489/v3_Loop-Wrapped_Animated-illustration-cargo-small-h264.jpg,https://freight.cargo.site/t/original/i/E3028308652613324230991121266489/v3_Loop-Wrapped_Animated-illustration-cargo-small-h264.jpg,derived from Cargo media hash and filename; not observed in Phase 1 delivery,E3028308652613324230991121266489,v3_Loop-Wrapped_Animated-illustration-cargo-small-h264.jpg,original,,1440,1440,unknown,unknown,unknown,unknown,unknown,jpg,image/jpg,no,none,none (unreferenced),false,none,docs/audits/2026-07-20T175853-0400-round-80/local/source-manifest.tsv: no unambiguous source match exists in the frozen Phase 1 source manifest,unknown,docs/audits/2026-07-20T175853-0400-round-80/cargo-draft/media-inventory.tsv,medium,no unambiguous source match exists in the frozen Phase 1 source manifest; JPEG has no alpha channel; Cargo library in_use=False; bodycopy reference is authoritative
af9c0ddaabfe5adda45a,poster,Cargo library,unknown,,unknown,https://freight.cargo.site/t/original/i/K3026322106012829574523030910777/v3_Loop-Wrapped_Animated-illustration-cargo-small.jpg,https://freight.cargo.site/t/original/i/K3026322106012829574523030910777/v3_Loop-Wrapped_Animated-illustration-cargo-small.jpg,derived from Cargo media hash and filename; not observed in Phase 1 delivery,K3026322106012829574523030910777,v3_Loop-Wrapped_Animated-illustration-cargo-small.jpg,original,,1440,1440,unknown,unknown,unknown,unknown,unknown,jpg,image/jpg,no,none,none (unreferenced),false,none,docs/audits/2026-07-20T175853-0400-round-80/local/source-manifest.tsv: no unambiguous source match exists in the frozen Phase 1 source manifest,unknown,docs/audits/2026-07-20T175853-0400-round-80/cargo-draft/media-inventory.tsv,medium,no unambiguous source match exists in the frozen Phase 1 source manifest; JPEG has no alpha channel; Cargo library in_use=False; bodycopy reference is authoritative
ddcd3044326c64f678a5,poster,Cargo library,unknown,,unknown,https://freight.cargo.site/t/original/i/F3022811116460693352640712062777/video-small.jpg,https://freight.cargo.site/t/original/i/F3022811116460693352640712062777/video-small.jpg,derived from Cargo media hash and filename; not observed in Phase 1 delivery,F3022811116460693352640712062777,video-small.jpg,original,,960,960,unknown,unknown,unknown,unknown,unknown,jpg,image/jpg,no,none,none (unreferenced),false,none,docs/audits/2026-07-20T175853-0400-round-80/local/source-manifest.tsv: no unambiguous source match exists in the frozen Phase 1 source manifest,unknown,docs/audits/2026-07-20T175853-0400-round-80/cargo-draft/media-inventory.tsv,medium,no unambiguous source match exists in the frozen Phase 1 source manifest; JPEG has no alpha channel; Cargo library in_use=False; bodycopy reference is authoritative
301b93a6f1e4a736ffbb,poster,Cargo library,unknown,,unknown,https://freight.cargo.site/t/original/i/U3028243508969645593837324252985/wtw-grid-animation.jpg,https://freight.cargo.site/t/original/i/U3028243508969645593837324252985/wtw-grid-animation.jpg,derived from Cargo media hash and filename; not observed in Phase 1 delivery,U3028243508969645593837324252985,wtw-grid-animation.jpg,original,,1920,1080,unknown,unknown,unknown,unknown,unknown,jpg,image/jpg,no,none,none (unreferenced),false,none,docs/audits/2026-07-20T175853-0400-round-80/local/source-manifest.tsv: no unambiguous source match exists in the frozen Phase 1 source manifest,unknown,docs/audits/2026-07-20T175853-0400-round-80/cargo-draft/media-inventory.tsv,medium,no unambiguous source match exists in the frozen Phase 1 source manifest; JPEG has no alpha channel; Cargo library in_use=False; bodycopy reference is authoritative
f4911c58321c782a42b2,poster,Cargo library,unknown,,unknown,https://freight.cargo.site/t/original/i/O3028243518506612279945162438457/wtw-grid-image.jpg,https://freight.cargo.site/t/original/i/O3028243518506612279945162438457/wtw-grid-image.jpg,derived from Cargo media hash and filename; not observed in Phase 1 delivery,O3028243518506612279945162438457,wtw-grid-image.jpg,original,,1080,1080,unknown,unknown,unknown,unknown,unknown,jpg,image/jpg,no,none,none (unreferenced),false,none,docs/audits/2026-07-20T175853-0400-round-80/local/source-manifest.tsv: no unambiguous source match exists in the frozen Phase 1 source manifest,unknown,docs/audits/2026-07-20T175853-0400-round-80/cargo-draft/media-inventory.tsv,medium,no unambiguous source match exists in the frozen Phase 1 source manifest; JPEG has no alpha channel; Cargo library in_use=False; bodycopy reference is authoritative
20673d106435d31f1582,poster,Cargo library,unknown,,unknown,https://freight.cargo.site/t/original/i/Z3028243833208066177430113007417/wtw-grid-logo.jpg,https://freight.cargo.site/t/original/i/Z3028243833208066177430113007417/wtw-grid-logo.jpg,derived from Cargo media hash and filename; not observed in Phase 1 delivery,Z3028243833208066177430113007417,wtw-grid-logo.jpg,original,,1080,1080,unknown,unknown,unknown,unknown,unknown,jpg,image/jpg,no,none,none (unreferenced),false,none,docs/audits/2026-07-20T175853-0400-round-80/local/source-manifest.tsv: no unambiguous source match exists in the frozen Phase 1 source manifest,unknown,docs/audits/2026-07-20T175853-0400-round-80/cargo-draft/media-inventory.tsv,medium,no unambiguous source match exists in the frozen Phase 1 source manifest; JPEG has no alpha channel; Cargo library in_use=False; bodycopy reference is authoritative
eb1527b6c676d4454dc2,poster,Cargo library,unknown,,unknown,https://freight.cargo.site/t/original/i/Q3028243857133493241031401453369/wtw-wordmark.jpg,https://freight.cargo.site/t/original/i/Q3028243857133493241031401453369/wtw-wordmark.jpg,derived from Cargo media hash and filename; not observed in Phase 1 delivery,Q3028243857133493241031401453369,wtw-wordmark.jpg,original,,1600,1600,unknown,unknown,unknown,unknown,unknown,jpg,image/jpg,no,none,none (unreferenced),false,none,docs/audits/2026-07-20T175853-0400-round-80/local/source-manifest.tsv: no unambiguous source match exists in the frozen Phase 1 source manifest,unknown,docs/audits/2026-07-20T175853-0400-round-80/cargo-draft/media-inventory.tsv,medium,no unambiguous source match exists in the frozen Phase 1 source manifest; JPEG has no alpha channel; Cargo library in_use=False; bodycopy reference is authoritative
2a130188bbc9d3c84163,poster,home,anyday,anyday-01,unknown,https://freight.cargo.site/t/original/i/P3031232402132044533503791511353/16-anyday-logo-slideshow-v3-h264-poster.jpg,https://freight.cargo.site/t/original/i/P3031232402132044533503791511353/16-anyday-logo-slideshow-v3-h264-poster.jpg,observed in the Phase 1 Freight probe or captured bodycopy,P3031232402132044533503791511353,16-anyday-logo-slideshow-v3-h264-poster.jpg,original,,1600,1069,565,376,1004.438,668.438,1.23x of measured requirement (width-limited; max observed DPR 3),jpg,image/jpeg,no,poster for https://freight.cargo.site/t/original/i/E3028308676907686176066600744761/anyday-logo-slideshow-v3-h264.mp4,near,true,home:video[data-poster]/original; home:video[poster]/original,docs/audits/2026-07-20T175853-0400-round-80/local/source-manifest.tsv: no unambiguous source match exists in the frozen Phase 1 source manifest,unknown,docs/audits/2026-07-20T175853-0400-round-80/cargo-draft/media-inventory.tsv; docs/audits/2026-07-20T175853-0400-round-80/freight/asset-manifest.csv,high,no unambiguous source match exists in the frozen Phase 1 source manifest; decoded pixel format yuvj420p; Cargo library in_use=False; bodycopy reference is authoritative; rendered maxima imported from audit/assets/rendered-media-measurements.json
9bce19590bace6085943,poster,home,anyday,anyday-02,unknown,https://freight.cargo.site/t/original/i/T3031232431296346914038592616249/17-anyday-money-moments-h264-poster.jpg,https://freight.cargo.site/t/original/i/T3031232431296346914038592616249/17-anyday-money-moments-h264-poster.jpg,observed in the Phase 1 Freight probe or captured bodycopy,T3031232431296346914038592616249,17-anyday-money-moments-h264-poster.jpg,original,,1440,1440,308,308,593.906,593.906,1.21x of measured requirement (width-limited; max observed DPR 3),jpg,image/jpeg,no,poster for https://freight.cargo.site/t/original/i/L3028308691757315155402789795641/anyday-money-moments-h264.mp4,near,true,home:video[data-poster]/original; home:video[poster]/original,docs/audits/2026-07-20T175853-0400-round-80/local/source-manifest.tsv: no unambiguous source match exists in the frozen Phase 1 source manifest,unknown,docs/audits/2026-07-20T175853-0400-round-80/cargo-draft/media-inventory.tsv; docs/audits/2026-07-20T175853-0400-round-80/freight/asset-manifest.csv,high,no unambiguous source match exists in the frozen Phase 1 source manifest; decoded pixel format yuvj420p; Cargo library in_use=False; bodycopy reference is authoritative; rendered maxima imported from audit/assets/rendered-media-measurements.json
69053419fa5e6a6644a7,poster,home,anyday,anyday-03,unknown,https://freight.cargo.site/t/original/i/R3031232462416004166386606192441/18-anyday-hotel-report-h264-poster.jpg,https://freight.cargo.site/t/original/i/R3031232462416004166386606192441/18-anyday-hotel-report-h264-poster.jpg,observed in the Phase 1 Freight probe or captured bodycopy,R3031232462416004166386606192441,18-anyday-hotel-report-h264-poster.jpg,original,,1600,1600,504,504,896,896,1.35x of measured requirement (width-limited; max observed DPR 3),jpg,image/jpeg,no,poster for https://freight.cargo.site/t/original/i/G3028308706570050646591559743289/anyday-hotel-report-h264.mp4,near,true,home:video[data-poster]/original; home:video[poster]/original,docs/audits/2026-07-20T175853-0400-round-80/local/source-manifest.tsv: no unambiguous source match exists in the frozen Phase 1 source manifest,unknown,docs/audits/2026-07-20T175853-0400-round-80/cargo-draft/media-inventory.tsv; docs/audits/2026-07-20T175853-0400-round-80/freight/asset-manifest.csv,high,no unambiguous source match exists in the frozen Phase 1 source manifest; decoded pixel format yuvj420p; Cargo library in_use=False; bodycopy reference is authoritative; rendered maxima imported from audit/assets/rendered-media-measurements.json
564cf8aed65dd68e2b71,poster,home,anyday,anyday-05,unknown,https://freight.cargo.site/t/original/i/M3031232490676416087309639268153/19-anyday-scroller-h264-poster.jpg,https://freight.cargo.site/t/original/i/M3031232490676416087309639268153/19-anyday-scroller-h264-poster.jpg,observed in the Phase 1 Freight probe or captured bodycopy,M3031232490676416087309639268153,19-anyday-scroller-h264-poster.jpg,original,,704,938,351.9,469.2,625.594,834.125,0.64x of measured requirement (height-limited; max observed DPR 3),jpg,image/jpeg,no,poster for https://freight.cargo.site/t/original/i/I3028308721419679625927748794169/anyday-scroller-h264.mp4,near,true,home:video[data-poster]/original; home:video[poster]/original,docs/audits/2026-07-20T175853-0400-round-80/local/source-manifest.tsv: no unambiguous source match exists in the frozen Phase 1 source manifest,unknown,docs/audits/2026-07-20T175853-0400-round-80/cargo-draft/media-inventory.tsv; docs/audits/2026-07-20T175853-0400-round-80/freight/asset-manifest.csv,high,no unambiguous source match exists in the frozen Phase 1 source manifest; decoded pixel format yuvj420p; Cargo library in_use=False; bodycopy reference is authoritative; rendered maxima imported from audit/assets/rendered-media-measurements.json
5d8cc216503bd79cdf95,poster,home,curate,curate-02,unknown,https://freight.cargo.site/t/original/i/F3031232519896058700065569027897/20-curate-image1-vid-h264-poster.jpg,https://freight.cargo.site/t/original/i/F3031232519896058700065569027897/20-curate-image1-vid-h264-poster.jpg,observed in the Phase 1 Freight probe or captured bodycopy,F3031232519896058700065569027897,20-curate-image1-vid-h264-poster.jpg,original,,1600,900,894,504,1589.328,896,1.00x of measured requirement (height-limited; max observed DPR 3),jpg,image/jpeg,no,poster for https://freight.cargo.site/t/original/i/R3028308736250861861190228293433/curate-image1-vid-h264.mp4,near,true,home:video[data-poster]/original; home:video[poster]/original,docs/audits/2026-07-20T175853-0400-round-80/local/source-manifest.tsv: no unambiguous source match exists in the frozen Phase 1 source manifest,unknown,docs/audits/2026-07-20T175853-0400-round-80/cargo-draft/media-inventory.tsv; docs/audits/2026-07-20T175853-0400-round-80/freight/asset-manifest.csv,high,no unambiguous source match exists in the frozen Phase 1 source manifest; decoded pixel format yuvj420p; Cargo library in_use=False; bodycopy reference is authoritative; rendered maxima imported from audit/assets/rendered-media-measurements.json
5d34e0a6d37ff467415f,poster,home,deadgood,deadgood-03,unknown,https://freight.cargo.site/t/original/i/N3031232606872457007606104897337/23-dg-slides-poster.jpg,https://freight.cargo.site/t/original/i/N3031232606872457007606104897337/23-dg-slides-poster.jpg,observed in the Phase 1 Freight probe or captured bodycopy,N3031232606872457007606104897337,23-dg-slides-poster.jpg,original,,1004,874,579,504,1029.328,896,0.77x of measured requirement (width-limited; max observed DPR 3),jpg,image/jpeg,no,poster for https://freight.cargo.site/t/original/i/W3028244200907015798682605369145/dg-slides.mp4,near,true,home:video[data-poster]/original; home:video[poster]/original,docs/audits/2026-07-20T175853-0400-round-80/local/source-manifest.tsv: no unambiguous source match exists in the frozen Phase 1 source manifest,unknown,docs/audits/2026-07-20T175853-0400-round-80/cargo-draft/media-inventory.tsv; docs/audits/2026-07-20T175853-0400-round-80/freight/asset-manifest.csv,high,no unambiguous source match exists in the frozen Phase 1 source manifest; decoded pixel format yuvj420p; Cargo library in_use=False; bodycopy reference is authoritative; rendered maxima imported from audit/assets/rendered-media-measurements.json
cd753c9ef64d0ace6d96,poster,home,eviive,eviive-01,unknown,https://freight.cargo.site/t/original/i/A3031230889628157697836525860665/01-Logo-symbol_Animation_EVIIVE-cargo-h264-poster.jpg,https://freight.cargo.site/t/original/i/A3031230889628157697836525860665/01-Logo-symbol_Animation_EVIIVE-cargo-h264-poster.jpg,observed in the Phase 1 Freight probe or captured bodycopy,A3031230889628157697836525860665,01-Logo-symbol_Animation_EVIIVE-cargo-h264-poster.jpg,original,,1600,1600,432,432,768,768,1.35x of measured requirement (width-limited; max observed DPR 3),jpg,image/jpeg,no,poster for https://freight.cargo.site/t/original/i/W3028308513949149028916421769017/Logo-symbol_Animation_EVIIVE-cargo-h264.mp4,critical,true,home:video[data-poster]/original; home:video[poster]/original,docs/audits/2026-07-20T175853-0400-round-80/local/source-manifest.tsv: no unambiguous source match exists in the frozen Phase 1 source manifest,unknown,docs/audits/2026-07-20T175853-0400-round-80/cargo-draft/media-inventory.tsv; docs/audits/2026-07-20T175853-0400-round-80/freight/asset-manifest.csv,high,no unambiguous source match exists in the frozen Phase 1 source manifest; decoded pixel format yuvj420p; Cargo library in_use=False; bodycopy reference is authoritative; rendered maxima imported from audit/assets/rendered-media-measurements.json
8961eadb923ba5092862,poster,home,eviive,eviive-02,unknown,https://freight.cargo.site/t/original/i/V3031232001837698134006521444153/02-6x-images-for-MMS_EVIIVE_Image-5-web-smooth-hq-white-bg-poster.jpg,https://freight.cargo.site/t/original/i/V3031232001837698134006521444153/02-6x-images-for-MMS_EVIIVE_Image-5-web-smooth-hq-white-bg-poster.jpg,observed in the Phase 1 Freight probe or captured bodycopy,V3031232001837698134006521444153,02-6x-images-for-MMS_EVIIVE_Image-5-web-smooth-hq-white-bg-poster.jpg,original,,1600,1600,279,279,593.906,593.906,1.35x of measured requirement (width-limited; max observed DPR 3),jpg,image/jpeg,no,poster for https://freight.cargo.site/t/original/i/F3022813868419761244926460344121/6x-images-for-MMS_EVIIVE_Image-5-web-smooth-hq-white-bg.mp4,critical,true,home:video[data-poster]/original; home:video[poster]/original,docs/audits/2026-07-20T175853-0400-round-80/local/source-manifest.tsv: no unambiguous source match exists in the frozen Phase 1 source manifest,unknown,docs/audits/2026-07-20T175853-0400-round-80/cargo-draft/media-inventory.tsv; docs/audits/2026-07-20T175853-0400-round-80/freight/asset-manifest.csv,high,no unambiguous source match exists in the frozen Phase 1 source manifest; decoded pixel format yuvj420p; Cargo library in_use=False; bodycopy reference is authoritative; rendered maxima imported from audit/assets/rendered-media-measurements.json
f5b35ef00896340dfbec,poster,home,eviive,eviive-05,unknown,https://freight.cargo.site/t/original/i/B3031232030079663310855844968249/03-Final_Navy_EVIIVE-Logo-Animation_Jul-2026-web-hq-1800-h264-poster.jpg,https://freight.cargo.site/t/original/i/B3031232030079663310855844968249/03-Final_Navy_EVIIVE-Logo-Animation_Jul-2026-web-hq-1800-h264-poster.jpg,observed in the Phase 1 Freight probe or captured bodycopy,B3031232030079663310855844968249,03-Final_Navy_EVIIVE-Logo-Animation_Jul-2026-web-hq-1800-h264-poster.jpg,original,,1600,1067,558,372,992,661.328,1.23x of measured requirement (width-limited; max observed DPR 3),jpg,image/jpeg,no,poster for https://freight.cargo.site/t/original/i/B3028308528632757311589224855353/Final_Navy_EVIIVE-Logo-Animation_Jul-2026-web-hq-1800-h264.mp4,near,true,home:video[data-poster]/original; home:video[poster]/original,docs/audits/2026-07-20T175853-0400-round-80/local/source-manifest.tsv: no unambiguous source match exists in the frozen Phase 1 source manifest,unknown,docs/audits/2026-07-20T175853-0400-round-80/cargo-draft/media-inventory.tsv; docs/audits/2026-07-20T175853-0400-round-80/freight/asset-manifest.csv,high,no unambiguous source match exists in the frozen Phase 1 source manifest; decoded pixel format yuvj420p; Cargo library in_use=False; bodycopy reference is authoritative; rendered maxima imported from audit/assets/rendered-media-measurements.json
3f6ee34383f817a085ae,poster,home,loop,loop-02,unknown,https://freight.cargo.site/t/original/i/Y3031232291119538697919709886265/12-v3_Loop-Wrapped_Animated-illustration-cargo-small-h264-poster.jpg,https://freight.cargo.site/t/original/i/Y3031232291119538697919709886265/12-v3_Loop-Wrapped_Animated-illustration-cargo-small-h264-poster.jpg,observed in the Phase 1 Freight probe or captured bodycopy,Y3031232291119538697919709886265,12-v3_Loop-Wrapped_Animated-illustration-cargo-small-h264-poster.jpg,original,,1440,1440,504,504,896,896,1.21x of measured requirement (width-limited; max observed DPR 3),jpg,image/jpeg,no,poster for https://freight.cargo.site/t/original/i/K3028308647282215193689060849465/v3_Loop-Wrapped_Animated-illustration-cargo-small-h264.mp4,near,true,home:video[data-poster]/original; home:video[poster]/original,docs/audits/2026-07-20T175853-0400-round-80/local/source-manifest.tsv: no unambiguous source match exists in the frozen Phase 1 source manifest,unknown,docs/audits/2026-07-20T175853-0400-round-80/cargo-draft/media-inventory.tsv; docs/audits/2026-07-20T175853-0400-round-80/freight/asset-manifest.csv,high,no unambiguous source match exists in the frozen Phase 1 source manifest; decoded pixel format yuvj420p; Cargo library in_use=False; bodycopy reference is authoritative; rendered maxima imported from audit/assets/rendered-media-measurements.json
7d60704dc471ce0464f4,poster,home,loop,loop-03,unknown,https://freight.cargo.site/t/original/i/P3031232318789654808484037310265/13-Loop-Card_3D-Animation-cargo-h264-poster.jpg,https://freight.cargo.site/t/original/i/P3031232318789654808484037310265/13-Loop-Card_3D-Animation-cargo-h264-poster.jpg,observed in the Phase 1 Freight probe or captured bodycopy,P3031232318789654808484037310265,13-Loop-Card_3D-Animation-cargo-h264-poster.jpg,original,,1600,1200,472,354,839.109,629.328,1.23x of measured requirement (width-limited; max observed DPR 3),jpg,image/jpeg,no,poster for https://freight.cargo.site/t/original/i/S3028308662094950684877830797113/Loop-Card_3D-Animation-cargo-h264.mp4,near,true,home:video[data-poster]/original; home:video[poster]/original,docs/audits/2026-07-20T175853-0400-round-80/local/source-manifest.tsv: no unambiguous source match exists in the frozen Phase 1 source manifest,unknown,docs/audits/2026-07-20T175853-0400-round-80/cargo-draft/media-inventory.tsv; docs/audits/2026-07-20T175853-0400-round-80/freight/asset-manifest.csv,high,no unambiguous source match exists in the frozen Phase 1 source manifest; decoded pixel format yuvj420p; Cargo library in_use=False; bodycopy reference is authoritative; rendered maxima imported from audit/assets/rendered-media-measurements.json
657aff34ac5010b8bfd4,poster,home,mandy,mandy-01,unknown,https://freight.cargo.site/t/original/i/C3031232234580268111999934183225/10-SATAIC-transformation-Comp-cargo-small-h264-poster.jpg,https://freight.cargo.site/t/original/i/C3031232234580268111999934183225/10-SATAIC-transformation-Comp-cargo-small-h264-poster.jpg,observed in the Phase 1 Freight probe or captured bodycopy,C3031232234580268111999934183225,10-SATAIC-transformation-Comp-cargo-small-h264-poster.jpg,original,,1080,1440,675,900,1200,1600,0.90x of measured requirement (width-limited; max observed DPR 3),jpg,image/jpeg,no,poster for https://freight.cargo.site/t/original/i/S3028308617638297467237811402553/SATAIC-transformation-Comp-cargo-small-h264.mp4,near,true,home:video[data-poster]/original; home:video[poster]/original,docs/audits/2026-07-20T175853-0400-round-80/local/source-manifest.tsv: no unambiguous source match exists in the frozen Phase 1 source manifest,unknown,docs/audits/2026-07-20T175853-0400-round-80/cargo-draft/media-inventory.tsv; docs/audits/2026-07-20T175853-0400-round-80/freight/asset-manifest.csv,high,no unambiguous source match exists in the frozen Phase 1 source manifest; decoded pixel format yuvj420p; Cargo library in_use=False; bodycopy reference is authoritative; rendered maxima imported from audit/assets/rendered-media-measurements.json
4d00458c42294e162479,poster,home,mandy,mandy-02,unknown,https://freight.cargo.site/t/original/i/N3031232263191168170323448739641/11-hf_20260708_032138_2ca7e18b-6113-498e-9b3e-603f187014fb-alpha-small-ratio-1.5466-poster.png,https://freight.cargo.site/t/original/i/N3031232263191168170323448739641/11-hf_20260708_032138_2ca7e18b-6113-498e-9b3e-603f187014fb-alpha-small-ratio-1.5466-poster.png,observed in the Phase 1 Freight probe or captured bodycopy,N3031232263191168170323448739641,11-hf_20260708_032138_2ca7e18b-6113-498e-9b3e-603f187014fb-alpha-small-ratio-1.5466-poster.png,original,,1392,900,779,504,1384.875,896,0.72x of measured requirement (height-limited; max observed DPR 3),png,image/png,yes,poster for https://freight.cargo.site/t/original/i/V3025158174716596286590825314105/hf_20260708_032138_2ca7e18b-6113-498e-9b3e-603f187014fb-alpha-small-ratio-1.5466.webm,near,true,home:video[data-poster]/original; home:video[poster]/original,docs/audits/2026-07-20T175853-0400-round-80/local/source-manifest.tsv: no unambiguous source match exists in the frozen Phase 1 source manifest,unknown,docs/audits/2026-07-20T175853-0400-round-80/cargo-draft/media-inventory.tsv; docs/audits/2026-07-20T175853-0400-round-80/freight/asset-manifest.csv,high,no unambiguous source match exists in the frozen Phase 1 source manifest; decoded pixel format rgba; Cargo library in_use=False; bodycopy reference is authoritative; rendered maxima imported from audit/assets/rendered-media-measurements.json
cc5d1154887ed59578ae,poster,home,montran,montran-03,unknown,https://freight.cargo.site/t/original/i/G3031232346146176269795302356793/14-montran-icon-animation-poster.jpg,https://freight.cargo.site/t/original/i/G3031232346146176269795302356793/14-montran-icon-animation-poster.jpg,observed in the Phase 1 Freight probe or captured bodycopy,G3031232346146176269795302356793,14-montran-icon-animation-poster.jpg,original,,1280,1280,400,400,711.109,711.109,1.08x of measured requirement (width-limited; max observed DPR 3),jpg,image/jpeg,no,poster for https://freight.cargo.site/t/original/i/C3026651793472485332597365847865/montran-icon-animation.mp4,near,true,home:video[data-poster]/original; home:video[poster]/original,docs/audits/2026-07-20T175853-0400-round-80/local/source-manifest.tsv: no unambiguous source match exists in the frozen Phase 1 source manifest,unknown,docs/audits/2026-07-20T175853-0400-round-80/cargo-draft/media-inventory.tsv; docs/audits/2026-07-20T175853-0400-round-80/freight/asset-manifest.csv,high,no unambiguous source match exists in the frozen Phase 1 source manifest; decoded pixel format yuvj420p; Cargo library in_use=False; bodycopy reference is authoritative; rendered maxima imported from audit/assets/rendered-media-measurements.json
1c7a6cc0f97c3ad15a6d,poster,home,montran,montran-05,unknown,https://freight.cargo.site/t/original/i/Y3031232375033777489224460187449/15-Montran_CSD_RS_EN-noaudio-poster.jpg,https://freight.cargo.site/t/original/i/Y3031232375033777489224460187449/15-Montran_CSD_RS_EN-noaudio-poster.jpg,observed in the Phase 1 Freight probe or captured bodycopy,Y3031232375033777489224460187449,15-Montran_CSD_RS_EN-noaudio-poster.jpg,original,,1080,1350,403,504,716.438,896,0.98x of measured requirement (height-limited; max observed DPR 3),jpg,image/jpeg,no,poster for https://freight.cargo.site/t/original/i/E3026651808137646871196459382585/Montran_CSD_RS_EN-noaudio.mp4,near,true,home:video[data-poster]/original; home:video[poster]/original,docs/audits/2026-07-20T175853-0400-round-80/local/source-manifest.tsv: no unambiguous source match exists in the frozen Phase 1 source manifest,unknown,docs/audits/2026-07-20T175853-0400-round-80/cargo-draft/media-inventory.tsv; docs/audits/2026-07-20T175853-0400-round-80/freight/asset-manifest.csv,high,no unambiguous source match exists in the frozen Phase 1 source manifest; decoded pixel format yuvj420p; Cargo library in_use=False; bodycopy reference is authoritative; rendered maxima imported from audit/assets/rendered-media-measurements.json
d38473ec0dad56d7e089,poster,home,montran,montran-01 (inline loading poster),work/montran-direct-pdf-v10-src/loading-poster.jpg,inline://U3034412351395654863674388559673/loading-poster.jpg#sha256=16afcfe464baa343846b6e7593054f063efec1ef90e07a6e0c6b6db27cfbd0f4,inline://U3034412351395654863674388559673/loading-poster.jpg#sha256=16afcfe464baa343846b6e7593054f063efec1ef90e07a6e0c6b6db27cfbd0f4,SHA-addressed identity for a data URI decoded from the active hashed embed bundle,,loading-poster.jpg,inline data URI,,2022,1008,unknown,unknown,unknown,unknown,unknown,jpg,image/jpeg,no,self (inline loading poster),embed-initial (parent iframe lazy),true,home:montran-01 iframe inline/loading poster,audit/assets/frozen-embed-dependencies.json: exact decoded-byte match to the tracked source captured in the Phase 1 source manifest,high,audit/assets/frozen-embed-dependencies.json; parent bundle SHA-256 825cf2c3a1f130cb3445e62443985e845991204d19e0c2154cfd43a36126b49b from docs/audits/2026-07-20T175853-0400-round-80/local/embed-manifest.json,high,decoded bytes=97671; decoded SHA-256=16afcfe464baa343846b6e7593054f063efec1ef90e07a6e0c6b6db27cfbd0f4; exact decoded-byte match to the tracked source captured in the Phase 1 source manifest
2455babcb76605a811fb,poster,home,purelove,purelove-05,unknown,https://freight.cargo.site/t/original/i/N3031232577062518584491469485881/22-purelove-flash-poster.jpg,https://freight.cargo.site/t/original/i/N3031232577062518584491469485881/22-purelove-flash-poster.jpg,observed in the Phase 1 Freight probe or captured bodycopy,N3031232577062518584491469485881,22-purelove-flash-poster.jpg,original,,1200,1600,336.3,448.4,597.859,797.141,1.09x of measured requirement (width-limited; max observed DPR 3),jpg,image/jpeg,no,poster for https://freight.cargo.site/t/original/i/S3028279585838879613892415764281/purelove-flash.mp4,near,true,home:video[data-poster]/original; home:video[poster]/original,docs/audits/2026-07-20T175853-0400-round-80/local/source-manifest.tsv: no unambiguous source match exists in the frozen Phase 1 source manifest,unknown,docs/audits/2026-07-20T175853-0400-round-80/cargo-draft/media-inventory.tsv; docs/audits/2026-07-20T175853-0400-round-80/freight/asset-manifest.csv,high,no unambiguous source match exists in the frozen Phase 1 source manifest; decoded pixel format yuvj420p; Cargo library in_use=False; bodycopy reference is authoritative; rendered maxima imported from audit/assets/rendered-media-measurements.json
cf0f04c4b4d8eda7ff4d,poster,home,randompics,randompics-01,unknown,https://freight.cargo.site/t/original/i/F3031232547566174810629896451897/21-randompics-slideshow-h264-poster.jpg,https://freight.cargo.site/t/original/i/F3031232547566174810629896451897/21-randompics-slideshow-h264-poster.jpg,observed in the Phase 1 Freight probe or captured bodycopy,F3031232547566174810629896451897,21-randompics-slideshow-h264-poster.jpg,original,,864,1334,432,667.2,869.547,1342.953,0.66x of measured requirement (height-limited; max observed DPR 3),jpg,image/jpeg,no,poster for https://freight.cargo.site/t/original/i/L3028308751008257120157869586233/randompics-slideshow-h264.mp4,near,true,home:video[data-poster]/original; home:video[poster]/original,docs/audits/2026-07-20T175853-0400-round-80/local/source-manifest.tsv: no unambiguous source match exists in the frozen Phase 1 source manifest,unknown,docs/audits/2026-07-20T175853-0400-round-80/cargo-draft/media-inventory.tsv; docs/audits/2026-07-20T175853-0400-round-80/freight/asset-manifest.csv,high,no unambiguous source match exists in the frozen Phase 1 source manifest; decoded pixel format yuvj420p; Cargo library in_use=False; bodycopy reference is authoritative; rendered maxima imported from audit/assets/rendered-media-measurements.json
fc104f64e507c4f50d36,poster,home,touchbaes,touchbaes-01,unknown,https://freight.cargo.site/t/original/i/P3031232147548529572238269658937/07-3d-animation_social-nov-8-cargo-under-1mb-1080-h264-poster.jpg,https://freight.cargo.site/t/original/i/P3031232147548529572238269658937/07-3d-animation_social-nov-8-cargo-under-1mb-1080-h264-poster.jpg,observed in the Phase 1 Freight probe or captured bodycopy,P3031232147548529572238269658937,07-3d-animation_social-nov-8-cargo-under-1mb-1080-h264-poster.jpg,original,,834,834,417,417,741.328,741.328,0.70x of measured requirement (width-limited; max observed DPR 3),jpg,image/jpeg,no,poster for https://freight.cargo.site/t/original/i/V3028308587975932996712852404025/3d-animation_social-nov-8-cargo-under-1mb-1080-h264.mp4,near,true,home:video[data-poster]/original; home:video[poster]/original,docs/audits/2026-07-20T175853-0400-round-80/local/source-manifest.tsv: no unambiguous source match exists in the frozen Phase 1 source manifest,unknown,docs/audits/2026-07-20T175853-0400-round-80/cargo-draft/media-inventory.tsv; docs/audits/2026-07-20T175853-0400-round-80/freight/asset-manifest.csv,high,no unambiguous source match exists in the frozen Phase 1 source manifest; decoded pixel format yuvj420p; Cargo library in_use=False; bodycopy reference is authoritative; rendered maxima imported from audit/assets/rendered-media-measurements.json
859f7a0be75e13d80698,poster,home,touchbaes,touchbaes-02,unknown,https://freight.cargo.site/t/original/i/L3031232176454577535741137041209/08-8bit-girls-final-alpha-1080-poster.png,https://freight.cargo.site/t/original/i/L3031232176454577535741137041209/08-8bit-girls-final-alpha-1080-poster.png,observed in the Phase 1 Freight probe or captured bodycopy,L3031232176454577535741137041209,08-8bit-girls-final-alpha-1080-poster.png,original,,899,1600,278,494,494.219,878.219,0.99x of measured requirement (width-limited; max observed DPR 3),png,image/png,yes,poster for https://freight.cargo.site/t/original/i/C3022812573698134943474161071929/8bit-girls-final-alpha-1080.webm,near,true,home:video[data-poster]/original; home:video[poster]/original,docs/audits/2026-07-20T175853-0400-round-80/local/source-manifest.tsv: no unambiguous source match exists in the frozen Phase 1 source manifest,unknown,docs/audits/2026-07-20T175853-0400-round-80/cargo-draft/media-inventory.tsv; docs/audits/2026-07-20T175853-0400-round-80/freight/asset-manifest.csv,high,no unambiguous source match exists in the frozen Phase 1 source manifest; decoded pixel format rgba64be; Cargo library in_use=False; bodycopy reference is authoritative; rendered maxima imported from audit/assets/rendered-media-measurements.json
eceb0000064ce3123f3a,poster,home,touchbaes,touchbaes-06,unknown,https://freight.cargo.site/t/original/i/Y3031232205692666892570776352569/09-video-small-poster.jpg,https://freight.cargo.site/t/original/i/Y3031232205692666892570776352569/09-video-small-poster.jpg,observed in the Phase 1 Freight probe or captured bodycopy,Y3031232205692666892570776352569,09-video-small-poster.jpg,original,,960,960,372,372,661.328,661.328,0.81x of measured requirement (width-limited; max observed DPR 3),jpg,image/jpeg,no,poster for https://freight.cargo.site/t/original/i/K3022811110465501528685107787577/video-small.mp4,near,true,home:video[data-poster]/original; home:video[poster]/original,docs/audits/2026-07-20T175853-0400-round-80/local/source-manifest.tsv: no unambiguous source match exists in the frozen Phase 1 source manifest,unknown,docs/audits/2026-07-20T175853-0400-round-80/cargo-draft/media-inventory.tsv; docs/audits/2026-07-20T175853-0400-round-80/freight/asset-manifest.csv,high,no unambiguous source match exists in the frozen Phase 1 source manifest; decoded pixel format yuvj420p; Cargo library in_use=False; bodycopy reference is authoritative; rendered maxima imported from audit/assets/rendered-media-measurements.json
0ce2148162b62c623591,poster,home,v7,v7-03,unknown,https://freight.cargo.site/t/original/i/B3031232058413862208073716250425/04-OOH_Train-Station_Video-Slide-cargo-small-h264-poster.jpg,https://freight.cargo.site/t/original/i/B3031232058413862208073716250425/04-OOH_Train-Station_Video-Slide-cargo-small-h264-poster.jpg,observed in the Phase 1 Freight probe or captured bodycopy,B3031232058413862208073716250425,04-OOH_Train-Station_Video-Slide-cargo-small-h264-poster.jpg,original,,1600,1062,759,504,1349.328,896,1.19x of measured requirement (height-limited; max observed DPR 3),jpg,image/jpeg,no,poster for https://freight.cargo.site/t/original/i/X3028308543445492802777994803001/OOH_Train-Station_Video-Slide-cargo-small-h264.mp4,near,true,home:video[data-poster]/original; home:video[poster]/original,docs/audits/2026-07-20T175853-0400-round-80/local/source-manifest.tsv: no unambiguous source match exists in the frozen Phase 1 source manifest,unknown,docs/audits/2026-07-20T175853-0400-round-80/cargo-draft/media-inventory.tsv; docs/audits/2026-07-20T175853-0400-round-80/freight/asset-manifest.csv,high,no unambiguous source match exists in the frozen Phase 1 source manifest; decoded pixel format yuvj420p; Cargo library in_use=False; bodycopy reference is authoritative; rendered maxima imported from audit/assets/rendered-media-measurements.json
3ce2d4f1c730b107ab6b,poster,home,v7,v7-04,unknown,https://freight.cargo.site/t/original/i/E3031232087873312493787870181177/05-Freetothink_motionthecity_260303-upscaled-4x-retina-h264-poster.jpg,https://freight.cargo.site/t/original/i/E3031232087873312493787870181177/05-Freetothink_motionthecity_260303-upscaled-4x-retina-h264-poster.jpg,observed in the Phase 1 Freight probe or captured bodycopy,E3031232087873312493787870181177,05-Freetothink_motionthecity_260303-upscaled-4x-retina-h264-poster.jpg,original,,1600,400,788,197,1400.875,350.219,0.81x of measured requirement (width-limited; max observed DPR 3),jpg,image/jpeg,no,poster for https://freight.cargo.site/t/original/i/B3028308558313568526187893405497/Freetothink_motionthecity_260303-upscaled-4x-retina-h264.mp4,near,true,home:video[data-poster]/original; home:video[poster]/original,docs/audits/2026-07-20T175853-0400-round-80/local/source-manifest.tsv: no unambiguous source match exists in the frozen Phase 1 source manifest,unknown,docs/audits/2026-07-20T175853-0400-round-80/cargo-draft/media-inventory.tsv; docs/audits/2026-07-20T175853-0400-round-80/freight/asset-manifest.csv,high,no unambiguous source match exists in the frozen Phase 1 source manifest; decoded pixel format yuvj420p; Cargo library in_use=False; bodycopy reference is authoritative; rendered maxima imported from audit/assets/rendered-media-measurements.json
d32e9624338da92998dd,poster,home,v7,v7-05,unknown,https://freight.cargo.site/t/original/i/J3031232116853147433585575769913/06-Mockup_Video-Truck_V7-cargo-small-h264-poster.jpg,https://freight.cargo.site/t/original/i/J3031232116853147433585575769913/06-Mockup_Video-Truck_V7-cargo-small-h264-poster.jpg,observed in the Phase 1 Freight probe or captured bodycopy,J3031232116853147433585575769913,06-Mockup_Video-Truck_V7-cargo-small-h264-poster.jpg,original,,1280,960,672,504,1194.656,896,0.98x of measured requirement (width-limited; max observed DPR 3),jpg,image/jpeg,no,poster for https://freight.cargo.site/t/original/i/P3028308573144750761450372904761/Mockup_Video-Truck_V7-cargo-small-h264.mp4,near,true,home:video[data-poster]/original; home:video[poster]/original,docs/audits/2026-07-20T175853-0400-round-80/local/source-manifest.tsv: no unambiguous source match exists in the frozen Phase 1 source manifest,unknown,docs/audits/2026-07-20T175853-0400-round-80/cargo-draft/media-inventory.tsv; docs/audits/2026-07-20T175853-0400-round-80/freight/asset-manifest.csv,high,no unambiguous source match exists in the frozen Phase 1 source manifest; decoded pixel format yuvj420p; Cargo library in_use=False; bodycopy reference is authoritative; rendered maxima imported from audit/assets/rendered-media-measurements.json
f5993583caba637e48a9,poster,home,v7,v7-01,unknown,https://freight.cargo.site/t/original/i/F3031232775678612026122211735353/v7-cup-poster.png,https://freight.cargo.site/t/original/i/F3031232775678612026122211735353/v7-cup-poster.png,observed in the Phase 1 Freight probe or captured bodycopy,F3031232775678612026122211735353,v7-cup-poster.png,original,,900,900,307,307,593.906,593.906,0.76x of measured requirement (width-limited; max observed DPR 3),png,image/png,yes,poster for https://freight.cargo.site/m/Z3031274916472238420423367767865/coffee-cup-bundle.html,critical,true,home:iframe[data-poster]/original,docs/audits/2026-07-20T175853-0400-round-80/local/source-manifest.tsv: no unambiguous source match exists in the frozen Phase 1 source manifest,unknown,docs/audits/2026-07-20T175853-0400-round-80/cargo-draft/media-inventory.tsv; docs/audits/2026-07-20T175853-0400-round-80/freight/asset-manifest.csv,high,no unambiguous source match exists in the frozen Phase 1 source manifest; decoded pixel format rgba; Cargo library in_use=False; bodycopy reference is authoritative; rendered maxima imported from audit/assets/rendered-media-measurements.json
b4500f4c0f10376c117d,poster,home,wtw,wtw-02,unknown,https://freight.cargo.site/t/original/i/L3031232634561019862244141872953/24-wtw-wordmark-poster.jpg,https://freight.cargo.site/t/original/i/L3031232634561019862244141872953/24-wtw-wordmark-poster.jpg,observed in the Phase 1 Freight probe or captured bodycopy,L3031232634561019862244141872953,24-wtw-wordmark-poster.jpg,original,,1600,1600,765.2,765.2,896,896,1.35x of measured requirement (width-limited; max observed DPR 3),jpg,image/jpeg,no,poster for https://freight.cargo.site/t/original/i/U3028243848518863758609040848697/wtw-wordmark.mp4,near,true,home:video[data-poster]/original; home:video[poster]/original,docs/audits/2026-07-20T175853-0400-round-80/local/source-manifest.tsv: no unambiguous source match exists in the frozen Phase 1 source manifest,unknown,docs/audits/2026-07-20T175853-0400-round-80/cargo-draft/media-inventory.tsv; docs/audits/2026-07-20T175853-0400-round-80/freight/asset-manifest.csv,high,no unambiguous source match exists in the frozen Phase 1 source manifest; decoded pixel format yuvj420p; Cargo library in_use=False; bodycopy reference is authoritative; rendered maxima imported from audit/assets/rendered-media-measurements.json
ba6556d41b61dd3430b6,poster,home,wtw,wtw-04,unknown,https://freight.cargo.site/t/original/i/P3031232663448621081673299703609/25-wtw-grid-logo-poster.jpg,https://freight.cargo.site/t/original/i/P3031232663448621081673299703609/25-wtw-grid-logo-poster.jpg,observed in the Phase 1 Freight probe or captured bodycopy,P3031232663448621081673299703609,25-wtw-grid-logo-poster.jpg,original,,1080,1080,388.2,388.2,690.125,690.125,0.91x of measured requirement (width-limited; max observed DPR 3),jpg,image/jpeg,no,poster for https://freight.cargo.site/t/original/i/J3028243826290537149789031151417/wtw-grid-logo.mp4,near,true,home:video[data-poster]/original; home:video[poster]/original,docs/audits/2026-07-20T175853-0400-round-80/local/source-manifest.tsv: no unambiguous source match exists in the frozen Phase 1 source manifest,unknown,docs/audits/2026-07-20T175853-0400-round-80/cargo-draft/media-inventory.tsv; docs/audits/2026-07-20T175853-0400-round-80/freight/asset-manifest.csv,high,no unambiguous source match exists in the frozen Phase 1 source manifest; decoded pixel format yuvj420p; Cargo library in_use=False; bodycopy reference is authoritative; rendered maxima imported from audit/assets/rendered-media-measurements.json
866912cfde1fb7ffefe9,poster,home,wtw,wtw-05,unknown,https://freight.cargo.site/t/original/i/S3031232692022627651849395156793/26-wtw-grid-image-poster.jpg,https://freight.cargo.site/t/original/i/S3031232692022627651849395156793/26-wtw-grid-image-poster.jpg,observed in the Phase 1 Freight probe or captured bodycopy,S3031232692022627651849395156793,26-wtw-grid-image-poster.jpg,original,,1080,1080,388.2,388.2,690.125,690.125,0.91x of measured requirement (width-limited; max observed DPR 3),jpg,image/jpeg,no,poster for https://freight.cargo.site/t/original/i/K3028243512603654176358105921337/wtw-grid-image.mp4,near,true,home:video[data-poster]/original; home:video[poster]/original,docs/audits/2026-07-20T175853-0400-round-80/local/source-manifest.tsv: no unambiguous source match exists in the frozen Phase 1 source manifest,unknown,docs/audits/2026-07-20T175853-0400-round-80/cargo-draft/media-inventory.tsv; docs/audits/2026-07-20T175853-0400-round-80/freight/asset-manifest.csv,high,no unambiguous source match exists in the frozen Phase 1 source manifest; decoded pixel format yuvj420p; Cargo library in_use=False; bodycopy reference is authoritative; rendered maxima imported from audit/assets/rendered-media-measurements.json
bea2ff03d34909be013f,poster,home,wtw,wtw-07,unknown,https://freight.cargo.site/t/original/i/P3031232719434489345381788858169/27-wtw-grid-animation-poster.jpg,https://freight.cargo.site/t/original/i/P3031232719434489345381788858169/27-wtw-grid-animation-poster.jpg,observed in the Phase 1 Freight probe or captured bodycopy,P3031232719434489345381788858169,27-wtw-grid-animation-poster.jpg,original,,1600,900,896,504,1592.875,896,1.00x of measured requirement (height-limited; max observed DPR 3),jpg,image/jpeg,no,poster for https://freight.cargo.site/t/original/i/L3028243501517160988058665400121/wtw-grid-animation.mp4,near,true,home:video[data-poster]/original; home:video[poster]/original,docs/audits/2026-07-20T175853-0400-round-80/local/source-manifest.tsv: no unambiguous source match exists in the frozen Phase 1 source manifest,unknown,docs/audits/2026-07-20T175853-0400-round-80/cargo-draft/media-inventory.tsv; docs/audits/2026-07-20T175853-0400-round-80/freight/asset-manifest.csv,high,no unambiguous source match exists in the frozen Phase 1 source manifest; decoded pixel format yuvj420p; Cargo library in_use=False; bodycopy reference is authoritative; rendered maxima imported from audit/assets/rendered-media-measurements.json
ece9152b9206dce5cb93,poster,who,who-alvis,,unknown,https://freight.cargo.site/t/original/i/A3033712492901311047143260731193/profile-cch-poster.jpg,https://freight.cargo.site/t/original/i/A3033712492901311047143260731193/profile-cch-poster.jpg,observed in the Phase 1 Freight probe or captured bodycopy,A3033712492901311047143260731193,profile-cch-poster.jpg,original,,600,750,unknown,unknown,unknown,unknown,unknown,jpg,image/jpeg,no,poster for https://freight.cargo.site/t/original/i/M3033713145657796839429454214969/profile-cch.mp4,critical,true,who:video[data-poster]/original,docs/audits/2026-07-20T175853-0400-round-80/local/source-manifest.tsv: no unambiguous source match exists in the frozen Phase 1 source manifest,unknown,docs/audits/2026-07-20T175853-0400-round-80/cargo-draft/media-inventory.tsv; docs/audits/2026-07-20T175853-0400-round-80/freight/asset-manifest.csv,high,no unambiguous source match exists in the frozen Phase 1 source manifest; decoded pixel format yuvj444p; Cargo library in_use=False; bodycopy reference is authoritative
77adc663e6937a651139,poster,who,who-ocean,,unknown,https://freight.cargo.site/t/original/i/C3033703303563517008361575462713/profile-chy-poster.jpg,https://freight.cargo.site/t/original/i/C3033703303563517008361575462713/profile-chy-poster.jpg,observed in the Phase 1 Freight probe or captured bodycopy,C3033703303563517008361575462713,profile-chy-poster.jpg,original,,600,750,unknown,unknown,unknown,unknown,unknown,jpg,image/jpeg,no,poster for https://freight.cargo.site/t/original/i/W3033697092268086229249903081273/profile-chy.mp4,critical,true,who:video[data-poster]/original,docs/audits/2026-07-20T175853-0400-round-80/local/source-manifest.tsv: no unambiguous source match exists in the frozen Phase 1 source manifest,unknown,docs/audits/2026-07-20T175853-0400-round-80/cargo-draft/media-inventory.tsv; docs/audits/2026-07-20T175853-0400-round-80/freight/asset-manifest.csv,high,no unambiguous source match exists in the frozen Phase 1 source manifest; decoded pixel format yuvj444p; Cargo library in_use=False; bodycopy reference is authoritative
6104ee6438c638e79a3e,system-font,site,site typography,,cargo/tokens.css,not applicable,not applicable,system font has no delivery URL,,Times New Roman,operating-system font; no remote URL,,unknown,unknown,unknown,unknown,unknown,unknown,unknown,font,not captured,not applicable,"Times, serif",browser font selection,true,font-family: Times New Roman,exact CSS contract path captured in docs/audits/2026-07-20T175853-0400-round-80/local/source-manifest.tsv,medium,docs/audits/2026-07-20T175853-0400-round-80/public/home.html preloaded site font settings,not applicable,availability depends on the visitor operating system
4ec30671727cab94030e,video,Cargo library,unknown,,unknown,https://freight.cargo.site/t/original/i/N3022828928526090462141495162681/3d-animation_social-nov-8-cargo-under-1mb-1080.webm,https://freight.cargo.site/t/original/i/N3022828928526090462141495162681/3d-animation_social-nov-8-cargo-under-1mb-1080.webm,derived from Cargo media hash and filename; not observed in Phase 1 delivery,N3022828928526090462141495162681,3d-animation_social-nov-8-cargo-under-1mb-1080.webm,original,,1080,1080,unknown,unknown,unknown,unknown,unknown,webm,video/webm,unknown,none,none (unreferenced),false,none,docs/audits/2026-07-20T175853-0400-round-80/local/source-manifest.tsv: no unambiguous source match exists in the frozen Phase 1 source manifest,unknown,docs/audits/2026-07-20T175853-0400-round-80/cargo-draft/media-inventory.tsv,medium,no unambiguous source match exists in the frozen Phase 1 source manifest; alpha channel was not decoded in Phase 1; Cargo library in_use=False; bodycopy reference is authoritative
9145cb4322abac7dab4f,video,Cargo library,unknown,,unknown,https://freight.cargo.site/t/original/i/J3028473484749373459701835544377/8bit-girls-alpha-v2.mp4,https://freight.cargo.site/t/original/i/J3028473484749373459701835544377/8bit-girls-alpha-v2.mp4,derived from Cargo media hash and filename; not observed in Phase 1 delivery,J3028473484749373459701835544377,8bit-girls-alpha-v2.mp4,original,,1080,1920,unknown,unknown,unknown,unknown,unknown,mp4,video/mp4,unknown,none,none (unreferenced),false,none,docs/audits/2026-07-20T175853-0400-round-80/local/source-manifest.tsv: no unambiguous source match exists in the frozen Phase 1 source manifest,unknown,docs/audits/2026-07-20T175853-0400-round-80/cargo-draft/media-inventory.tsv,medium,no unambiguous source match exists in the frozen Phase 1 source manifest; alpha channel was not decoded in Phase 1; Cargo library in_use=False; bodycopy reference is authoritative
9b6bfee6a5950a75d940,video,Cargo library,unknown,,unknown,https://freight.cargo.site/t/original/i/T3028474672848819015112926476089/8bit-girls-alpha-v2.mp4,https://freight.cargo.site/t/original/i/T3028474672848819015112926476089/8bit-girls-alpha-v2.mp4,derived from Cargo media hash and filename; not observed in Phase 1 delivery,T3028474672848819015112926476089,8bit-girls-alpha-v2.mp4,original,,1080,1920,unknown,unknown,unknown,unknown,unknown,mp4,video/mp4,unknown,none,none (unreferenced),false,none,docs/audits/2026-07-20T175853-0400-round-80/local/source-manifest.tsv: no unambiguous source match exists in the frozen Phase 1 source manifest,unknown,docs/audits/2026-07-20T175853-0400-round-80/cargo-draft/media-inventory.tsv,medium,no unambiguous source match exists in the frozen Phase 1 source manifest; alpha channel was not decoded in Phase 1; Cargo library in_use=False; bodycopy reference is authoritative
f72ca59029e4501a5f5c,video,Cargo library,unknown,,unknown,https://freight.cargo.site/t/original/i/X3028308602807115231975331903289/8bit-girls-final-alpha-1080-hevc.mp4,https://freight.cargo.site/t/original/i/X3028308602807115231975331903289/8bit-girls-final-alpha-1080-hevc.mp4,derived from Cargo media hash and filename; not observed in Phase 1 delivery,X3028308602807115231975331903289,8bit-girls-final-alpha-1080-hevc.mp4,original,,1080,1920,unknown,unknown,unknown,unknown,unknown,mp4,video/mp4,unknown,none,none (unreferenced),false,none,docs/audits/2026-07-20T175853-0400-round-80/local/source-manifest.tsv: no unambiguous source match exists in the frozen Phase 1 source manifest,unknown,docs/audits/2026-07-20T175853-0400-round-80/cargo-draft/media-inventory.tsv,medium,no unambiguous source match exists in the frozen Phase 1 source manifest; alpha channel was not decoded in Phase 1; Cargo library in_use=False; bodycopy reference is authoritative
bc1dda3a517b1169fe8b,video,Cargo library,unknown,,unknown,https://freight.cargo.site/t/original/i/L3027108618788435916473837860665/anyday-hotel-report.webm,https://freight.cargo.site/t/original/i/L3027108618788435916473837860665/anyday-hotel-report.webm,derived from Cargo media hash and filename; not observed in Phase 1 delivery,L3027108618788435916473837860665,anyday-hotel-report.webm,original,,1600,1600,unknown,unknown,unknown,unknown,unknown,webm,video/webm,unknown,none,none (unreferenced),false,none,docs/audits/2026-07-20T175853-0400-round-80/local/source-manifest.tsv: no unambiguous source match exists in the frozen Phase 1 source manifest,unknown,docs/audits/2026-07-20T175853-0400-round-80/cargo-draft/media-inventory.tsv,medium,no unambiguous source match exists in the frozen Phase 1 source manifest; alpha channel was not decoded in Phase 1; Cargo library in_use=False; bodycopy reference is authoritative
4dbbba639f2e6dbc3ff9,video,Cargo library,unknown,,unknown,https://freight.cargo.site/t/original/i/I3028243479473301819975751219001/anyday-logo-slideshow-v2.webm,https://freight.cargo.site/t/original/i/I3028243479473301819975751219001/anyday-logo-slideshow-v2.webm,derived from Cargo media hash and filename; not observed in Phase 1 delivery,I3028243479473301819975751219001,anyday-logo-slideshow-v2.webm,original,,2046,1364,unknown,unknown,unknown,unknown,unknown,webm,video/webm,unknown,none,none (unreferenced),false,none,docs/audits/2026-07-20T175853-0400-round-80/local/source-manifest.tsv: no unambiguous source match exists in the frozen Phase 1 source manifest,unknown,docs/audits/2026-07-20T175853-0400-round-80/cargo-draft/media-inventory.tsv,medium,no unambiguous source match exists in the frozen Phase 1 source manifest; alpha channel was not decoded in Phase 1; Cargo library in_use=False; bodycopy reference is authoritative
29b281521001e70bba80,video,Cargo library,unknown,,unknown,https://freight.cargo.site/t/original/i/W3028279552690080513436351510329/anyday-logo-slideshow-v3.webm,https://freight.cargo.site/t/original/i/W3028279552690080513436351510329/anyday-logo-slideshow-v3.webm,derived from Cargo media hash and filename; not observed in Phase 1 delivery,W3028279552690080513436351510329,anyday-logo-slideshow-v3.webm,original,,2042,1364,unknown,unknown,unknown,unknown,unknown,webm,video/webm,unknown,none,none (unreferenced),false,none,docs/audits/2026-07-20T175853-0400-round-80/local/source-manifest.tsv: no unambiguous source match exists in the frozen Phase 1 source manifest,unknown,docs/audits/2026-07-20T175853-0400-round-80/cargo-draft/media-inventory.tsv,medium,no unambiguous source match exists in the frozen Phase 1 source manifest; alpha channel was not decoded in Phase 1; Cargo library in_use=False; bodycopy reference is authoritative
ad28cc6831c4755a9e04,video,Cargo library,unknown,,unknown,https://freight.cargo.site/t/original/i/P3027108589402772607054522136377/anyday-logo-slideshow.webm,https://freight.cargo.site/t/original/i/P3027108589402772607054522136377/anyday-logo-slideshow.webm,derived from Cargo media hash and filename; not observed in Phase 1 delivery,P3027108589402772607054522136377,anyday-logo-slideshow.webm,original,,2048,1364,unknown,unknown,unknown,unknown,unknown,webm,video/webm,unknown,none,none (unreferenced),false,none,docs/audits/2026-07-20T175853-0400-round-80/local/source-manifest.tsv: no unambiguous source match exists in the frozen Phase 1 source manifest,unknown,docs/audits/2026-07-20T175853-0400-round-80/cargo-draft/media-inventory.tsv,medium,no unambiguous source match exists in the frozen Phase 1 source manifest; alpha channel was not decoded in Phase 1; Cargo library in_use=False; bodycopy reference is authoritative
32622074897df90843ad,video,Cargo library,unknown,,unknown,https://freight.cargo.site/t/original/i/W3027108934319993297275718252345/anyday-money-moments.webm,https://freight.cargo.site/t/original/i/W3027108934319993297275718252345/anyday-money-moments.webm,derived from Cargo media hash and filename; not observed in Phase 1 delivery,W3027108934319993297275718252345,anyday-money-moments.webm,original,,1440,1440,unknown,unknown,unknown,unknown,unknown,webm,video/webm,unknown,none,none (unreferenced),false,none,docs/audits/2026-07-20T175853-0400-round-80/local/source-manifest.tsv: no unambiguous source match exists in the frozen Phase 1 source manifest,unknown,docs/audits/2026-07-20T175853-0400-round-80/cargo-draft/media-inventory.tsv,medium,no unambiguous source match exists in the frozen Phase 1 source manifest; alpha channel was not decoded in Phase 1; Cargo library in_use=False; bodycopy reference is authoritative
0f82beefd1451a57bbab,video,Cargo library,unknown,,unknown,https://freight.cargo.site/t/original/i/D3027108949132728788464488199993/anyday-scroller.webm,https://freight.cargo.site/t/original/i/D3027108949132728788464488199993/anyday-scroller.webm,derived from Cargo media hash and filename; not observed in Phase 1 delivery,D3027108949132728788464488199993,anyday-scroller.webm,original,,900,1200,unknown,unknown,unknown,unknown,unknown,webm,video/webm,unknown,none,none (unreferenced),false,none,docs/audits/2026-07-20T175853-0400-round-80/local/source-manifest.tsv: no unambiguous source match exists in the frozen Phase 1 source manifest,unknown,docs/audits/2026-07-20T175853-0400-round-80/cargo-draft/media-inventory.tsv,medium,no unambiguous source match exists in the frozen Phase 1 source manifest; alpha channel was not decoded in Phase 1; Cargo library in_use=False; bodycopy reference is authoritative
d59fa79107f80a099136,video,Cargo library,unknown,,unknown,https://freight.cargo.site/t/original/i/J3027108963982357767800677250873/curate-image1-vid.webm,https://freight.cargo.site/t/original/i/J3027108963982357767800677250873/curate-image1-vid.webm,derived from Cargo media hash and filename; not observed in Phase 1 delivery,J3027108963982357767800677250873,curate-image1-vid.webm,original,,1600,900,unknown,unknown,unknown,unknown,unknown,webm,video/webm,unknown,none,none (unreferenced),false,none,docs/audits/2026-07-20T175853-0400-round-80/local/source-manifest.tsv: no unambiguous source match exists in the frozen Phase 1 source manifest,unknown,docs/audits/2026-07-20T175853-0400-round-80/cargo-draft/media-inventory.tsv,medium,no unambiguous source match exists in the frozen Phase 1 source manifest; alpha channel was not decoded in Phase 1; Cargo library in_use=False; bodycopy reference is authoritative
c5a6ec7e00cee30086e9,video,Cargo library,unknown,,unknown,https://freight.cargo.site/t/original/i/L3022811933208733960204819412793/Final_Navy_EVIIVE-Logo-Animation_Jul-2026-web-hq-1800.webm,https://freight.cargo.site/t/original/i/L3022811933208733960204819412793/Final_Navy_EVIIVE-Logo-Animation_Jul-2026-web-hq-1800.webm,derived from Cargo media hash and filename; not observed in Phase 1 delivery,L3022811933208733960204819412793,Final_Navy_EVIIVE-Logo-Animation_Jul-2026-web-hq-1800.webm,original,,1800,1200,unknown,unknown,unknown,unknown,unknown,webm,video/webm,unknown,none,none (unreferenced),false,none,docs/audits/2026-07-20T175853-0400-round-80/local/source-manifest.tsv: no unambiguous source match exists in the frozen Phase 1 source manifest,unknown,docs/audits/2026-07-20T175853-0400-round-80/cargo-draft/media-inventory.tsv,medium,no unambiguous source match exists in the frozen Phase 1 source manifest; alpha channel was not decoded in Phase 1; Cargo library in_use=False; bodycopy reference is authoritative
1f9e11235cb11587f371,video,Cargo library,unknown,,unknown,https://freight.cargo.site/t/original/i/I3033680248822773686163965785913/Final_Profile-Pic_CCH-cargo.mp4,https://freight.cargo.site/t/original/i/I3033680248822773686163965785913/Final_Profile-Pic_CCH-cargo.mp4,derived from Cargo media hash and filename; not observed in Phase 1 delivery,I3033680248822773686163965785913,Final_Profile-Pic_CCH-cargo.mp4,original,,1200,1500,unknown,unknown,unknown,unknown,unknown,mp4,video/mp4,unknown,none,none (unreferenced),false,none,docs/audits/2026-07-20T175853-0400-round-80/local/source-manifest.tsv: no unambiguous source match exists in the frozen Phase 1 source manifest,unknown,docs/audits/2026-07-20T175853-0400-round-80/cargo-draft/media-inventory.tsv,medium,no unambiguous source match exists in the frozen Phase 1 source manifest; alpha channel was not decoded in Phase 1; Cargo library in_use=False; bodycopy reference is authoritative
c0ea4b3baaef8873a6fd,video,Cargo library,unknown,,unknown,https://freight.cargo.site/t/original/i/Q3033681750147933613163243157305/Final_Profile-Pic_CCH-cargo.mp4,https://freight.cargo.site/t/original/i/Q3033681750147933613163243157305/Final_Profile-Pic_CCH-cargo.mp4,derived from Cargo media hash and filename; not observed in Phase 1 delivery,Q3033681750147933613163243157305,Final_Profile-Pic_CCH-cargo.mp4,original,,1200,1500,unknown,unknown,unknown,unknown,unknown,mp4,video/mp4,unknown,none,none (unreferenced),false,none,docs/audits/2026-07-20T175853-0400-round-80/local/source-manifest.tsv: no unambiguous source match exists in the frozen Phase 1 source manifest,unknown,docs/audits/2026-07-20T175853-0400-round-80/cargo-draft/media-inventory.tsv,medium,no unambiguous source match exists in the frozen Phase 1 source manifest; alpha channel was not decoded in Phase 1; Cargo library in_use=False; bodycopy reference is authoritative
4551aa5f84ce7cbf7884,video,Cargo library,unknown,,unknown,https://freight.cargo.site/t/original/i/N3033679711819606956405208692537/Final_Profile-Pic_CHY-cargo.mp4,https://freight.cargo.site/t/original/i/N3033679711819606956405208692537/Final_Profile-Pic_CHY-cargo.mp4,derived from Cargo media hash and filename; not observed in Phase 1 delivery,N3033679711819606956405208692537,Final_Profile-Pic_CHY-cargo.mp4,original,,1200,1500,unknown,unknown,unknown,unknown,unknown,mp4,video/mp4,unknown,none,none (unreferenced),false,none,docs/audits/2026-07-20T175853-0400-round-80/local/source-manifest.tsv: no unambiguous source match exists in the frozen Phase 1 source manifest,unknown,docs/audits/2026-07-20T175853-0400-round-80/cargo-draft/media-inventory.tsv,medium,no unambiguous source match exists in the frozen Phase 1 source manifest; alpha channel was not decoded in Phase 1; Cargo library in_use=False; bodycopy reference is authoritative
913cfd0eaab03d132eb5,video,Cargo library,unknown,,unknown,https://freight.cargo.site/t/original/i/A3025152093931879828974230615865/Freetothink_motionthecity_260303-upscaled-4x-retina.webm,https://freight.cargo.site/t/original/i/A3025152093931879828974230615865/Freetothink_motionthecity_260303-upscaled-4x-retina.webm,derived from Cargo media hash and filename; not observed in Phase 1 delivery,A3025152093931879828974230615865,Freetothink_motionthecity_260303-upscaled-4x-retina.webm,original,,3840,960,unknown,unknown,unknown,unknown,unknown,webm,video/webm,unknown,none,none (unreferenced),false,none,docs/audits/2026-07-20T175853-0400-round-80/local/source-manifest.tsv: no unambiguous source match exists in the frozen Phase 1 source manifest,unknown,docs/audits/2026-07-20T175853-0400-round-80/cargo-draft/media-inventory.tsv,medium,no unambiguous source match exists in the frozen Phase 1 source manifest; alpha channel was not decoded in Phase 1; Cargo library in_use=False; bodycopy reference is authoritative
3353dd59e1c4c34ae7b4,video,Cargo library,unknown,,unknown,https://freight.cargo.site/t/original/i/C3025153495884429430900153431865/Freetothink_motionthecity_260303-upscaled-4x-retina.webm,https://freight.cargo.site/t/original/i/C3025153495884429430900153431865/Freetothink_motionthecity_260303-upscaled-4x-retina.webm,derived from Cargo media hash and filename; not observed in Phase 1 delivery,C3025153495884429430900153431865,Freetothink_motionthecity_260303-upscaled-4x-retina.webm,original,,3840,960,unknown,unknown,unknown,unknown,unknown,webm,video/webm,unknown,none,none (unreferenced),false,none,docs/audits/2026-07-20T175853-0400-round-80/local/source-manifest.tsv: no unambiguous source match exists in the frozen Phase 1 source manifest,unknown,docs/audits/2026-07-20T175853-0400-round-80/cargo-draft/media-inventory.tsv,medium,no unambiguous source match exists in the frozen Phase 1 source manifest; alpha channel was not decoded in Phase 1; Cargo library in_use=False; bodycopy reference is authoritative
db2e72dca0d6a0a73b4a,video,Cargo library,unknown,,unknown,https://freight.cargo.site/t/original/i/A3028308632451032958426581350201/hf_20260708_032138_2ca7e18b-6113-498e-9b3e-603f187014fb-alpha-small-ratio-1.5466-hevc.mp4,https://freight.cargo.site/t/original/i/A3028308632451032958426581350201/hf_20260708_032138_2ca7e18b-6113-498e-9b3e-603f187014fb-alpha-small-ratio-1.5466-hevc.mp4,derived from Cargo media hash and filename; not observed in Phase 1 delivery,A3028308632451032958426581350201,hf_20260708_032138_2ca7e18b-6113-498e-9b3e-603f187014fb-alpha-small-ratio-1.5466-hevc.mp4,original,,1392,900,unknown,unknown,unknown,unknown,unknown,mp4,video/mp4,unknown,none,none (unreferenced),false,none,docs/audits/2026-07-20T175853-0400-round-80/local/source-manifest.tsv: no unambiguous source match exists in the frozen Phase 1 source manifest,unknown,docs/audits/2026-07-20T175853-0400-round-80/cargo-draft/media-inventory.tsv,medium,no unambiguous source match exists in the frozen Phase 1 source manifest; alpha channel was not decoded in Phase 1; Cargo library in_use=False; bodycopy reference is authoritative
d29449759269c326520f,video,Cargo library,unknown,,unknown,https://freight.cargo.site/t/original/i/Y3023108979431452450333213112121/Logo-symbol_Animation_EVIIVE-cargo.webm,https://freight.cargo.site/t/original/i/Y3023108979431452450333213112121/Logo-symbol_Animation_EVIIVE-cargo.webm,derived from Cargo media hash and filename; not observed in Phase 1 delivery,Y3023108979431452450333213112121,Logo-symbol_Animation_EVIIVE-cargo.webm,original,,2160,2160,unknown,unknown,unknown,unknown,unknown,webm,video/webm,unknown,none,none (unreferenced),false,none,docs/audits/2026-07-20T175853-0400-round-80/local/source-manifest.tsv: no unambiguous source match exists in the frozen Phase 1 source manifest,unknown,docs/audits/2026-07-20T175853-0400-round-80/cargo-draft/media-inventory.tsv,medium,no unambiguous source match exists in the frozen Phase 1 source manifest; alpha channel was not decoded in Phase 1; Cargo library in_use=False; bodycopy reference is authoritative
5d08ab6e24a72e39bb63,video,Cargo library,unknown,,unknown,https://freight.cargo.site/t/original/i/T3025368792464646457578161223481/Loop-Card_3D-Animation-cargo.webm,https://freight.cargo.site/t/original/i/T3025368792464646457578161223481/Loop-Card_3D-Animation-cargo.webm,derived from Cargo media hash and filename; not observed in Phase 1 delivery,T3025368792464646457578161223481,Loop-Card_3D-Animation-cargo.webm,original,,1664,1248,unknown,unknown,unknown,unknown,unknown,webm,video/webm,unknown,none,none (unreferenced),false,none,docs/audits/2026-07-20T175853-0400-round-80/local/source-manifest.tsv: no unambiguous source match exists in the frozen Phase 1 source manifest,unknown,docs/audits/2026-07-20T175853-0400-round-80/cargo-draft/media-inventory.tsv,medium,no unambiguous source match exists in the frozen Phase 1 source manifest; alpha channel was not decoded in Phase 1; Cargo library in_use=False; bodycopy reference is authoritative
b9614ffdd0aaa0746c17,video,Cargo library,unknown,,unknown,https://freight.cargo.site/t/original/i/E3025368763060536404085135947577/Loop-Wrapped_Animated-illustration-cargo-alpha.webm,https://freight.cargo.site/t/original/i/E3025368763060536404085135947577/Loop-Wrapped_Animated-illustration-cargo-alpha.webm,derived from Cargo media hash and filename; not observed in Phase 1 delivery,E3025368763060536404085135947577,Loop-Wrapped_Animated-illustration-cargo-alpha.webm,original,,1248,1664,unknown,unknown,unknown,unknown,unknown,webm,video/webm,unknown,none,none (unreferenced),false,none,docs/audits/2026-07-20T175853-0400-round-80/local/source-manifest.tsv: no unambiguous source match exists in the frozen Phase 1 source manifest,unknown,docs/audits/2026-07-20T175853-0400-round-80/cargo-draft/media-inventory.tsv,medium,no unambiguous source match exists in the frozen Phase 1 source manifest; alpha channel was not decoded in Phase 1; Cargo library in_use=False; bodycopy reference is authoritative
083b93c91bb668ad7944,video,Cargo library,unknown,,unknown,https://freight.cargo.site/t/original/i/D3028474672904159247334055130937/mandy-hf-alpha-v2.mp4,https://freight.cargo.site/t/original/i/D3028474672904159247334055130937/mandy-hf-alpha-v2.mp4,derived from Cargo media hash and filename; not observed in Phase 1 delivery,D3028474672904159247334055130937,mandy-hf-alpha-v2.mp4,original,,1392,900,unknown,unknown,unknown,unknown,unknown,mp4,video/mp4,unknown,none,none (unreferenced),false,none,docs/audits/2026-07-20T175853-0400-round-80/local/source-manifest.tsv: no unambiguous source match exists in the frozen Phase 1 source manifest,unknown,docs/audits/2026-07-20T175853-0400-round-80/cargo-draft/media-inventory.tsv,medium,no unambiguous source match exists in the frozen Phase 1 source manifest; alpha channel was not decoded in Phase 1; Cargo library in_use=False; bodycopy reference is authoritative
37d1024209d09c489fa4,video,Cargo library,unknown,,unknown,https://freight.cargo.site/t/original/i/M3028473484804713691922964199225/mandy-hf-alpha-v2.mp4,https://freight.cargo.site/t/original/i/M3028473484804713691922964199225/mandy-hf-alpha-v2.mp4,derived from Cargo media hash and filename; not observed in Phase 1 delivery,M3028473484804713691922964199225,mandy-hf-alpha-v2.mp4,original,,1392,900,unknown,unknown,unknown,unknown,unknown,mp4,video/mp4,unknown,none,none (unreferenced),false,none,docs/audits/2026-07-20T175853-0400-round-80/local/source-manifest.tsv: no unambiguous source match exists in the frozen Phase 1 source manifest,unknown,docs/audits/2026-07-20T175853-0400-round-80/cargo-draft/media-inventory.tsv,medium,no unambiguous source match exists in the frozen Phase 1 source manifest; alpha channel was not decoded in Phase 1; Cargo library in_use=False; bodycopy reference is authoritative
b9c91b8a56ce660f1faf,video,Cargo library,unknown,,unknown,https://freight.cargo.site/t/original/i/W3025156318955695727336223192889/Mockup_Video-Truck_V7-cargo-small.webm,https://freight.cargo.site/t/original/i/W3025156318955695727336223192889/Mockup_Video-Truck_V7-cargo-small.webm,derived from Cargo media hash and filename; not observed in Phase 1 delivery,W3025156318955695727336223192889,Mockup_Video-Truck_V7-cargo-small.webm,original,,1280,960,unknown,unknown,unknown,unknown,unknown,webm,video/webm,unknown,none,none (unreferenced),false,none,docs/audits/2026-07-20T175853-0400-round-80/local/source-manifest.tsv: no unambiguous source match exists in the frozen Phase 1 source manifest,unknown,docs/audits/2026-07-20T175853-0400-round-80/cargo-draft/media-inventory.tsv,medium,no unambiguous source match exists in the frozen Phase 1 source manifest; alpha channel was not decoded in Phase 1; Cargo library in_use=False; bodycopy reference is authoritative
a60d5bc17a7dc1d327ef,video,Cargo library,unknown,,unknown,https://freight.cargo.site/t/original/i/D3025151369269985637368204932921/OOH_Train-Station_Video-Slide-cargo-small.webm,https://freight.cargo.site/t/original/i/D3025151369269985637368204932921/OOH_Train-Station_Video-Slide-cargo-small.webm,derived from Cargo media hash and filename; not observed in Phase 1 delivery,D3025151369269985637368204932921,OOH_Train-Station_Video-Slide-cargo-small.webm,original,,1600,1062,unknown,unknown,unknown,unknown,unknown,webm,video/webm,unknown,none,none (unreferenced),false,none,docs/audits/2026-07-20T175853-0400-round-80/local/source-manifest.tsv: no unambiguous source match exists in the frozen Phase 1 source manifest,unknown,docs/audits/2026-07-20T175853-0400-round-80/cargo-draft/media-inventory.tsv,medium,no unambiguous source match exists in the frozen Phase 1 source manifest; alpha channel was not decoded in Phase 1; Cargo library in_use=False; bodycopy reference is authoritative
8ccdecfd82e6de15201d,video,Cargo library,unknown,,unknown,https://freight.cargo.site/t/original/i/N3028244212085742707350593648441/randompics-slideshow.webm,https://freight.cargo.site/t/original/i/N3028244212085742707350593648441/randompics-slideshow.webm,derived from Cargo media hash and filename; not observed in Phase 1 delivery,N3028244212085742707350593648441,randompics-slideshow.webm,original,,900,1390,unknown,unknown,unknown,unknown,unknown,webm,video/webm,unknown,none,none (unreferenced),false,none,docs/audits/2026-07-20T175853-0400-round-80/local/source-manifest.tsv: no unambiguous source match exists in the frozen Phase 1 source manifest,unknown,docs/audits/2026-07-20T175853-0400-round-80/cargo-draft/media-inventory.tsv,medium,no unambiguous source match exists in the frozen Phase 1 source manifest; alpha channel was not decoded in Phase 1; Cargo library in_use=False; bodycopy reference is authoritative
447605d3717e5262e126,video,Cargo library,unknown,,unknown,https://freight.cargo.site/t/original/i/K3025157075364436469796387206969/SATAIC-transformation-Comp-cargo-small.webm,https://freight.cargo.site/t/original/i/K3025157075364436469796387206969/SATAIC-transformation-Comp-cargo-small.webm,derived from Cargo media hash and filename; not observed in Phase 1 delivery,K3025157075364436469796387206969,SATAIC-transformation-Comp-cargo-small.webm,original,,1080,1440,unknown,unknown,unknown,unknown,unknown,webm,video/webm,unknown,none,none (unreferenced),false,none,docs/audits/2026-07-20T175853-0400-round-80/local/source-manifest.tsv: no unambiguous source match exists in the frozen Phase 1 source manifest,unknown,docs/audits/2026-07-20T175853-0400-round-80/cargo-draft/media-inventory.tsv,medium,no unambiguous source match exists in the frozen Phase 1 source manifest; alpha channel was not decoded in Phase 1; Cargo library in_use=False; bodycopy reference is authoritative
e0ede9d91f349af51f63,video,Cargo library,unknown,,unknown,https://freight.cargo.site/t/original/i/M3026322101198229371284837939001/v3_Loop-Wrapped_Animated-illustration-cargo-small.webm,https://freight.cargo.site/t/original/i/M3026322101198229371284837939001/v3_Loop-Wrapped_Animated-illustration-cargo-small.webm,derived from Cargo media hash and filename; not observed in Phase 1 delivery,M3026322101198229371284837939001,v3_Loop-Wrapped_Animated-illustration-cargo-small.webm,original,,1440,1440,unknown,unknown,unknown,unknown,unknown,webm,video/webm,unknown,none,none (unreferenced),false,none,docs/audits/2026-07-20T175853-0400-round-80/local/source-manifest.tsv: no unambiguous source match exists in the frozen Phase 1 source manifest,unknown,docs/audits/2026-07-20T175853-0400-round-80/cargo-draft/media-inventory.tsv,medium,no unambiguous source match exists in the frozen Phase 1 source manifest; alpha channel was not decoded in Phase 1; Cargo library in_use=False; bodycopy reference is authoritative
dcbb057362abec9e8ac4,video,home,anyday,anyday-03,unknown,https://freight.cargo.site/t/original/i/G3028308706570050646591559743289/anyday-hotel-report-h264.mp4,https://freight.cargo.site/t/original/i/G3028308706570050646591559743289/anyday-hotel-report-h264.mp4,observed in the Phase 1 Freight probe or captured bodycopy,G3028308706570050646591559743289,anyday-hotel-report-h264.mp4,original,,1600,1600,504,504,896,896,1.35x of measured requirement (width-limited; max observed DPR 3),mp4,video/mp4,no,poster=https://freight.cargo.site/t/original/i/R3031232462416004166386606192441/18-anyday-hotel-report-h264-poster.jpg,near,true,home:video[data-src]/original,docs/audits/2026-07-20T175853-0400-round-80/local/source-manifest.tsv: no unambiguous source match exists in the frozen Phase 1 source manifest,unknown,docs/audits/2026-07-20T175853-0400-round-80/cargo-draft/media-inventory.tsv; docs/audits/2026-07-20T175853-0400-round-80/freight/asset-manifest.csv,high,no unambiguous source match exists in the frozen Phase 1 source manifest; decoded pixel format yuv420p; Cargo library in_use=False; bodycopy reference is authoritative; rendered maxima imported from audit/assets/rendered-media-measurements.json
a551e912d78754de154b,video,home,anyday,anyday-01,unknown,https://freight.cargo.site/t/original/i/E3028308676907686176066600744761/anyday-logo-slideshow-v3-h264.mp4,https://freight.cargo.site/t/original/i/E3028308676907686176066600744761/anyday-logo-slideshow-v3-h264.mp4,observed in the Phase 1 Freight probe or captured bodycopy,E3028308676907686176066600744761,anyday-logo-slideshow-v3-h264.mp4,original,,2042,1364,565,376,1004.438,668.438,1.56x of measured requirement (width-limited; max observed DPR 3),mp4,video/mp4,no,poster=https://freight.cargo.site/t/original/i/P3031232402132044533503791511353/16-anyday-logo-slideshow-v3-h264-poster.jpg,near,true,home:video[data-src]/original,docs/audits/2026-07-20T175853-0400-round-80/local/source-manifest.tsv: no unambiguous source match exists in the frozen Phase 1 source manifest,unknown,docs/audits/2026-07-20T175853-0400-round-80/cargo-draft/media-inventory.tsv; docs/audits/2026-07-20T175853-0400-round-80/freight/asset-manifest.csv,high,no unambiguous source match exists in the frozen Phase 1 source manifest; decoded pixel format yuv420p; Cargo library in_use=False; bodycopy reference is authoritative; rendered maxima imported from audit/assets/rendered-media-measurements.json
c97631ccb5b40df9447c,video,home,anyday,anyday-02,unknown,https://freight.cargo.site/t/original/i/L3028308691757315155402789795641/anyday-money-moments-h264.mp4,https://freight.cargo.site/t/original/i/L3028308691757315155402789795641/anyday-money-moments-h264.mp4,observed in the Phase 1 Freight probe or captured bodycopy,L3028308691757315155402789795641,anyday-money-moments-h264.mp4,original,,1440,1440,308,308,593.906,593.906,1.21x of measured requirement (width-limited; max observed DPR 3),mp4,video/mp4,no,poster=https://freight.cargo.site/t/original/i/T3031232431296346914038592616249/17-anyday-money-moments-h264-poster.jpg,near,true,home:video[data-src]/original,docs/audits/2026-07-20T175853-0400-round-80/local/source-manifest.tsv: no unambiguous source match exists in the frozen Phase 1 source manifest,unknown,docs/audits/2026-07-20T175853-0400-round-80/cargo-draft/media-inventory.tsv; docs/audits/2026-07-20T175853-0400-round-80/freight/asset-manifest.csv,high,no unambiguous source match exists in the frozen Phase 1 source manifest; decoded pixel format yuv420p; Cargo library in_use=False; bodycopy reference is authoritative; rendered maxima imported from audit/assets/rendered-media-measurements.json
8ffa1530805e06ce530f,video,home,anyday,anyday-05,unknown,https://freight.cargo.site/t/original/i/I3028308721419679625927748794169/anyday-scroller-h264.mp4,https://freight.cargo.site/t/original/i/I3028308721419679625927748794169/anyday-scroller-h264.mp4,observed in the Phase 1 Freight probe or captured bodycopy,I3028308721419679625927748794169,anyday-scroller-h264.mp4,original,,704,939,351.9,469.2,625.594,834.125,0.64x of measured requirement (width-limited; max observed DPR 3),mp4,video/mp4,no,poster=https://freight.cargo.site/t/original/i/M3031232490676416087309639268153/19-anyday-scroller-h264-poster.jpg,near,true,home:video[data-src]/original,docs/audits/2026-07-20T175853-0400-round-80/local/source-manifest.tsv: no unambiguous source match exists in the frozen Phase 1 source manifest,unknown,docs/audits/2026-07-20T175853-0400-round-80/cargo-draft/media-inventory.tsv; docs/audits/2026-07-20T175853-0400-round-80/freight/asset-manifest.csv,high,no unambiguous source match exists in the frozen Phase 1 source manifest; decoded pixel format yuv420p; Cargo library in_use=False; bodycopy reference is authoritative; rendered maxima imported from audit/assets/rendered-media-measurements.json
0d23c48e70b1b7ab0b10,video,home,curate,curate-02,unknown,https://freight.cargo.site/t/original/i/R3028308736250861861190228293433/curate-image1-vid-h264.mp4,https://freight.cargo.site/t/original/i/R3028308736250861861190228293433/curate-image1-vid-h264.mp4,observed in the Phase 1 Freight probe or captured bodycopy,R3028308736250861861190228293433,curate-image1-vid-h264.mp4,original,,1600,900,894,504,1589.328,896,1.00x of measured requirement (height-limited; max observed DPR 3),mp4,video/mp4,no,poster=https://freight.cargo.site/t/original/i/F3031232519896058700065569027897/20-curate-image1-vid-h264-poster.jpg,near,true,home:video[data-src]/original,docs/audits/2026-07-20T175853-0400-round-80/local/source-manifest.tsv: no unambiguous source match exists in the frozen Phase 1 source manifest,unknown,docs/audits/2026-07-20T175853-0400-round-80/cargo-draft/media-inventory.tsv; docs/audits/2026-07-20T175853-0400-round-80/freight/asset-manifest.csv,high,no unambiguous source match exists in the frozen Phase 1 source manifest; decoded pixel format yuv420p; Cargo library in_use=False; bodycopy reference is authoritative; rendered maxima imported from audit/assets/rendered-media-measurements.json
460335f46bdb8615e52a,video,home,deadgood,deadgood-03,unknown,https://freight.cargo.site/t/original/i/W3028244200907015798682605369145/dg-slides.mp4,https://freight.cargo.site/t/original/i/W3028244200907015798682605369145/dg-slides.mp4,observed in the Phase 1 Freight probe or captured bodycopy,W3028244200907015798682605369145,dg-slides.mp4,original,,1004,874,579,504,1029.328,896,0.77x of measured requirement (width-limited; max observed DPR 3),mp4,video/mp4,no,poster=https://freight.cargo.site/t/original/i/N3031232606872457007606104897337/23-dg-slides-poster.jpg,near,true,home:video[data-src]/original,docs/audits/2026-07-20T175853-0400-round-80/local/source-manifest.tsv: no unambiguous source match exists in the frozen Phase 1 source manifest,unknown,docs/audits/2026-07-20T175853-0400-round-80/cargo-draft/media-inventory.tsv; docs/audits/2026-07-20T175853-0400-round-80/freight/asset-manifest.csv,high,no unambiguous source match exists in the frozen Phase 1 source manifest; decoded pixel format yuv420p; Cargo library in_use=False; bodycopy reference is authoritative; rendered maxima imported from audit/assets/rendered-media-measurements.json
e66b24d437bffd34e21f,video,home,eviive,eviive-02,unknown,https://freight.cargo.site/t/original/i/F3022813868419761244926460344121/6x-images-for-MMS_EVIIVE_Image-5-web-smooth-hq-white-bg.mp4,https://freight.cargo.site/t/original/i/F3022813868419761244926460344121/6x-images-for-MMS_EVIIVE_Image-5-web-smooth-hq-white-bg.mp4,observed in the Phase 1 Freight probe or captured bodycopy,F3022813868419761244926460344121,6x-images-for-MMS_EVIIVE_Image-5-web-smooth-hq-white-bg.mp4,original,,1600,1600,279,279,593.906,593.906,1.35x of measured requirement (width-limited; max observed DPR 3),mp4,video/mp4,no,poster=https://freight.cargo.site/t/original/i/V3031232001837698134006521444153/02-6x-images-for-MMS_EVIIVE_Image-5-web-smooth-hq-white-bg-poster.jpg,critical,true,home:video[data-src]/original,docs/audits/2026-07-20T175853-0400-round-80/local/source-manifest.tsv: no unambiguous source match exists in the frozen Phase 1 source manifest,unknown,docs/audits/2026-07-20T175853-0400-round-80/cargo-draft/media-inventory.tsv; docs/audits/2026-07-20T175853-0400-round-80/freight/asset-manifest.csv,high,no unambiguous source match exists in the frozen Phase 1 source manifest; decoded pixel format yuv420p; Cargo library in_use=False; bodycopy reference is authoritative; rendered maxima imported from audit/assets/rendered-media-measurements.json
4e815d60b0aeea3f4b05,video,home,eviive,eviive-05,unknown,https://freight.cargo.site/t/original/i/B3028308528632757311589224855353/Final_Navy_EVIIVE-Logo-Animation_Jul-2026-web-hq-1800-h264.mp4,https://freight.cargo.site/t/original/i/B3028308528632757311589224855353/Final_Navy_EVIIVE-Logo-Animation_Jul-2026-web-hq-1800-h264.mp4,observed in the Phase 1 Freight probe or captured bodycopy,B3028308528632757311589224855353,Final_Navy_EVIIVE-Logo-Animation_Jul-2026-web-hq-1800-h264.mp4,original,,1800,1200,558,372,992,661.328,1.38x of measured requirement (width-limited; max observed DPR 3),mp4,video/mp4,no,poster=https://freight.cargo.site/t/original/i/B3031232030079663310855844968249/03-Final_Navy_EVIIVE-Logo-Animation_Jul-2026-web-hq-1800-h264-poster.jpg,near,true,home:video[data-src]/original,docs/audits/2026-07-20T175853-0400-round-80/local/source-manifest.tsv: no unambiguous source match exists in the frozen Phase 1 source manifest,unknown,docs/audits/2026-07-20T175853-0400-round-80/cargo-draft/media-inventory.tsv; docs/audits/2026-07-20T175853-0400-round-80/freight/asset-manifest.csv,high,no unambiguous source match exists in the frozen Phase 1 source manifest; decoded pixel format yuv420p; Cargo library in_use=False; bodycopy reference is authoritative; rendered maxima imported from audit/assets/rendered-media-measurements.json
bb88bdc49fb7ab306895,video,home,eviive,eviive-01,unknown,https://freight.cargo.site/t/original/i/W3028308513949149028916421769017/Logo-symbol_Animation_EVIIVE-cargo-h264.mp4,https://freight.cargo.site/t/original/i/W3028308513949149028916421769017/Logo-symbol_Animation_EVIIVE-cargo-h264.mp4,observed in the Phase 1 Freight probe or captured bodycopy,W3028308513949149028916421769017,Logo-symbol_Animation_EVIIVE-cargo-h264.mp4,original,,2160,2160,432,432,768,768,1.82x of measured requirement (width-limited; max observed DPR 3),mp4,video/mp4,no,poster=https://freight.cargo.site/t/original/i/A3031230889628157697836525860665/01-Logo-symbol_Animation_EVIIVE-cargo-h264-poster.jpg,critical,true,home:video[data-src]/original,docs/audits/2026-07-20T175853-0400-round-80/local/source-manifest.tsv: no unambiguous source match exists in the frozen Phase 1 source manifest,unknown,docs/audits/2026-07-20T175853-0400-round-80/cargo-draft/media-inventory.tsv; docs/audits/2026-07-20T175853-0400-round-80/freight/asset-manifest.csv,high,no unambiguous source match exists in the frozen Phase 1 source manifest; decoded pixel format yuv420p; Cargo library in_use=False; bodycopy reference is authoritative; rendered maxima imported from audit/assets/rendered-media-measurements.json
edcb72af238cc23c0bf1,video,home,loop,loop-03,unknown,https://freight.cargo.site/t/original/i/S3028308662094950684877830797113/Loop-Card_3D-Animation-cargo-h264.mp4,https://freight.cargo.site/t/original/i/S3028308662094950684877830797113/Loop-Card_3D-Animation-cargo-h264.mp4,observed in the Phase 1 Freight probe or captured bodycopy,S3028308662094950684877830797113,Loop-Card_3D-Animation-cargo-h264.mp4,original,,1664,1248,472,354,839.109,629.328,1.27x of measured requirement (width-limited; max observed DPR 3),mp4,video/mp4,no,poster=https://freight.cargo.site/t/original/i/P3031232318789654808484037310265/13-Loop-Card_3D-Animation-cargo-h264-poster.jpg,near,true,home:video[data-src]/original,docs/audits/2026-07-20T175853-0400-round-80/local/source-manifest.tsv: no unambiguous source match exists in the frozen Phase 1 source manifest,unknown,docs/audits/2026-07-20T175853-0400-round-80/cargo-draft/media-inventory.tsv; docs/audits/2026-07-20T175853-0400-round-80/freight/asset-manifest.csv,high,no unambiguous source match exists in the frozen Phase 1 source manifest; decoded pixel format yuv420p; Cargo library in_use=False; bodycopy reference is authoritative; rendered maxima imported from audit/assets/rendered-media-measurements.json
901b29c5c6af2c424c94,video,home,loop,loop-02,unknown,https://freight.cargo.site/t/original/i/K3028308647282215193689060849465/v3_Loop-Wrapped_Animated-illustration-cargo-small-h264.mp4,https://freight.cargo.site/t/original/i/K3028308647282215193689060849465/v3_Loop-Wrapped_Animated-illustration-cargo-small-h264.mp4,observed in the Phase 1 Freight probe or captured bodycopy,K3028308647282215193689060849465,v3_Loop-Wrapped_Animated-illustration-cargo-small-h264.mp4,original,,1440,1440,504,504,896,896,1.21x of measured requirement (width-limited; max observed DPR 3),mp4,video/mp4,no,poster=https://freight.cargo.site/t/original/i/Y3031232291119538697919709886265/12-v3_Loop-Wrapped_Animated-illustration-cargo-small-h264-poster.jpg,near,true,home:video[data-src]/original,docs/audits/2026-07-20T175853-0400-round-80/local/source-manifest.tsv: no unambiguous source match exists in the frozen Phase 1 source manifest,unknown,docs/audits/2026-07-20T175853-0400-round-80/cargo-draft/media-inventory.tsv; docs/audits/2026-07-20T175853-0400-round-80/freight/asset-manifest.csv,high,no unambiguous source match exists in the frozen Phase 1 source manifest; decoded pixel format yuv420p; Cargo library in_use=False; bodycopy reference is authoritative; rendered maxima imported from audit/assets/rendered-media-measurements.json
06a82f497418e40b9427,video,home,mandy,mandy-02,unknown,https://freight.cargo.site/t/original/i/V3025158174716596286590825314105/hf_20260708_032138_2ca7e18b-6113-498e-9b3e-603f187014fb-alpha-small-ratio-1.5466.webm,https://freight.cargo.site/t/original/i/V3025158174716596286590825314105/hf_20260708_032138_2ca7e18b-6113-498e-9b3e-603f187014fb-alpha-small-ratio-1.5466.webm,observed in the Phase 1 Freight probe or captured bodycopy,V3025158174716596286590825314105,hf_20260708_032138_2ca7e18b-6113-498e-9b3e-603f187014fb-alpha-small-ratio-1.5466.webm,original,,1392,900,779,504,1384.875,896,0.72x of measured requirement (height-limited; max observed DPR 3),webm,video/webm,no,poster=https://freight.cargo.site/t/original/i/N3031232263191168170323448739641/11-hf_20260708_032138_2ca7e18b-6113-498e-9b3e-603f187014fb-alpha-small-ratio-1.5466-poster.png; fallback=https://freight.cargo.site/t/original/i/E3028483072094117632840806479673/mandy-hf-alpha-v2.mp4,near,true,home:video[data-src]/original,docs/audits/2026-07-20T175853-0400-round-80/local/source-manifest.tsv: no unambiguous source match exists in the frozen Phase 1 source manifest,unknown,docs/audits/2026-07-20T175853-0400-round-80/cargo-draft/media-inventory.tsv; docs/audits/2026-07-20T175853-0400-round-80/freight/asset-manifest.csv,high,no unambiguous source match exists in the frozen Phase 1 source manifest; decoded pixel format yuv420p; Cargo library in_use=False; bodycopy reference is authoritative; rendered maxima imported from audit/assets/rendered-media-measurements.json
60f7f930bd3afe622206,video,home,mandy,mandy-02,unknown,https://freight.cargo.site/t/original/i/E3028483072094117632840806479673/mandy-hf-alpha-v2.mp4,https://freight.cargo.site/t/original/i/E3028483072094117632840806479673/mandy-hf-alpha-v2.mp4,observed in the Phase 1 Freight probe or captured bodycopy,E3028483072094117632840806479673,mandy-hf-alpha-v2.mp4,original,,1392,900,779,504,1384.875,896,0.72x of measured requirement (height-limited; max observed DPR 3),mp4,video/mp4,no,fallback for https://freight.cargo.site/t/original/i/V3025158174716596286590825314105/hf_20260708_032138_2ca7e18b-6113-498e-9b3e-603f187014fb-alpha-small-ratio-1.5466.webm,near,true,home:video[data-mp4]/original,docs/audits/2026-07-20T175853-0400-round-80/local/source-manifest.tsv: no unambiguous source match exists in the frozen Phase 1 source manifest,unknown,docs/audits/2026-07-20T175853-0400-round-80/cargo-draft/media-inventory.tsv; docs/audits/2026-07-20T175853-0400-round-80/freight/asset-manifest.csv,high,no unambiguous source match exists in the frozen Phase 1 source manifest; decoded pixel format yuv420p; Cargo library in_use=False; bodycopy reference is authoritative; rendered maxima imported from audit/assets/rendered-media-measurements.json
c6cd09279d0bd69d0aca,video,home,mandy,mandy-01,unknown,https://freight.cargo.site/t/original/i/S3028308617638297467237811402553/SATAIC-transformation-Comp-cargo-small-h264.mp4,https://freight.cargo.site/t/original/i/S3028308617638297467237811402553/SATAIC-transformation-Comp-cargo-small-h264.mp4,observed in the Phase 1 Freight probe or captured bodycopy,S3028308617638297467237811402553,SATAIC-transformation-Comp-cargo-small-h264.mp4,original,,1080,1440,675,900,1200,1600,0.90x of measured requirement (width-limited; max observed DPR 3),mp4,video/mp4,no,poster=https://freight.cargo.site/t/original/i/C3031232234580268111999934183225/10-SATAIC-transformation-Comp-cargo-small-h264-poster.jpg,near,true,home:video[data-src]/original,docs/audits/2026-07-20T175853-0400-round-80/local/source-manifest.tsv: no unambiguous source match exists in the frozen Phase 1 source manifest,unknown,docs/audits/2026-07-20T175853-0400-round-80/cargo-draft/media-inventory.tsv; docs/audits/2026-07-20T175853-0400-round-80/freight/asset-manifest.csv,high,no unambiguous source match exists in the frozen Phase 1 source manifest; decoded pixel format yuv420p; Cargo library in_use=False; bodycopy reference is authoritative; rendered maxima imported from audit/assets/rendered-media-measurements.json
e8a4a5326eb27d978ca4,video,home,montran,montran-03,unknown,https://freight.cargo.site/t/original/i/C3026651793472485332597365847865/montran-icon-animation.mp4,https://freight.cargo.site/t/original/i/C3026651793472485332597365847865/montran-icon-animation.mp4,observed in the Phase 1 Freight probe or captured bodycopy,C3026651793472485332597365847865,montran-icon-animation.mp4,original,,1280,1280,400,400,711.109,711.109,1.08x of measured requirement (width-limited; max observed DPR 3),mp4,video/mp4,no,poster=https://freight.cargo.site/t/original/i/G3031232346146176269795302356793/14-montran-icon-animation-poster.jpg,near,true,home:video[data-src]/original,docs/audits/2026-07-20T175853-0400-round-80/local/source-manifest.tsv: no unambiguous source match exists in the frozen Phase 1 source manifest,unknown,docs/audits/2026-07-20T175853-0400-round-80/cargo-draft/media-inventory.tsv; docs/audits/2026-07-20T175853-0400-round-80/freight/asset-manifest.csv,high,no unambiguous source match exists in the frozen Phase 1 source manifest; decoded pixel format yuv420p; Cargo library in_use=False; bodycopy reference is authoritative; rendered maxima imported from audit/assets/rendered-media-measurements.json
3a1e08c81cfadf91e215,video,home,montran,montran-05,unknown,https://freight.cargo.site/t/original/i/E3026651808137646871196459382585/Montran_CSD_RS_EN-noaudio.mp4,https://freight.cargo.site/t/original/i/E3026651808137646871196459382585/Montran_CSD_RS_EN-noaudio.mp4,observed in the Phase 1 Freight probe or captured bodycopy,E3026651808137646871196459382585,Montran_CSD_RS_EN-noaudio.mp4,original,,1080,1350,403,504,716.438,896,0.98x of measured requirement (height-limited; max observed DPR 3),mp4,video/mp4,no,poster=https://freight.cargo.site/t/original/i/Y3031232375033777489224460187449/15-Montran_CSD_RS_EN-noaudio-poster.jpg,near,true,home:video[data-src]/original,docs/audits/2026-07-20T175853-0400-round-80/local/source-manifest.tsv: no unambiguous source match exists in the frozen Phase 1 source manifest,unknown,docs/audits/2026-07-20T175853-0400-round-80/cargo-draft/media-inventory.tsv; docs/audits/2026-07-20T175853-0400-round-80/freight/asset-manifest.csv,high,no unambiguous source match exists in the frozen Phase 1 source manifest; decoded pixel format yuv420p; Cargo library in_use=False; bodycopy reference is authoritative; rendered maxima imported from audit/assets/rendered-media-measurements.json
4ea208a019b9de5fea83,video,home,purelove,purelove-05,unknown,https://freight.cargo.site/t/original/i/S3028279585838879613892415764281/purelove-flash.mp4,https://freight.cargo.site/t/original/i/S3028279585838879613892415764281/purelove-flash.mp4,observed in the Phase 1 Freight probe or captured bodycopy,S3028279585838879613892415764281,purelove-flash.mp4,original,,1200,1600,336.3,448.4,597.859,797.141,1.09x of measured requirement (width-limited; max observed DPR 3),mp4,video/mp4,no,poster=https://freight.cargo.site/t/original/i/N3031232577062518584491469485881/22-purelove-flash-poster.jpg,near,true,home:video[data-src]/original,docs/audits/2026-07-20T175853-0400-round-80/local/source-manifest.tsv: no unambiguous source match exists in the frozen Phase 1 source manifest,unknown,docs/audits/2026-07-20T175853-0400-round-80/cargo-draft/media-inventory.tsv; docs/audits/2026-07-20T175853-0400-round-80/freight/asset-manifest.csv,high,no unambiguous source match exists in the frozen Phase 1 source manifest; decoded pixel format yuv420p; Cargo library in_use=False; bodycopy reference is authoritative; rendered maxima imported from audit/assets/rendered-media-measurements.json
4aa04e65aa1683f19e00,video,home,randompics,randompics-01,unknown,https://freight.cargo.site/t/original/i/L3028308751008257120157869586233/randompics-slideshow-h264.mp4,https://freight.cargo.site/t/original/i/L3028308751008257120157869586233/randompics-slideshow-h264.mp4,observed in the Phase 1 Freight probe or captured bodycopy,L3028308751008257120157869586233,randompics-slideshow-h264.mp4,original,,864,1334,432,667.2,869.547,1342.953,0.66x of measured requirement (height-limited; max observed DPR 3),mp4,video/mp4,no,poster=https://freight.cargo.site/t/original/i/F3031232547566174810629896451897/21-randompics-slideshow-h264-poster.jpg,near,true,home:video[data-src]/original; home:video[src]/original,docs/audits/2026-07-20T175853-0400-round-80/local/source-manifest.tsv: no unambiguous source match exists in the frozen Phase 1 source manifest,unknown,docs/audits/2026-07-20T175853-0400-round-80/cargo-draft/media-inventory.tsv; docs/audits/2026-07-20T175853-0400-round-80/freight/asset-manifest.csv,high,no unambiguous source match exists in the frozen Phase 1 source manifest; decoded pixel format yuv420p; Cargo library in_use=False; bodycopy reference is authoritative; rendered maxima imported from audit/assets/rendered-media-measurements.json
0a24ba5500662d21fcd3,video,home,touchbaes,touchbaes-01,unknown,https://freight.cargo.site/t/original/i/V3028308587975932996712852404025/3d-animation_social-nov-8-cargo-under-1mb-1080-h264.mp4,https://freight.cargo.site/t/original/i/V3028308587975932996712852404025/3d-animation_social-nov-8-cargo-under-1mb-1080-h264.mp4,observed in the Phase 1 Freight probe or captured bodycopy,V3028308587975932996712852404025,3d-animation_social-nov-8-cargo-under-1mb-1080-h264.mp4,original,,834,834,417,417,741.328,741.328,0.70x of measured requirement (width-limited; max observed DPR 3),mp4,video/mp4,no,poster=https://freight.cargo.site/t/original/i/P3031232147548529572238269658937/07-3d-animation_social-nov-8-cargo-under-1mb-1080-h264-poster.jpg,near,true,home:video[data-src]/original,docs/audits/2026-07-20T175853-0400-round-80/local/source-manifest.tsv: no unambiguous source match exists in the frozen Phase 1 source manifest,unknown,docs/audits/2026-07-20T175853-0400-round-80/cargo-draft/media-inventory.tsv; docs/audits/2026-07-20T175853-0400-round-80/freight/asset-manifest.csv,high,no unambiguous source match exists in the frozen Phase 1 source manifest; decoded pixel format yuv420p; Cargo library in_use=False; bodycopy reference is authoritative; rendered maxima imported from audit/assets/rendered-media-measurements.json
0c9ea0541fd301464eb6,video,home,touchbaes,touchbaes-02,unknown,https://freight.cargo.site/t/original/i/K3028483048076456848870970275641/8bit-girls-alpha-v2.mp4,https://freight.cargo.site/t/original/i/K3028483048076456848870970275641/8bit-girls-alpha-v2.mp4,observed in the Phase 1 Freight probe or captured bodycopy,K3028483048076456848870970275641,8bit-girls-alpha-v2.mp4,original,,1080,1920,278,494,494.219,878.219,1.18x of measured requirement (width-limited; max observed DPR 3),mp4,video/mp4,no,fallback for https://freight.cargo.site/t/original/i/C3022812573698134943474161071929/8bit-girls-final-alpha-1080.webm,near,true,home:video[data-mp4]/original,docs/audits/2026-07-20T175853-0400-round-80/local/source-manifest.tsv: no unambiguous source match exists in the frozen Phase 1 source manifest,unknown,docs/audits/2026-07-20T175853-0400-round-80/cargo-draft/media-inventory.tsv; docs/audits/2026-07-20T175853-0400-round-80/freight/asset-manifest.csv,high,no unambiguous source match exists in the frozen Phase 1 source manifest; decoded pixel format yuv420p; Cargo library in_use=False; bodycopy reference is authoritative; rendered maxima imported from audit/assets/rendered-media-measurements.json
4f13bdf8decc5203a043,video,home,touchbaes,touchbaes-02,unknown,https://freight.cargo.site/t/original/i/C3022812573698134943474161071929/8bit-girls-final-alpha-1080.webm,https://freight.cargo.site/t/original/i/C3022812573698134943474161071929/8bit-girls-final-alpha-1080.webm,observed in the Phase 1 Freight probe or captured bodycopy,C3022812573698134943474161071929,8bit-girls-final-alpha-1080.webm,original,,1080,1920,278,494,494.219,878.219,1.18x of measured requirement (width-limited; max observed DPR 3),webm,video/webm,no,poster=https://freight.cargo.site/t/original/i/L3031232176454577535741137041209/08-8bit-girls-final-alpha-1080-poster.png; fallback=https://freight.cargo.site/t/original/i/K3028483048076456848870970275641/8bit-girls-alpha-v2.mp4,near,true,home:video[data-src]/original,docs/audits/2026-07-20T175853-0400-round-80/local/source-manifest.tsv: no unambiguous source match exists in the frozen Phase 1 source manifest,unknown,docs/audits/2026-07-20T175853-0400-round-80/cargo-draft/media-inventory.tsv; docs/audits/2026-07-20T175853-0400-round-80/freight/asset-manifest.csv,high,no unambiguous source match exists in the frozen Phase 1 source manifest; decoded pixel format yuv420p; Cargo library in_use=False; bodycopy reference is authoritative; rendered maxima imported from audit/assets/rendered-media-measurements.json
4b950f7045e30914eda9,video,home,touchbaes,touchbaes-06,unknown,https://freight.cargo.site/t/original/i/K3022811110465501528685107787577/video-small.mp4,https://freight.cargo.site/t/original/i/K3022811110465501528685107787577/video-small.mp4,observed in the Phase 1 Freight probe or captured bodycopy,K3022811110465501528685107787577,video-small.mp4,original,,960,960,372,372,661.328,661.328,0.81x of measured requirement (width-limited; max observed DPR 3),mp4,video/mp4,no,poster=https://freight.cargo.site/t/original/i/Y3031232205692666892570776352569/09-video-small-poster.jpg,near,true,home:video[data-src]/original,docs/audits/2026-07-20T175853-0400-round-80/local/source-manifest.tsv: no unambiguous source match exists in the frozen Phase 1 source manifest,unknown,docs/audits/2026-07-20T175853-0400-round-80/cargo-draft/media-inventory.tsv; docs/audits/2026-07-20T175853-0400-round-80/freight/asset-manifest.csv,high,no unambiguous source match exists in the frozen Phase 1 source manifest; decoded pixel format yuv420p; Cargo library in_use=False; bodycopy reference is authoritative; rendered maxima imported from audit/assets/rendered-media-measurements.json
26effe2ce68aeb96c601,video,home,v7,v7-04,unknown,https://freight.cargo.site/t/original/i/B3028308558313568526187893405497/Freetothink_motionthecity_260303-upscaled-4x-retina-h264.mp4,https://freight.cargo.site/t/original/i/B3028308558313568526187893405497/Freetothink_motionthecity_260303-upscaled-4x-retina-h264.mp4,observed in the Phase 1 Freight probe or captured bodycopy,B3028308558313568526187893405497,Freetothink_motionthecity_260303-upscaled-4x-retina-h264.mp4,original,,3840,960,788,197,1400.875,350.219,1.95x of measured requirement (width-limited; max observed DPR 3),mp4,video/mp4,no,poster=https://freight.cargo.site/t/original/i/E3031232087873312493787870181177/05-Freetothink_motionthecity_260303-upscaled-4x-retina-h264-poster.jpg,near,true,home:video[data-src]/original,docs/audits/2026-07-20T175853-0400-round-80/local/source-manifest.tsv: no unambiguous source match exists in the frozen Phase 1 source manifest,unknown,docs/audits/2026-07-20T175853-0400-round-80/cargo-draft/media-inventory.tsv; docs/audits/2026-07-20T175853-0400-round-80/freight/asset-manifest.csv,high,no unambiguous source match exists in the frozen Phase 1 source manifest; decoded pixel format yuv420p; Cargo library in_use=False; bodycopy reference is authoritative; rendered maxima imported from audit/assets/rendered-media-measurements.json
06131704eb9c5cc17120,video,home,v7,v7-05,unknown,https://freight.cargo.site/t/original/i/P3028308573144750761450372904761/Mockup_Video-Truck_V7-cargo-small-h264.mp4,https://freight.cargo.site/t/original/i/P3028308573144750761450372904761/Mockup_Video-Truck_V7-cargo-small-h264.mp4,observed in the Phase 1 Freight probe or captured bodycopy,P3028308573144750761450372904761,Mockup_Video-Truck_V7-cargo-small-h264.mp4,original,,1280,960,672,504,1194.656,896,0.98x of measured requirement (width-limited; max observed DPR 3),mp4,video/mp4,no,poster=https://freight.cargo.site/t/original/i/J3031232116853147433585575769913/06-Mockup_Video-Truck_V7-cargo-small-h264-poster.jpg,near,true,home:video[data-src]/original,docs/audits/2026-07-20T175853-0400-round-80/local/source-manifest.tsv: no unambiguous source match exists in the frozen Phase 1 source manifest,unknown,docs/audits/2026-07-20T175853-0400-round-80/cargo-draft/media-inventory.tsv; docs/audits/2026-07-20T175853-0400-round-80/freight/asset-manifest.csv,high,no unambiguous source match exists in the frozen Phase 1 source manifest; decoded pixel format yuv420p; Cargo library in_use=False; bodycopy reference is authoritative; rendered maxima imported from audit/assets/rendered-media-measurements.json
2211efb40b9166ba892e,video,home,v7,v7-03,unknown,https://freight.cargo.site/t/original/i/X3028308543445492802777994803001/OOH_Train-Station_Video-Slide-cargo-small-h264.mp4,https://freight.cargo.site/t/original/i/X3028308543445492802777994803001/OOH_Train-Station_Video-Slide-cargo-small-h264.mp4,observed in the Phase 1 Freight probe or captured bodycopy,X3028308543445492802777994803001,OOH_Train-Station_Video-Slide-cargo-small-h264.mp4,original,,1600,1062,759,504,1349.328,896,1.19x of measured requirement (height-limited; max observed DPR 3),mp4,video/mp4,no,poster=https://freight.cargo.site/t/original/i/B3031232058413862208073716250425/04-OOH_Train-Station_Video-Slide-cargo-small-h264-poster.jpg,near,true,home:video[data-src]/original,docs/audits/2026-07-20T175853-0400-round-80/local/source-manifest.tsv: no unambiguous source match exists in the frozen Phase 1 source manifest,unknown,docs/audits/2026-07-20T175853-0400-round-80/cargo-draft/media-inventory.tsv; docs/audits/2026-07-20T175853-0400-round-80/freight/asset-manifest.csv,high,no unambiguous source match exists in the frozen Phase 1 source manifest; decoded pixel format yuv420p; Cargo library in_use=False; bodycopy reference is authoritative; rendered maxima imported from audit/assets/rendered-media-measurements.json
0d546da833c665f62019,video,home,wtw,wtw-07,unknown,https://freight.cargo.site/t/original/i/L3028243501517160988058665400121/wtw-grid-animation.mp4,https://freight.cargo.site/t/original/i/L3028243501517160988058665400121/wtw-grid-animation.mp4,observed in the Phase 1 Freight probe or captured bodycopy,L3028243501517160988058665400121,wtw-grid-animation.mp4,original,,1920,1080,896,504,1592.875,896,1.21x of measured requirement (height-limited; max observed DPR 3),mp4,video/mp4,no,poster=https://freight.cargo.site/t/original/i/P3031232719434489345381788858169/27-wtw-grid-animation-poster.jpg,near,true,home:video[data-src]/original,docs/audits/2026-07-20T175853-0400-round-80/local/source-manifest.tsv: no unambiguous source match exists in the frozen Phase 1 source manifest,unknown,docs/audits/2026-07-20T175853-0400-round-80/cargo-draft/media-inventory.tsv; docs/audits/2026-07-20T175853-0400-round-80/freight/asset-manifest.csv,high,no unambiguous source match exists in the frozen Phase 1 source manifest; decoded pixel format yuv420p; Cargo library in_use=False; bodycopy reference is authoritative; rendered maxima imported from audit/assets/rendered-media-measurements.json
5dc452a3e83f4386a853,video,home,wtw,wtw-05,unknown,https://freight.cargo.site/t/original/i/K3028243512603654176358105921337/wtw-grid-image.mp4,https://freight.cargo.site/t/original/i/K3028243512603654176358105921337/wtw-grid-image.mp4,observed in the Phase 1 Freight probe or captured bodycopy,K3028243512603654176358105921337,wtw-grid-image.mp4,original,,1080,1080,388.2,388.2,690.125,690.125,0.91x of measured requirement (width-limited; max observed DPR 3),mp4,video/mp4,no,poster=https://freight.cargo.site/t/original/i/S3031232692022627651849395156793/26-wtw-grid-image-poster.jpg,near,true,home:video[data-src]/original,docs/audits/2026-07-20T175853-0400-round-80/local/source-manifest.tsv: no unambiguous source match exists in the frozen Phase 1 source manifest,unknown,docs/audits/2026-07-20T175853-0400-round-80/cargo-draft/media-inventory.tsv; docs/audits/2026-07-20T175853-0400-round-80/freight/asset-manifest.csv,high,no unambiguous source match exists in the frozen Phase 1 source manifest; decoded pixel format yuv420p; Cargo library in_use=False; bodycopy reference is authoritative; rendered maxima imported from audit/assets/rendered-media-measurements.json
34a972256acb865ac48d,video,home,wtw,wtw-04,unknown,https://freight.cargo.site/t/original/i/J3028243826290537149789031151417/wtw-grid-logo.mp4,https://freight.cargo.site/t/original/i/J3028243826290537149789031151417/wtw-grid-logo.mp4,observed in the Phase 1 Freight probe or captured bodycopy,J3028243826290537149789031151417,wtw-grid-logo.mp4,original,,1080,1080,388.2,388.2,690.125,690.125,0.91x of measured requirement (width-limited; max observed DPR 3),mp4,video/mp4,no,poster=https://freight.cargo.site/t/original/i/P3031232663448621081673299703609/25-wtw-grid-logo-poster.jpg,near,true,home:video[data-src]/original,docs/audits/2026-07-20T175853-0400-round-80/local/source-manifest.tsv: no unambiguous source match exists in the frozen Phase 1 source manifest,unknown,docs/audits/2026-07-20T175853-0400-round-80/cargo-draft/media-inventory.tsv; docs/audits/2026-07-20T175853-0400-round-80/freight/asset-manifest.csv,high,no unambiguous source match exists in the frozen Phase 1 source manifest; decoded pixel format yuv420p; Cargo library in_use=False; bodycopy reference is authoritative; rendered maxima imported from audit/assets/rendered-media-measurements.json
f2d8269f6230932e8bd9,video,home,wtw,wtw-02,unknown,https://freight.cargo.site/t/original/i/U3028243848518863758609040848697/wtw-wordmark.mp4,https://freight.cargo.site/t/original/i/U3028243848518863758609040848697/wtw-wordmark.mp4,observed in the Phase 1 Freight probe or captured bodycopy,U3028243848518863758609040848697,wtw-wordmark.mp4,original,,1600,1600,765.2,765.2,896,896,1.35x of measured requirement (width-limited; max observed DPR 3),mp4,video/mp4,no,poster=https://freight.cargo.site/t/original/i/L3031232634561019862244141872953/24-wtw-wordmark-poster.jpg,near,true,home:video[data-src]/original,docs/audits/2026-07-20T175853-0400-round-80/local/source-manifest.tsv: no unambiguous source match exists in the frozen Phase 1 source manifest,unknown,docs/audits/2026-07-20T175853-0400-round-80/cargo-draft/media-inventory.tsv; docs/audits/2026-07-20T175853-0400-round-80/freight/asset-manifest.csv,high,no unambiguous source match exists in the frozen Phase 1 source manifest; decoded pixel format yuv420p; Cargo library in_use=False; bodycopy reference is authoritative; rendered maxima imported from audit/assets/rendered-media-measurements.json
1c21f642842a2d8c4a6a,video,who,who-alvis,,unknown,https://freight.cargo.site/t/original/i/M3033713145657796839429454214969/profile-cch.mp4,https://freight.cargo.site/t/original/i/M3033713145657796839429454214969/profile-cch.mp4,observed in the Phase 1 Freight probe or captured bodycopy,M3033713145657796839429454214969,profile-cch.mp4,original,,1200,1500,unknown,unknown,unknown,unknown,unknown,mp4,video/mp4,no,poster=https://freight.cargo.site/t/original/i/A3033712492901311047143260731193/profile-cch-poster.jpg,critical,true,who:video[data-src]/original,docs/audits/2026-07-20T175853-0400-round-80/local/source-manifest.tsv: no unambiguous source match exists in the frozen Phase 1 source manifest,unknown,docs/audits/2026-07-20T175853-0400-round-80/cargo-draft/media-inventory.tsv; docs/audits/2026-07-20T175853-0400-round-80/freight/asset-manifest.csv,high,no unambiguous source match exists in the frozen Phase 1 source manifest; decoded pixel format yuv420p; Cargo library in_use=False; bodycopy reference is authoritative
8a259ff45bc94183749d,video,who,who-ocean,,unknown,https://freight.cargo.site/t/original/i/W3033697092268086229249903081273/profile-chy.mp4,https://freight.cargo.site/t/original/i/W3033697092268086229249903081273/profile-chy.mp4,observed in the Phase 1 Freight probe or captured bodycopy,W3033697092268086229249903081273,profile-chy.mp4,original,,1200,1500,unknown,unknown,unknown,unknown,unknown,mp4,video/mp4,no,poster=https://freight.cargo.site/t/original/i/C3033703303563517008361575462713/profile-chy-poster.jpg,critical,true,who:video[data-src]/original,docs/audits/2026-07-20T175853-0400-round-80/local/source-manifest.tsv: no unambiguous source match exists in the frozen Phase 1 source manifest,unknown,docs/audits/2026-07-20T175853-0400-round-80/cargo-draft/media-inventory.tsv; docs/audits/2026-07-20T175853-0400-round-80/freight/asset-manifest.csv,high,no unambiguous source match exists in the frozen Phase 1 source manifest; decoded pixel format yuv420p; Cargo library in_use=False; bodycopy reference is authoritative
